2025-11-20T14:12:59.457759+00:00 mail dovecot: master: Dovecot v2.3.19.1 (9b53102964) starting up for imap, lmtp (core dumps disabled)
2025-11-20T14:13:01.652449+00:00 mail opendkim[627]: OpenDKIM Filter v2.11.0 starting (args: -f)
2025-11-20T14:13:02.234185+00:00 mail opendmarc[642]: OpenDMARC Filter v1.4.2 starting (args: -f -p inet:8893@localhost -P /var/run/opendmarc/opendmarc.pid)
2025-11-20T14:13:02.234251+00:00 mail opendmarc[642]: additional trusted authentication services: mail.localhost
2025-11-20T14:13:03.996822+00:00 mail postfix/postfix-script[739]: starting the Postfix mail system
2025-11-20T14:13:04.029654+00:00 mail postfix/master[740]: fatal: chmod socket private/smtpd: Invalid argument
2025-11-20T14:13:06.077396+00:00 mail amavis[691]: starting. /usr/sbin/amavisd at mail.localhost amavis-2.13.0 (20230106), Unicode aware, LC_CTYPE="C.UTF-8"
2025-11-20T14:13:06.077657+00:00 mail amavis[691]: perl=5.036000, user=, EUID: 999 (999);  group=(), EGID: 999 999 (999 999)
2025-11-20T14:13:06.186242+00:00 mail amavis[691]: Net::Server: Group Not Defined.  Defaulting to EGID '999 999'
2025-11-20T14:13:06.186398+00:00 mail amavis[691]: Net::Server: User Not Defined.  Defaulting to EUID '999'
2025-11-20T14:13:06.212598+00:00 mail amavis[691]: No ext program for   .zoo, tried: zoo
2025-11-20T14:13:06.212873+00:00 mail amavis[691]: No ext program for   .doc, tried: ripole
2025-11-20T14:13:06.215007+00:00 mail amavis[691]: No ext program for   .zst, tried: unzstd
2025-11-20T14:13:06.215124+00:00 mail amavis[691]: No decoder for       .F   
2025-11-20T14:13:06.215143+00:00 mail amavis[691]: No decoder for       .doc 
2025-11-20T14:13:06.215157+00:00 mail amavis[691]: No decoder for       .zoo 
2025-11-20T14:13:06.215172+00:00 mail amavis[691]: No decoder for       .zst 
2025-11-20T14:13:10.281844+00:00 mail postfix/postfix-script[854]: warning: not owned by postfix: /var/lib/postfix/./master.lock
2025-11-20T14:13:10.360740+00:00 mail postfix/postfix-script[865]: starting the Postfix mail system
2025-11-20T14:13:10.375654+00:00 mail postfix/master[866]: fatal: chmod socket private/smtpd: Invalid argument
2025-11-20T14:13:15.979641+00:00 mail postfix/postfix-script[944]: starting the Postfix mail system
2025-11-20T14:13:15.993326+00:00 mail postfix/master[945]: fatal: chmod socket private/smtpd: Invalid argument
2025-11-20T14:13:23.019141+00:00 mail postfix/postfix-script[1026]: starting the Postfix mail system
2025-11-20T14:13:23.056735+00:00 mail postfix/master[1027]: fatal: chmod socket private/smtpd: Invalid argument
2025-11-20T14:13:28.512136+00:00 mail postfix/postfix-script[1102]: starting the Postfix mail system
2025-11-20T14:13:28.528857+00:00 mail postfix/master[1103]: fatal: chmod socket private/smtpd: Invalid argument
2025-11-20T14:13:34.629153+00:00 mail postfix/postfix-script[1181]: starting the Postfix mail system
2025-11-20T14:13:34.645841+00:00 mail postfix/master[1182]: fatal: chmod socket private/smtpd: Invalid argument
2025-11-20T14:13:40.615532+00:00 mail dovecot: imap-login: Login: user=<test-verify@localhost>, method=PLAIN, rip=151.101.130.132, lip=172.21.0.4, mpid=1229, session=<EI3GTQdEzY2XZYKE>
2025-11-20T14:13:40.649674+00:00 mail dovecot: imap(test-verify@localhost)<1229><EI3GTQdEzY2XZYKE>: Disconnected: Logged out in=55 out=705 deleted=0 expunged=0 trashed=0 hdr_count=0 hdr_bytes=0 body_count=0 body_bytes=0
2025-11-20T14:13:41.011905+00:00 mail postfix/postfix-script[1266]: starting the Postfix mail system
2025-11-20T14:13:41.035030+00:00 mail postfix/master[1267]: fatal: chmod socket private/smtpd: Invalid argument
2025-11-20T14:13:45.997127+00:00 mail postfix/postfix-script[1342]: starting the Postfix mail system
2025-11-20T14:13:46.012322+00:00 mail postfix/master[1343]: fatal: chmod socket private/smtpd: Invalid argument
2025-11-20T14:13:52.171619+00:00 mail postfix/postfix-script[1421]: starting the Postfix mail system
2025-11-20T14:13:52.185207+00:00 mail postfix/master[1422]: fatal: chmod socket private/smtpd: Invalid argument
2025-11-20T14:14:01.734405+00:00 mail postfix/postfix-script[1503]: starting the Postfix mail system
2025-11-20T14:14:01.771126+00:00 mail postfix/master[1505]: fatal: chmod socket private/smtpd: Invalid argument
2025-11-20T14:14:06.871214+00:00 mail postfix/postfix-script[1582]: starting the Postfix mail system
2025-11-20T14:14:06.884691+00:00 mail postfix/master[1583]: fatal: chmod socket private/smtpd: Invalid argument
2025-11-20T14:14:13.052083+00:00 mail postfix/postfix-script[1661]: starting the Postfix mail system
2025-11-20T14:14:13.069963+00:00 mail postfix/master[1662]: fatal: chmod socket private/smtpd: Invalid argument
2025-11-20T14:14:19.400393+00:00 mail postfix/postfix-script[1740]: starting the Postfix mail system
2025-11-20T14:14:19.411906+00:00 mail postfix/master[1741]: fatal: chmod socket private/smtpd: Invalid argument
2025-11-20T14:14:25.508947+00:00 mail postfix/postfix-script[1819]: starting the Postfix mail system
2025-11-20T14:14:25.519734+00:00 mail postfix/master[1820]: fatal: chmod socket private/smtpd: Invalid argument
2025-11-20T14:14:31.542503+00:00 mail postfix/postfix-script[1898]: starting the Postfix mail system
2025-11-20T14:14:31.553967+00:00 mail postfix/master[1899]: fatal: chmod socket private/smtpd: Invalid argument
2025-11-20T14:14:38.084630+00:00 mail postfix/postfix-script[1980]: starting the Postfix mail system
2025-11-20T14:14:38.096149+00:00 mail postfix/master[1981]: fatal: chmod socket private/smtpd: Invalid argument
2025-11-20T14:14:43.840668+00:00 mail postfix/postfix-script[2056]: starting the Postfix mail system
2025-11-20T14:14:43.850898+00:00 mail postfix/master[2057]: fatal: chmod socket private/smtpd: Invalid argument
2025-11-20T14:14:49.920575+00:00 mail postfix/postfix-script[2135]: starting the Postfix mail system
2025-11-20T14:14:49.929965+00:00 mail postfix/master[2136]: fatal: chmod socket private/smtpd: Invalid argument
2025-11-20T14:14:55.961737+00:00 mail postfix/postfix-script[2214]: starting the Postfix mail system
2025-11-20T14:14:55.970214+00:00 mail postfix/master[2215]: fatal: chmod socket private/smtpd: Invalid argument
2025-11-21T04:37:19.594376+00:00 mail dovecot: master: Dovecot v2.3.19.1 (9b53102964) starting up for imap, lmtp (core dumps disabled)
2025-11-21T04:37:20.129289+00:00 mail opendkim[204]: OpenDKIM Filter v2.11.0 starting (args: -f)
2025-11-21T04:37:20.368682+00:00 mail opendmarc[213]: OpenDMARC Filter v1.4.2 starting (args: -f -p inet:8893@localhost -P /var/run/opendmarc/opendmarc.pid)
2025-11-21T04:37:20.368718+00:00 mail opendmarc[213]: additional trusted authentication services: mail.localhost
2025-11-21T04:37:21.038953+00:00 mail postfix/postfix-script[308]: starting the Postfix mail system
2025-11-21T04:37:21.047388+00:00 mail postfix/master[309]: fatal: chmod socket private/smtpd: Invalid argument
2025-11-21T04:37:21.703661+00:00 mail amavis[263]: starting. /usr/sbin/amavisd at mail.localhost amavis-2.13.0 (20230106), Unicode aware, LC_CTYPE="C.UTF-8"
2025-11-21T04:37:21.703714+00:00 mail amavis[263]: perl=5.036000, user=, EUID: 999 (999);  group=(), EGID: 999 999 (999 999)
2025-11-21T04:37:21.763840+00:00 mail amavis[263]: Net::Server: Group Not Defined.  Defaulting to EGID '999 999'
2025-11-21T04:37:21.763897+00:00 mail amavis[263]: Net::Server: User Not Defined.  Defaulting to EUID '999'
2025-11-21T04:37:21.775086+00:00 mail amavis[263]: No ext program for   .zoo, tried: zoo
2025-11-21T04:37:21.775215+00:00 mail amavis[263]: No ext program for   .doc, tried: ripole
2025-11-21T04:37:21.775755+00:00 mail amavis[263]: No ext program for   .zst, tried: unzstd
2025-11-21T04:37:21.775804+00:00 mail amavis[263]: No decoder for       .F   
2025-11-21T04:37:21.775813+00:00 mail amavis[263]: No decoder for       .doc 
2025-11-21T04:37:21.775821+00:00 mail amavis[263]: No decoder for       .zoo 
2025-11-21T04:37:21.775828+00:00 mail amavis[263]: No decoder for       .zst 
2025-11-21T04:37:26.974264+00:00 mail postfix/postfix-script[433]: starting the Postfix mail system
2025-11-21T04:37:26.979635+00:00 mail postfix/master[434]: fatal: chmod socket private/smtpd: Invalid argument
2025-11-21T04:37:33.071833+00:00 mail postfix/postfix-script[512]: starting the Postfix mail system
2025-11-21T04:37:33.077225+00:00 mail postfix/master[513]: fatal: chmod socket private/smtpd: Invalid argument
2025-11-21T04:37:35.250006+00:00 mail dovecot: imap-login: Login: user=<test-verify@localhost>, method=PLAIN, rip=172.21.0.1, lip=172.21.0.2, mpid=522, session=<FqNcXxNEGP6sFQAB>
2025-11-21T04:37:35.267920+00:00 mail dovecot: imap(test-verify@localhost)<522><FqNcXxNEGP6sFQAB>: Disconnected: Logged out in=55 out=705 deleted=0 expunged=0 trashed=0 hdr_count=0 hdr_bytes=0 body_count=0 body_bytes=0
2025-11-21T04:37:39.146168+00:00 mail postfix/postfix-script[594]: starting the Postfix mail system
2025-11-21T04:37:39.151878+00:00 mail postfix/master[595]: fatal: chmod socket private/smtpd: Invalid argument
2025-11-21T04:37:45.184399+00:00 mail postfix/postfix-script[673]: starting the Postfix mail system
2025-11-21T04:37:45.189933+00:00 mail postfix/master[674]: fatal: chmod socket private/smtpd: Invalid argument
2025-11-21T04:37:51.252157+00:00 mail postfix/postfix-script[752]: starting the Postfix mail system
2025-11-21T04:37:51.257688+00:00 mail postfix/master[753]: fatal: chmod socket private/smtpd: Invalid argument
2025-11-21T04:37:57.327308+00:00 mail postfix/postfix-script[834]: starting the Postfix mail system
2025-11-21T04:37:57.332915+00:00 mail postfix/master[835]: fatal: chmod socket private/smtpd: Invalid argument
2025-11-21T04:38:03.409610+00:00 mail postfix/postfix-script[913]: starting the Postfix mail system
2025-11-21T04:38:03.415109+00:00 mail postfix/master[914]: fatal: chmod socket private/smtpd: Invalid argument
2025-11-21T04:38:09.480689+00:00 mail postfix/postfix-script[992]: starting the Postfix mail system
2025-11-21T04:38:09.488693+00:00 mail postfix/master[993]: fatal: chmod socket private/smtpd: Invalid argument
2025-11-21T04:38:15.557581+00:00 mail postfix/postfix-script[1071]: starting the Postfix mail system
2025-11-21T04:38:15.562493+00:00 mail postfix/master[1072]: fatal: chmod socket private/smtpd: Invalid argument
2025-11-21T04:38:21.632418+00:00 mail postfix/postfix-script[1150]: starting the Postfix mail system
2025-11-21T04:38:21.637544+00:00 mail postfix/master[1151]: fatal: chmod socket private/smtpd: Invalid argument
2025-11-21T04:38:27.728708+00:00 mail postfix/postfix-script[1229]: starting the Postfix mail system
2025-11-21T04:38:27.735486+00:00 mail postfix/master[1230]: fatal: chmod socket private/smtpd: Invalid argument
2025-11-21T04:38:33.790815+00:00 mail postfix/postfix-script[1308]: starting the Postfix mail system
2025-11-21T04:38:33.796302+00:00 mail postfix/master[1309]: fatal: chmod socket private/smtpd: Invalid argument
2025-11-21T04:38:39.863953+00:00 mail postfix/postfix-script[1387]: starting the Postfix mail system
2025-11-21T04:38:39.869006+00:00 mail postfix/master[1388]: fatal: chmod socket private/smtpd: Invalid argument
2025-11-21T04:38:45.988498+00:00 mail postfix/postfix-script[1466]: starting the Postfix mail system
2025-11-21T04:38:45.993757+00:00 mail postfix/master[1467]: fatal: chmod socket private/smtpd: Invalid argument
2025-11-21T04:38:52.039422+00:00 mail postfix/postfix-script[1545]: starting the Postfix mail system
2025-11-21T04:38:52.044662+00:00 mail postfix/master[1546]: fatal: chmod socket private/smtpd: Invalid argument
2025-11-21T04:38:58.128471+00:00 mail postfix/postfix-script[1624]: starting the Postfix mail system
2025-11-21T04:38:58.134917+00:00 mail postfix/master[1625]: fatal: chmod socket private/smtpd: Invalid argument
2025-11-21T04:39:04.231904+00:00 mail postfix/postfix-script[1703]: starting the Postfix mail system
2025-11-21T04:39:04.239437+00:00 mail postfix/master[1704]: fatal: chmod socket private/smtpd: Invalid argument
2025-11-21T04:39:10.278004+00:00 mail postfix/postfix-script[1782]: starting the Postfix mail system
2025-11-21T04:39:10.284238+00:00 mail postfix/master[1783]: fatal: chmod socket private/smtpd: Invalid argument
2025-11-21T04:39:16.355311+00:00 mail postfix/postfix-script[1861]: starting the Postfix mail system
2025-11-21T04:39:16.361693+00:00 mail postfix/master[1862]: fatal: chmod socket private/smtpd: Invalid argument
2025-11-21T04:39:22.533052+00:00 mail postfix/postfix-script[1940]: starting the Postfix mail system
2025-11-21T04:39:22.541379+00:00 mail postfix/master[1941]: fatal: chmod socket private/smtpd: Invalid argument
2025-11-21T04:39:28.561499+00:00 mail postfix/postfix-script[2019]: starting the Postfix mail system
2025-11-21T04:39:28.567646+00:00 mail postfix/master[2020]: fatal: chmod socket private/smtpd: Invalid argument
2025-11-21T04:39:34.564446+00:00 mail postfix/postfix-script[2098]: starting the Postfix mail system
2025-11-21T04:39:34.569754+00:00 mail postfix/master[2099]: fatal: chmod socket private/smtpd: Invalid argument
2025-11-21T04:39:40.690953+00:00 mail postfix/postfix-script[2177]: starting the Postfix mail system
2025-11-21T04:39:40.695910+00:00 mail postfix/master[2178]: fatal: chmod socket private/smtpd: Invalid argument
2025-11-21T04:39:46.718944+00:00 mail postfix/postfix-script[2256]: starting the Postfix mail system
2025-11-21T04:39:46.723999+00:00 mail postfix/master[2257]: fatal: chmod socket private/smtpd: Invalid argument
2025-11-21T04:39:52.796274+00:00 mail postfix/postfix-script[2335]: starting the Postfix mail system
2025-11-21T04:39:52.801347+00:00 mail postfix/master[2336]: fatal: chmod socket private/smtpd: Invalid argument
2025-11-21T04:39:58.873996+00:00 mail postfix/postfix-script[2414]: starting the Postfix mail system
2025-11-21T04:39:58.879023+00:00 mail postfix/master[2415]: fatal: chmod socket private/smtpd: Invalid argument
2025-11-21T04:40:04.942762+00:00 mail postfix/postfix-script[2493]: starting the Postfix mail system
2025-11-21T04:40:04.947824+00:00 mail postfix/master[2494]: fatal: chmod socket private/smtpd: Invalid argument
2025-11-21T04:40:11.021671+00:00 mail postfix/postfix-script[2572]: starting the Postfix mail system
2025-11-21T04:40:11.026754+00:00 mail postfix/master[2573]: fatal: chmod socket private/smtpd: Invalid argument
2025-11-21T04:40:17.097838+00:00 mail postfix/postfix-script[2651]: starting the Postfix mail system
2025-11-21T04:40:17.102694+00:00 mail postfix/master[2652]: fatal: chmod socket private/smtpd: Invalid argument
2025-11-21T04:40:23.371395+00:00 mail postfix/postfix-script[2730]: starting the Postfix mail system
2025-11-21T04:40:23.379674+00:00 mail postfix/master[2731]: fatal: chmod socket private/smtpd: Invalid argument
2025-11-21T04:40:29.830068+00:00 mail postfix/postfix-script[2809]: starting the Postfix mail system
2025-11-21T04:40:29.844823+00:00 mail postfix/master[2810]: fatal: chmod socket private/smtpd: Invalid argument
2025-11-21T04:40:36.188931+00:00 mail postfix/postfix-script[2891]: starting the Postfix mail system
2025-11-21T04:40:36.197886+00:00 mail postfix/master[2892]: fatal: chmod socket private/smtpd: Invalid argument
2025-11-21T04:40:42.200935+00:00 mail postfix/postfix-script[2967]: starting the Postfix mail system
2025-11-21T04:40:42.212870+00:00 mail postfix/master[2968]: fatal: chmod socket private/smtpd: Invalid argument
2025-11-21T04:40:48.022750+00:00 mail postfix/postfix-script[3046]: starting the Postfix mail system
2025-11-21T04:40:48.030241+00:00 mail postfix/master[3047]: fatal: chmod socket private/smtpd: Invalid argument
2025-11-21T04:40:54.111819+00:00 mail postfix/postfix-script[3125]: starting the Postfix mail system
2025-11-21T04:40:54.119342+00:00 mail postfix/master[3126]: fatal: chmod socket private/smtpd: Invalid argument
2025-11-21T04:41:00.216633+00:00 mail postfix/postfix-script[3204]: starting the Postfix mail system
2025-11-21T04:41:00.224869+00:00 mail postfix/master[3205]: fatal: chmod socket private/smtpd: Invalid argument
2025-11-21T04:41:06.309228+00:00 mail postfix/postfix-script[3283]: starting the Postfix mail system
2025-11-21T04:41:06.316876+00:00 mail postfix/master[3284]: fatal: chmod socket private/smtpd: Invalid argument
2025-11-21T04:41:12.493304+00:00 mail postfix/postfix-script[3365]: starting the Postfix mail system
2025-11-21T04:41:12.500422+00:00 mail postfix/master[3366]: fatal: chmod socket private/smtpd: Invalid argument
2025-11-21T04:41:18.572214+00:00 mail postfix/postfix-script[3444]: starting the Postfix mail system
2025-11-21T04:41:18.580234+00:00 mail postfix/master[3445]: fatal: chmod socket private/smtpd: Invalid argument
2025-11-21T04:41:24.672664+00:00 mail postfix/postfix-script[3523]: starting the Postfix mail system
2025-11-21T04:41:24.683367+00:00 mail postfix/master[3524]: fatal: chmod socket private/smtpd: Invalid argument
2025-11-21T04:41:30.735300+00:00 mail postfix/postfix-script[3602]: starting the Postfix mail system
2025-11-21T04:41:30.743209+00:00 mail postfix/master[3603]: fatal: chmod socket private/smtpd: Invalid argument
2025-11-21T04:41:36.864868+00:00 mail postfix/postfix-script[3681]: starting the Postfix mail system
2025-11-21T04:41:36.873602+00:00 mail postfix/master[3682]: fatal: chmod socket private/smtpd: Invalid argument
2025-11-21T04:41:42.940148+00:00 mail postfix/postfix-script[3760]: starting the Postfix mail system
2025-11-21T04:41:42.947594+00:00 mail postfix/master[3761]: fatal: chmod socket private/smtpd: Invalid argument
2025-11-21T04:41:49.175095+00:00 mail postfix/postfix-script[3839]: starting the Postfix mail system
2025-11-21T04:41:49.182895+00:00 mail postfix/master[3840]: fatal: chmod socket private/smtpd: Invalid argument
2025-11-21T04:41:55.228061+00:00 mail postfix/postfix-script[3918]: starting the Postfix mail system
2025-11-21T04:41:55.237080+00:00 mail postfix/master[3919]: fatal: chmod socket private/smtpd: Invalid argument
2025-11-21T04:42:01.494763+00:00 mail postfix/postfix-script[3997]: starting the Postfix mail system
2025-11-21T04:42:01.505812+00:00 mail postfix/master[3998]: fatal: chmod socket private/smtpd: Invalid argument
2025-11-21T04:42:07.516481+00:00 mail postfix/postfix-script[4076]: starting the Postfix mail system
2025-11-21T04:42:07.525690+00:00 mail postfix/master[4077]: fatal: chmod socket private/smtpd: Invalid argument
2025-11-21T04:42:13.689846+00:00 mail postfix/postfix-script[4155]: starting the Postfix mail system
2025-11-21T04:42:13.705570+00:00 mail postfix/master[4156]: fatal: chmod socket private/smtpd: Invalid argument
2025-11-21T04:42:19.946698+00:00 mail postfix/postfix-script[4234]: starting the Postfix mail system
2025-11-21T04:42:19.962027+00:00 mail postfix/master[4235]: fatal: chmod socket private/smtpd: Invalid argument
2025-11-21T04:42:25.948465+00:00 mail postfix/postfix-script[4313]: starting the Postfix mail system
2025-11-21T04:42:25.957862+00:00 mail postfix/master[4314]: fatal: chmod socket private/smtpd: Invalid argument
2025-11-21T04:42:32.241183+00:00 mail postfix/postfix-script[4392]: starting the Postfix mail system
2025-11-21T04:42:32.250025+00:00 mail postfix/master[4393]: fatal: chmod socket private/smtpd: Invalid argument
2025-11-21T04:42:38.386908+00:00 mail postfix/postfix-script[4471]: starting the Postfix mail system
2025-11-21T04:42:38.404223+00:00 mail postfix/master[4472]: fatal: chmod socket private/smtpd: Invalid argument
2025-11-21T04:42:44.523564+00:00 mail postfix/postfix-script[4550]: starting the Postfix mail system
2025-11-21T04:42:44.538561+00:00 mail postfix/master[4551]: fatal: chmod socket private/smtpd: Invalid argument
2025-11-21T04:42:50.570190+00:00 mail postfix/postfix-script[4629]: starting the Postfix mail system
2025-11-21T04:42:50.584614+00:00 mail postfix/master[4630]: fatal: chmod socket private/smtpd: Invalid argument
2025-11-21T04:42:56.719508+00:00 mail postfix/postfix-script[4708]: starting the Postfix mail system
2025-11-21T04:42:56.730563+00:00 mail postfix/master[4709]: fatal: chmod socket private/smtpd: Invalid argument
2025-11-21T04:43:02.805194+00:00 mail postfix/postfix-script[4787]: starting the Postfix mail system
2025-11-21T04:43:02.818842+00:00 mail postfix/master[4788]: fatal: chmod socket private/smtpd: Invalid argument
2025-11-21T04:43:08.874170+00:00 mail postfix/postfix-script[4866]: starting the Postfix mail system
2025-11-21T04:43:08.883531+00:00 mail postfix/master[4867]: fatal: chmod socket private/smtpd: Invalid argument
2025-11-21T04:43:16.482178+00:00 mail postfix/postfix-script[4948]: starting the Postfix mail system
2025-11-21T04:43:16.494339+00:00 mail postfix/master[4949]: fatal: chmod socket private/smtpd: Invalid argument
2025-11-21T04:43:22.881382+00:00 mail postfix/postfix-script[5027]: starting the Postfix mail system
2025-11-21T04:43:22.924441+00:00 mail postfix/master[5028]: fatal: chmod socket private/smtpd: Invalid argument
2025-11-21T04:43:28.710194+00:00 mail postfix/postfix-script[5106]: starting the Postfix mail system
2025-11-21T04:43:28.728172+00:00 mail postfix/master[5107]: fatal: chmod socket private/smtpd: Invalid argument
2025-11-21T04:43:34.953553+00:00 mail postfix/postfix-script[5185]: starting the Postfix mail system
2025-11-21T04:43:34.973663+00:00 mail postfix/master[5186]: fatal: chmod socket private/smtpd: Invalid argument
2025-11-21T04:43:41.650002+00:00 mail postfix/postfix-script[5265]: starting the Postfix mail system
2025-11-21T04:43:41.665836+00:00 mail postfix/master[5268]: fatal: chmod socket private/smtpd: Invalid argument
2025-11-21T04:43:48.272763+00:00 mail postfix/postfix-script[5346]: starting the Postfix mail system
2025-11-21T04:43:48.300063+00:00 mail postfix/master[5347]: fatal: chmod socket private/smtpd: Invalid argument
2025-11-21T04:43:54.222729+00:00 mail postfix/postfix-script[5425]: starting the Postfix mail system
2025-11-21T04:43:54.241824+00:00 mail postfix/master[5426]: fatal: chmod socket private/smtpd: Invalid argument
2025-11-21T04:43:59.843386+00:00 mail postfix/postfix-script[5501]: starting the Postfix mail system
2025-11-21T04:43:59.851339+00:00 mail postfix/master[5502]: fatal: chmod socket private/smtpd: Invalid argument
2025-11-21T04:44:05.931901+00:00 mail postfix/postfix-script[5583]: starting the Postfix mail system
2025-11-21T04:44:05.939599+00:00 mail postfix/master[5584]: fatal: chmod socket private/smtpd: Invalid argument
2025-11-21T04:44:11.966847+00:00 mail postfix/postfix-script[5662]: starting the Postfix mail system
2025-11-21T04:44:11.973170+00:00 mail postfix/master[5663]: fatal: chmod socket private/smtpd: Invalid argument
2025-11-21T04:44:18.017439+00:00 mail postfix/postfix-script[5741]: starting the Postfix mail system
2025-11-21T04:44:18.024037+00:00 mail postfix/master[5742]: fatal: chmod socket private/smtpd: Invalid argument
2025-11-21T04:44:24.208916+00:00 mail postfix/postfix-script[5820]: starting the Postfix mail system
2025-11-21T04:44:24.217850+00:00 mail postfix/master[5821]: fatal: chmod socket private/smtpd: Invalid argument
2025-11-21T04:44:30.300875+00:00 mail postfix/postfix-script[5899]: starting the Postfix mail system
2025-11-21T04:44:30.322453+00:00 mail postfix/master[5900]: fatal: chmod socket private/smtpd: Invalid argument
2025-11-21T04:44:37.275448+00:00 mail postfix/postfix-script[5978]: starting the Postfix mail system
2025-11-21T04:44:37.321510+00:00 mail postfix/master[5979]: fatal: chmod socket private/smtpd: Invalid argument
2025-11-21T04:44:43.545093+00:00 mail postfix/postfix-script[6057]: starting the Postfix mail system
2025-11-21T04:44:43.579230+00:00 mail postfix/master[6058]: fatal: chmod socket private/smtpd: Invalid argument
2025-11-21T04:44:50.269999+00:00 mail postfix/postfix-script[6136]: starting the Postfix mail system
2025-11-21T04:44:50.291615+00:00 mail postfix/master[6137]: fatal: chmod socket private/smtpd: Invalid argument
2025-11-21T04:44:56.904044+00:00 mail postfix/postfix-script[6218]: starting the Postfix mail system
2025-11-21T04:44:56.925064+00:00 mail postfix/master[6219]: fatal: chmod socket private/smtpd: Invalid argument
2025-11-21T04:45:03.587736+00:00 mail postfix/postfix-script[6297]: starting the Postfix mail system
2025-11-21T04:45:03.624327+00:00 mail postfix/master[6298]: fatal: chmod socket private/smtpd: Invalid argument
2025-11-21T04:45:09.190334+00:00 mail postfix/postfix-script[6376]: starting the Postfix mail system
2025-11-21T04:45:09.204474+00:00 mail postfix/master[6377]: fatal: chmod socket private/smtpd: Invalid argument
2025-11-21T04:45:15.385439+00:00 mail postfix/postfix-script[6455]: starting the Postfix mail system
2025-11-21T04:45:15.401452+00:00 mail postfix/master[6456]: fatal: chmod socket private/smtpd: Invalid argument
2025-11-21T04:45:21.611516+00:00 mail postfix/postfix-script[6534]: starting the Postfix mail system
2025-11-21T04:45:21.623548+00:00 mail postfix/master[6535]: fatal: chmod socket private/smtpd: Invalid argument
2025-11-21T04:45:27.692257+00:00 mail postfix/postfix-script[6613]: starting the Postfix mail system
2025-11-21T04:45:27.703235+00:00 mail postfix/master[6614]: fatal: chmod socket private/smtpd: Invalid argument
2025-11-21T04:45:33.593403+00:00 mail postfix/postfix-script[6692]: starting the Postfix mail system
2025-11-21T04:45:33.603951+00:00 mail postfix/master[6693]: fatal: chmod socket private/smtpd: Invalid argument
2025-11-21T04:45:39.649897+00:00 mail postfix/postfix-script[6771]: starting the Postfix mail system
2025-11-21T04:45:39.655362+00:00 mail postfix/master[6772]: fatal: chmod socket private/smtpd: Invalid argument
2025-11-21T04:45:45.704180+00:00 mail postfix/postfix-script[6850]: starting the Postfix mail system
2025-11-21T04:45:45.709932+00:00 mail postfix/master[6851]: fatal: chmod socket private/smtpd: Invalid argument
2025-11-21T04:45:51.828478+00:00 mail postfix/postfix-script[6929]: starting the Postfix mail system
2025-11-21T04:45:51.833606+00:00 mail postfix/master[6930]: fatal: chmod socket private/smtpd: Invalid argument
2025-11-21T04:45:57.865409+00:00 mail postfix/postfix-script[7008]: starting the Postfix mail system
2025-11-21T04:45:57.870298+00:00 mail postfix/master[7009]: fatal: chmod socket private/smtpd: Invalid argument
2025-11-21T04:46:04.302682+00:00 mail postfix/postfix-script[7087]: starting the Postfix mail system
2025-11-21T04:46:04.310826+00:00 mail postfix/master[7088]: fatal: chmod socket private/smtpd: Invalid argument
2025-11-21T04:46:10.123385+00:00 mail postfix/postfix-script[7166]: starting the Postfix mail system
2025-11-21T04:46:10.131846+00:00 mail postfix/master[7167]: fatal: chmod socket private/smtpd: Invalid argument
2025-11-21T04:46:16.231835+00:00 mail postfix/postfix-script[7245]: starting the Postfix mail system
2025-11-21T04:46:16.240776+00:00 mail postfix/master[7246]: fatal: chmod socket private/smtpd: Invalid argument
2025-11-21T04:46:22.236021+00:00 mail postfix/postfix-script[7324]: starting the Postfix mail system
2025-11-21T04:46:22.243535+00:00 mail postfix/master[7325]: fatal: chmod socket private/smtpd: Invalid argument
2025-11-21T04:46:30.208423+00:00 mail postfix/postfix-script[7406]: starting the Postfix mail system
2025-11-21T04:46:30.260813+00:00 mail postfix/master[7407]: fatal: chmod socket private/smtpd: Invalid argument
2025-11-21T04:46:36.254590+00:00 mail postfix/postfix-script[7485]: starting the Postfix mail system
2025-11-21T04:46:36.280009+00:00 mail postfix/master[7486]: fatal: chmod socket private/smtpd: Invalid argument
2025-11-21T04:46:42.400092+00:00 mail postfix/postfix-script[7564]: starting the Postfix mail system
2025-11-21T04:46:42.406892+00:00 mail postfix/master[7565]: fatal: chmod socket private/smtpd: Invalid argument
2025-11-21T04:46:47.804540+00:00 mail postfix/postfix-script[7643]: starting the Postfix mail system
2025-11-21T04:46:47.810373+00:00 mail postfix/master[7644]: fatal: chmod socket private/smtpd: Invalid argument
2025-11-21T04:46:53.891637+00:00 mail postfix/postfix-script[7722]: starting the Postfix mail system
2025-11-21T04:46:53.898735+00:00 mail postfix/master[7723]: fatal: chmod socket private/smtpd: Invalid argument
2025-11-21T04:46:59.929237+00:00 mail postfix/postfix-script[7801]: starting the Postfix mail system
2025-11-21T04:46:59.934553+00:00 mail postfix/master[7802]: fatal: chmod socket private/smtpd: Invalid argument
2025-11-21T04:47:07.364115+00:00 mail postfix/postfix-script[7880]: starting the Postfix mail system
2025-11-21T04:47:07.406334+00:00 mail postfix/master[7881]: fatal: chmod socket private/smtpd: Invalid argument
2025-11-21T04:47:13.702950+00:00 mail postfix/postfix-script[7959]: starting the Postfix mail system
2025-11-21T04:47:13.730225+00:00 mail postfix/master[7960]: fatal: chmod socket private/smtpd: Invalid argument
2025-11-21T04:47:20.248799+00:00 mail postfix/postfix-script[8041]: starting the Postfix mail system
2025-11-21T04:47:20.273052+00:00 mail postfix/master[8042]: fatal: chmod socket private/smtpd: Invalid argument
2025-11-21T04:47:26.245451+00:00 mail postfix/postfix-script[8120]: starting the Postfix mail system
2025-11-21T04:47:26.269742+00:00 mail postfix/master[8121]: fatal: chmod socket private/smtpd: Invalid argument
2025-11-21T04:47:32.907390+00:00 mail postfix/postfix-script[8199]: starting the Postfix mail system
2025-11-21T04:47:32.937453+00:00 mail postfix/master[8200]: fatal: chmod socket private/smtpd: Invalid argument
2025-11-21T04:47:39.365322+00:00 mail postfix/postfix-script[8278]: starting the Postfix mail system
2025-11-21T04:47:39.385225+00:00 mail postfix/master[8279]: fatal: chmod socket private/smtpd: Invalid argument
2025-11-21T04:47:44.887270+00:00 mail postfix/postfix-script[8357]: starting the Postfix mail system
2025-11-21T04:47:44.909783+00:00 mail postfix/master[8358]: fatal: chmod socket private/smtpd: Invalid argument
2025-11-21T04:47:52.484899+00:00 mail postfix/postfix-script[8436]: starting the Postfix mail system
2025-11-21T04:47:52.528357+00:00 mail postfix/master[8439]: fatal: chmod socket private/smtpd: Invalid argument
2025-11-21T04:47:57.614953+00:00 mail postfix/postfix-script[8515]: starting the Postfix mail system
2025-11-21T04:47:57.629638+00:00 mail postfix/master[8516]: fatal: chmod socket private/smtpd: Invalid argument
2025-11-21T04:48:03.140074+00:00 mail postfix/postfix-script[8594]: starting the Postfix mail system
2025-11-21T04:48:03.146499+00:00 mail postfix/master[8595]: fatal: chmod socket private/smtpd: Invalid argument
2025-11-21T04:48:09.212233+00:00 mail postfix/postfix-script[8673]: starting the Postfix mail system
2025-11-21T04:48:09.218108+00:00 mail postfix/master[8674]: fatal: chmod socket private/smtpd: Invalid argument
2025-11-21T04:48:15.308899+00:00 mail postfix/postfix-script[8752]: starting the Postfix mail system
2025-11-21T04:48:15.315369+00:00 mail postfix/master[8753]: fatal: chmod socket private/smtpd: Invalid argument
2025-11-21T04:48:23.465301+00:00 mail postfix/postfix-script[8834]: starting the Postfix mail system
2025-11-21T04:48:23.487011+00:00 mail postfix/master[8835]: fatal: chmod socket private/smtpd: Invalid argument
2025-11-21T04:48:28.268719+00:00 mail postfix/postfix-script[8910]: starting the Postfix mail system
2025-11-21T04:48:28.275520+00:00 mail postfix/master[8911]: fatal: chmod socket private/smtpd: Invalid argument
2025-11-21T04:48:34.387726+00:00 mail postfix/postfix-script[8989]: starting the Postfix mail system
2025-11-21T04:48:34.394339+00:00 mail postfix/master[8990]: fatal: chmod socket private/smtpd: Invalid argument
2025-11-21T04:48:41.613957+00:00 mail postfix/postfix-script[9071]: starting the Postfix mail system
2025-11-21T04:48:41.637125+00:00 mail postfix/master[9072]: fatal: chmod socket private/smtpd: Invalid argument
2025-11-21T04:48:46.679640+00:00 mail postfix/postfix-script[9147]: starting the Postfix mail system
2025-11-21T04:48:46.685234+00:00 mail postfix/master[9148]: fatal: chmod socket private/smtpd: Invalid argument
2025-11-21T04:48:52.793502+00:00 mail postfix/postfix-script[9226]: starting the Postfix mail system
2025-11-21T04:48:52.799210+00:00 mail postfix/master[9227]: fatal: chmod socket private/smtpd: Invalid argument
2025-11-21T04:48:58.830674+00:00 mail postfix/postfix-script[9305]: starting the Postfix mail system
2025-11-21T04:48:58.836126+00:00 mail postfix/master[9306]: fatal: chmod socket private/smtpd: Invalid argument
2025-11-21T04:49:04.903219+00:00 mail postfix/postfix-script[9384]: starting the Postfix mail system
2025-11-21T04:49:04.909056+00:00 mail postfix/master[9385]: fatal: chmod socket private/smtpd: Invalid argument
2025-11-21T04:49:10.997300+00:00 mail postfix/postfix-script[9463]: starting the Postfix mail system
2025-11-21T04:49:11.006562+00:00 mail postfix/master[9464]: fatal: chmod socket private/smtpd: Invalid argument
2025-11-21T04:49:17.178319+00:00 mail postfix/postfix-script[9542]: starting the Postfix mail system
2025-11-21T04:49:17.186030+00:00 mail postfix/master[9543]: fatal: chmod socket private/smtpd: Invalid argument
2025-11-21T04:49:23.131899+00:00 mail postfix/postfix-script[9621]: starting the Postfix mail system
2025-11-21T04:49:23.137243+00:00 mail postfix/master[9622]: fatal: chmod socket private/smtpd: Invalid argument
2025-11-21T04:49:29.202805+00:00 mail postfix/postfix-script[9700]: starting the Postfix mail system
2025-11-21T04:49:29.207752+00:00 mail postfix/master[9701]: fatal: chmod socket private/smtpd: Invalid argument
2025-11-21T04:49:35.297600+00:00 mail postfix/postfix-script[9779]: starting the Postfix mail system
2025-11-21T04:49:35.303261+00:00 mail postfix/master[9780]: fatal: chmod socket private/smtpd: Invalid argument
2025-11-21T04:49:41.371502+00:00 mail postfix/postfix-script[9861]: starting the Postfix mail system
2025-11-21T04:49:41.376732+00:00 mail postfix/master[9862]: fatal: chmod socket private/smtpd: Invalid argument
2025-11-21T04:49:48.197209+00:00 mail postfix/postfix-script[9940]: starting the Postfix mail system
2025-11-21T04:49:48.208163+00:00 mail postfix/master[9941]: fatal: chmod socket private/smtpd: Invalid argument
2025-11-21T04:49:53.871146+00:00 mail postfix/postfix-script[10019]: starting the Postfix mail system
2025-11-21T04:49:53.877806+00:00 mail postfix/master[10020]: fatal: chmod socket private/smtpd: Invalid argument
2025-11-21T04:49:59.857015+00:00 mail postfix/postfix-script[10098]: starting the Postfix mail system
2025-11-21T04:49:59.862186+00:00 mail postfix/master[10099]: fatal: chmod socket private/smtpd: Invalid argument
2025-11-21T04:50:05.935492+00:00 mail postfix/postfix-script[10177]: starting the Postfix mail system
2025-11-21T04:50:05.940497+00:00 mail postfix/master[10178]: fatal: chmod socket private/smtpd: Invalid argument
2025-11-21T04:50:12.134848+00:00 mail postfix/postfix-script[10256]: starting the Postfix mail system
2025-11-21T04:50:12.142834+00:00 mail postfix/master[10257]: fatal: chmod socket private/smtpd: Invalid argument
2025-11-21T04:50:18.534582+00:00 mail postfix/postfix-script[10335]: starting the Postfix mail system
2025-11-21T04:50:18.557842+00:00 mail postfix/master[10336]: fatal: chmod socket private/smtpd: Invalid argument
2025-11-21T04:50:25.372861+00:00 mail postfix/postfix-script[10414]: starting the Postfix mail system
2025-11-21T04:50:25.398687+00:00 mail postfix/master[10415]: fatal: chmod socket private/smtpd: Invalid argument
2025-11-21T04:50:31.729847+00:00 mail postfix/postfix-script[10496]: starting the Postfix mail system
2025-11-21T04:50:31.744402+00:00 mail postfix/master[10497]: fatal: chmod socket private/smtpd: Invalid argument
2025-11-21T04:50:37.682084+00:00 mail postfix/postfix-script[10572]: starting the Postfix mail system
2025-11-21T04:50:37.701769+00:00 mail postfix/master[10573]: fatal: chmod socket private/smtpd: Invalid argument
2025-11-21T04:50:43.393770+00:00 mail postfix/postfix-script[10651]: starting the Postfix mail system
2025-11-21T04:50:43.398635+00:00 mail postfix/master[10652]: fatal: chmod socket private/smtpd: Invalid argument
2025-11-21T04:50:49.438356+00:00 mail postfix/postfix-script[10730]: starting the Postfix mail system
2025-11-21T04:50:49.443676+00:00 mail postfix/master[10731]: fatal: chmod socket private/smtpd: Invalid argument
2025-11-21T04:50:55.524986+00:00 mail postfix/postfix-script[10809]: starting the Postfix mail system
2025-11-21T04:50:55.530162+00:00 mail postfix/master[10810]: fatal: chmod socket private/smtpd: Invalid argument
2025-11-21T04:51:01.604609+00:00 mail postfix/postfix-script[10888]: starting the Postfix mail system
2025-11-21T04:51:01.609983+00:00 mail postfix/master[10889]: fatal: chmod socket private/smtpd: Invalid argument
2025-11-21T04:51:07.691923+00:00 mail postfix/postfix-script[10967]: starting the Postfix mail system
2025-11-21T04:51:07.696909+00:00 mail postfix/master[10968]: fatal: chmod socket private/smtpd: Invalid argument
2025-11-21T04:51:14.343868+00:00 mail postfix/postfix-script[11049]: starting the Postfix mail system
2025-11-21T04:51:14.357369+00:00 mail postfix/master[11050]: fatal: chmod socket private/smtpd: Invalid argument
2025-11-21T04:51:20.581527+00:00 mail postfix/postfix-script[11128]: starting the Postfix mail system
2025-11-21T04:51:20.596686+00:00 mail postfix/master[11129]: fatal: chmod socket private/smtpd: Invalid argument
2025-11-21T04:51:26.810678+00:00 mail postfix/postfix-script[11207]: starting the Postfix mail system
2025-11-21T04:51:26.824167+00:00 mail postfix/master[11208]: fatal: chmod socket private/smtpd: Invalid argument
2025-11-21T04:51:33.836030+00:00 mail postfix/postfix-script[11286]: starting the Postfix mail system
2025-11-21T04:51:33.868577+00:00 mail postfix/master[11287]: fatal: chmod socket private/smtpd: Invalid argument
2025-11-21T04:51:39.493211+00:00 mail postfix/postfix-script[11365]: starting the Postfix mail system
2025-11-21T04:51:39.508088+00:00 mail postfix/master[11366]: fatal: chmod socket private/smtpd: Invalid argument
2025-11-21T04:51:45.754404+00:00 mail postfix/postfix-script[11444]: starting the Postfix mail system
2025-11-21T04:51:45.767384+00:00 mail postfix/master[11445]: fatal: chmod socket private/smtpd: Invalid argument
2025-11-21T04:51:51.651194+00:00 mail postfix/postfix-script[11523]: starting the Postfix mail system
2025-11-21T04:51:51.656400+00:00 mail postfix/master[11524]: fatal: chmod socket private/smtpd: Invalid argument
2025-11-21T04:51:57.612976+00:00 mail postfix/postfix-script[11602]: starting the Postfix mail system
2025-11-21T04:51:57.617988+00:00 mail postfix/master[11603]: fatal: chmod socket private/smtpd: Invalid argument
2025-11-21T04:52:03.727943+00:00 mail postfix/postfix-script[11681]: starting the Postfix mail system
2025-11-21T04:52:03.732800+00:00 mail postfix/master[11682]: fatal: chmod socket private/smtpd: Invalid argument
2025-11-21T04:52:09.869156+00:00 mail postfix/postfix-script[11760]: starting the Postfix mail system
2025-11-21T04:52:09.875707+00:00 mail postfix/master[11761]: fatal: chmod socket private/smtpd: Invalid argument
2025-11-21T04:52:16.040597+00:00 mail postfix/postfix-script[11839]: starting the Postfix mail system
2025-11-21T04:52:16.049754+00:00 mail postfix/master[11840]: fatal: chmod socket private/smtpd: Invalid argument
2025-11-21T04:52:21.968977+00:00 mail postfix/postfix-script[11918]: starting the Postfix mail system
2025-11-21T04:52:21.977331+00:00 mail postfix/master[11919]: fatal: chmod socket private/smtpd: Invalid argument
2025-11-21T04:52:28.117574+00:00 mail postfix/postfix-script[11997]: starting the Postfix mail system
2025-11-21T04:52:28.123801+00:00 mail postfix/master[11998]: fatal: chmod socket private/smtpd: Invalid argument
2025-11-21T04:52:34.172278+00:00 mail postfix/postfix-script[12076]: starting the Postfix mail system
2025-11-21T04:52:34.177397+00:00 mail postfix/master[12077]: fatal: chmod socket private/smtpd: Invalid argument
2025-11-21T04:52:40.340745+00:00 mail postfix/postfix-script[12155]: starting the Postfix mail system
2025-11-21T04:52:40.348157+00:00 mail postfix/master[12156]: fatal: chmod socket private/smtpd: Invalid argument
2025-11-21T04:52:46.417807+00:00 mail postfix/postfix-script[12234]: starting the Postfix mail system
2025-11-21T04:52:46.424857+00:00 mail postfix/master[12235]: fatal: chmod socket private/smtpd: Invalid argument
2025-11-21T04:52:52.574773+00:00 mail postfix/postfix-script[12313]: starting the Postfix mail system
2025-11-21T04:52:52.586525+00:00 mail postfix/master[12314]: fatal: chmod socket private/smtpd: Invalid argument
2025-11-21T04:52:58.546123+00:00 mail postfix/postfix-script[12392]: starting the Postfix mail system
2025-11-21T04:52:58.551517+00:00 mail postfix/master[12393]: fatal: chmod socket private/smtpd: Invalid argument
2025-11-21T04:53:04.700723+00:00 mail postfix/postfix-script[12471]: starting the Postfix mail system
2025-11-21T04:53:04.708094+00:00 mail postfix/master[12472]: fatal: chmod socket private/smtpd: Invalid argument
2025-11-21T04:53:10.881459+00:00 mail postfix/postfix-script[12550]: starting the Postfix mail system
2025-11-21T04:53:10.891581+00:00 mail postfix/master[12554]: fatal: chmod socket private/smtpd: Invalid argument
2025-11-21T04:53:16.989869+00:00 mail postfix/postfix-script[12632]: starting the Postfix mail system
2025-11-21T04:53:16.996593+00:00 mail postfix/master[12633]: fatal: chmod socket private/smtpd: Invalid argument
2025-11-21T04:53:23.108419+00:00 mail postfix/postfix-script[12711]: starting the Postfix mail system
2025-11-21T04:53:23.115773+00:00 mail postfix/master[12712]: fatal: chmod socket private/smtpd: Invalid argument
2025-11-21T04:53:29.158368+00:00 mail postfix/postfix-script[12790]: starting the Postfix mail system
2025-11-21T04:53:29.168700+00:00 mail postfix/master[12791]: fatal: chmod socket private/smtpd: Invalid argument
2025-11-21T04:53:35.202184+00:00 mail postfix/postfix-script[12869]: starting the Postfix mail system
2025-11-21T04:53:35.210528+00:00 mail postfix/master[12870]: fatal: chmod socket private/smtpd: Invalid argument
2025-11-21T04:53:41.363233+00:00 mail postfix/postfix-script[12948]: starting the Postfix mail system
2025-11-21T04:53:41.373347+00:00 mail postfix/master[12949]: fatal: chmod socket private/smtpd: Invalid argument
2025-11-21T04:53:47.309915+00:00 mail postfix/postfix-script[13027]: starting the Postfix mail system
2025-11-21T04:53:47.316687+00:00 mail postfix/master[13028]: fatal: chmod socket private/smtpd: Invalid argument
2025-11-21T04:53:53.387247+00:00 mail postfix/postfix-script[13106]: starting the Postfix mail system
2025-11-21T04:53:53.392599+00:00 mail postfix/master[13107]: fatal: chmod socket private/smtpd: Invalid argument
2025-11-21T04:53:59.432005+00:00 mail postfix/postfix-script[13185]: starting the Postfix mail system
2025-11-21T04:53:59.439089+00:00 mail postfix/master[13186]: fatal: chmod socket private/smtpd: Invalid argument
2025-11-21T04:54:05.603240+00:00 mail postfix/postfix-script[13264]: starting the Postfix mail system
2025-11-21T04:54:05.611285+00:00 mail postfix/master[13265]: fatal: chmod socket private/smtpd: Invalid argument
2025-11-21T04:54:11.689764+00:00 mail postfix/postfix-script[13343]: starting the Postfix mail system
2025-11-21T04:54:11.704133+00:00 mail postfix/master[13344]: fatal: chmod socket private/smtpd: Invalid argument
2025-11-21T04:54:17.658746+00:00 mail postfix/postfix-script[13422]: starting the Postfix mail system
2025-11-21T04:54:17.663681+00:00 mail postfix/master[13423]: fatal: chmod socket private/smtpd: Invalid argument
2025-11-21T04:54:23.735639+00:00 mail postfix/postfix-script[13501]: starting the Postfix mail system
2025-11-21T04:54:23.741017+00:00 mail postfix/master[13502]: fatal: chmod socket private/smtpd: Invalid argument
2025-11-21T04:54:30.825393+00:00 mail postfix/postfix-script[13580]: starting the Postfix mail system
2025-11-21T04:54:30.848923+00:00 mail postfix/master[13581]: fatal: chmod socket private/smtpd: Invalid argument
2025-11-21T04:54:36.944185+00:00 mail postfix/postfix-script[13659]: starting the Postfix mail system
2025-11-21T04:54:36.957606+00:00 mail postfix/master[13660]: fatal: chmod socket private/smtpd: Invalid argument
2025-11-21T04:54:43.432453+00:00 mail postfix/postfix-script[13738]: starting the Postfix mail system
2025-11-21T04:54:43.448636+00:00 mail postfix/master[13739]: fatal: chmod socket private/smtpd: Invalid argument
2025-11-21T04:54:48.916635+00:00 mail postfix/postfix-script[13817]: starting the Postfix mail system
2025-11-21T04:54:48.923400+00:00 mail postfix/master[13818]: fatal: chmod socket private/smtpd: Invalid argument
2025-11-21T04:54:54.853476+00:00 mail postfix/postfix-script[13896]: starting the Postfix mail system
2025-11-21T04:54:54.858743+00:00 mail postfix/master[13897]: fatal: chmod socket private/smtpd: Invalid argument
2025-11-21T04:55:00.919933+00:00 mail postfix/postfix-script[13975]: starting the Postfix mail system
2025-11-21T04:55:00.926140+00:00 mail postfix/master[13976]: fatal: chmod socket private/smtpd: Invalid argument
2025-11-21T04:55:05.979877+00:00 mail postfix/postfix-script[14054]: starting the Postfix mail system
2025-11-21T04:55:05.985223+00:00 mail postfix/master[14055]: fatal: chmod socket private/smtpd: Invalid argument
2025-11-21T04:55:12.148716+00:00 mail postfix/postfix-script[14133]: starting the Postfix mail system
2025-11-21T04:55:12.156259+00:00 mail postfix/master[14134]: fatal: chmod socket private/smtpd: Invalid argument
2025-11-21T04:55:18.154656+00:00 mail postfix/postfix-script[14212]: starting the Postfix mail system
2025-11-21T04:55:18.159732+00:00 mail postfix/master[14213]: fatal: chmod socket private/smtpd: Invalid argument
2025-11-21T04:55:24.254418+00:00 mail postfix/postfix-script[14291]: starting the Postfix mail system
2025-11-21T04:55:24.260092+00:00 mail postfix/master[14292]: fatal: chmod socket private/smtpd: Invalid argument
2025-11-21T04:55:30.352372+00:00 mail postfix/postfix-script[14370]: starting the Postfix mail system
2025-11-21T04:55:30.361037+00:00 mail postfix/master[14371]: fatal: chmod socket private/smtpd: Invalid argument
2025-11-21T04:55:36.399681+00:00 mail postfix/postfix-script[14449]: starting the Postfix mail system
2025-11-21T04:55:36.406718+00:00 mail postfix/master[14450]: fatal: chmod socket private/smtpd: Invalid argument
2025-11-21T04:55:42.498424+00:00 mail postfix/postfix-script[14528]: starting the Postfix mail system
2025-11-21T04:55:42.504617+00:00 mail postfix/master[14529]: fatal: chmod socket private/smtpd: Invalid argument
2025-11-21T04:55:48.620838+00:00 mail postfix/postfix-script[14607]: starting the Postfix mail system
2025-11-21T04:55:48.627559+00:00 mail postfix/master[14608]: fatal: chmod socket private/smtpd: Invalid argument
2025-11-21T04:55:54.632678+00:00 mail postfix/postfix-script[14686]: starting the Postfix mail system
2025-11-21T04:55:54.639222+00:00 mail postfix/master[14687]: fatal: chmod socket private/smtpd: Invalid argument
2025-11-21T04:56:00.710495+00:00 mail postfix/postfix-script[14765]: starting the Postfix mail system
2025-11-21T04:56:00.717375+00:00 mail postfix/master[14766]: fatal: chmod socket private/smtpd: Invalid argument
2025-11-21T04:56:06.780950+00:00 mail postfix/postfix-script[14844]: starting the Postfix mail system
2025-11-21T04:56:06.787533+00:00 mail postfix/master[14845]: fatal: chmod socket private/smtpd: Invalid argument
2025-11-21T04:56:12.858765+00:00 mail postfix/postfix-script[14923]: starting the Postfix mail system
2025-11-21T04:56:12.865126+00:00 mail postfix/master[14924]: fatal: chmod socket private/smtpd: Invalid argument
2025-11-21T04:56:18.930205+00:00 mail postfix/postfix-script[15002]: starting the Postfix mail system
2025-11-21T04:56:18.936649+00:00 mail postfix/master[15003]: fatal: chmod socket private/smtpd: Invalid argument
2025-11-21T04:56:25.014473+00:00 mail postfix/postfix-script[15081]: starting the Postfix mail system
2025-11-21T04:56:25.020729+00:00 mail postfix/master[15082]: fatal: chmod socket private/smtpd: Invalid argument
2025-11-21T04:56:31.092181+00:00 mail postfix/postfix-script[15160]: starting the Postfix mail system
2025-11-21T04:56:31.098370+00:00 mail postfix/master[15161]: fatal: chmod socket private/smtpd: Invalid argument
2025-11-21T04:56:37.190800+00:00 mail postfix/postfix-script[15239]: starting the Postfix mail system
2025-11-21T04:56:37.197045+00:00 mail postfix/master[15240]: fatal: chmod socket private/smtpd: Invalid argument
2025-11-21T04:56:43.257403+00:00 mail postfix/postfix-script[15318]: starting the Postfix mail system
2025-11-21T04:56:43.263473+00:00 mail postfix/master[15319]: fatal: chmod socket private/smtpd: Invalid argument
2025-11-21T04:56:49.313625+00:00 mail postfix/postfix-script[15397]: starting the Postfix mail system
2025-11-21T04:56:49.319824+00:00 mail postfix/master[15398]: fatal: chmod socket private/smtpd: Invalid argument
2025-11-21T04:56:55.388076+00:00 mail postfix/postfix-script[15476]: starting the Postfix mail system
2025-11-21T04:56:55.394356+00:00 mail postfix/master[15477]: fatal: chmod socket private/smtpd: Invalid argument
2025-11-21T04:57:01.456350+00:00 mail postfix/postfix-script[15555]: starting the Postfix mail system
2025-11-21T04:57:01.462371+00:00 mail postfix/master[15556]: fatal: chmod socket private/smtpd: Invalid argument
2025-11-21T04:57:07.569301+00:00 mail postfix/postfix-script[15634]: starting the Postfix mail system
2025-11-21T04:57:07.576456+00:00 mail postfix/master[15635]: fatal: chmod socket private/smtpd: Invalid argument
2025-11-21T04:57:13.675421+00:00 mail postfix/postfix-script[15713]: starting the Postfix mail system
2025-11-21T04:57:13.685490+00:00 mail postfix/master[15714]: fatal: chmod socket private/smtpd: Invalid argument
2025-11-21T04:57:20.215903+00:00 mail postfix/postfix-script[15795]: starting the Postfix mail system
2025-11-21T04:57:20.226300+00:00 mail postfix/master[15796]: fatal: chmod socket private/smtpd: Invalid argument
2025-11-21T04:57:26.197533+00:00 mail postfix/postfix-script[15871]: starting the Postfix mail system
2025-11-21T04:57:26.204256+00:00 mail postfix/master[15872]: fatal: chmod socket private/smtpd: Invalid argument
2025-11-21T04:57:32.277606+00:00 mail postfix/postfix-script[15950]: starting the Postfix mail system
2025-11-21T04:57:32.286032+00:00 mail postfix/master[15951]: fatal: chmod socket private/smtpd: Invalid argument
2025-11-21T04:57:38.329664+00:00 mail postfix/postfix-script[16029]: starting the Postfix mail system
2025-11-21T04:57:38.337000+00:00 mail postfix/master[16030]: fatal: chmod socket private/smtpd: Invalid argument
2025-11-21T04:57:44.399095+00:00 mail postfix/postfix-script[16111]: starting the Postfix mail system
2025-11-21T04:57:44.405778+00:00 mail postfix/master[16112]: fatal: chmod socket private/smtpd: Invalid argument
2025-11-21T04:57:50.462871+00:00 mail postfix/postfix-script[16190]: starting the Postfix mail system
2025-11-21T04:57:50.469034+00:00 mail postfix/master[16191]: fatal: chmod socket private/smtpd: Invalid argument
2025-11-21T04:57:56.545223+00:00 mail postfix/postfix-script[16269]: starting the Postfix mail system
2025-11-21T04:57:56.551852+00:00 mail postfix/master[16270]: fatal: chmod socket private/smtpd: Invalid argument
2025-11-21T04:58:02.610967+00:00 mail postfix/postfix-script[16348]: starting the Postfix mail system
2025-11-21T04:58:02.617381+00:00 mail postfix/master[16349]: fatal: chmod socket private/smtpd: Invalid argument
2025-11-21T04:58:09.420611+00:00 mail postfix/postfix-script[16427]: starting the Postfix mail system
2025-11-21T04:58:09.443349+00:00 mail postfix/master[16428]: fatal: chmod socket private/smtpd: Invalid argument
2025-11-21T04:58:15.697242+00:00 mail postfix/postfix-script[16506]: starting the Postfix mail system
2025-11-21T04:58:15.719902+00:00 mail postfix/master[16507]: fatal: chmod socket private/smtpd: Invalid argument
2025-11-21T04:58:21.886429+00:00 mail postfix/postfix-script[16585]: starting the Postfix mail system
2025-11-21T04:58:21.900115+00:00 mail postfix/master[16586]: fatal: chmod socket private/smtpd: Invalid argument
2025-11-21T04:58:28.200521+00:00 mail postfix/postfix-script[16664]: starting the Postfix mail system
2025-11-21T04:58:28.220264+00:00 mail postfix/master[16665]: fatal: chmod socket private/smtpd: Invalid argument
2025-11-21T04:58:34.638747+00:00 mail postfix/postfix-script[16743]: starting the Postfix mail system
2025-11-21T04:58:34.682538+00:00 mail postfix/master[16744]: fatal: chmod socket private/smtpd: Invalid argument
2025-11-21T04:58:40.751971+00:00 mail postfix/postfix-script[16822]: starting the Postfix mail system
2025-11-21T04:58:40.765844+00:00 mail postfix/master[16823]: fatal: chmod socket private/smtpd: Invalid argument
2025-11-21T04:58:46.359775+00:00 mail postfix/postfix-script[16901]: starting the Postfix mail system
2025-11-21T04:58:46.365618+00:00 mail postfix/master[16902]: fatal: chmod socket private/smtpd: Invalid argument
2025-11-21T04:58:52.429676+00:00 mail postfix/postfix-script[16980]: starting the Postfix mail system
2025-11-21T04:58:52.435528+00:00 mail postfix/master[16981]: fatal: chmod socket private/smtpd: Invalid argument
2025-11-21T04:58:58.531703+00:00 mail postfix/postfix-script[17059]: starting the Postfix mail system
2025-11-21T04:58:58.538083+00:00 mail postfix/master[17060]: fatal: chmod socket private/smtpd: Invalid argument
2025-11-21T04:59:04.577024+00:00 mail postfix/postfix-script[17138]: starting the Postfix mail system
2025-11-21T04:59:04.583430+00:00 mail postfix/master[17139]: fatal: chmod socket private/smtpd: Invalid argument
2025-11-21T04:59:10.642284+00:00 mail postfix/postfix-script[17217]: starting the Postfix mail system
2025-11-21T04:59:10.647343+00:00 mail postfix/master[17218]: fatal: chmod socket private/smtpd: Invalid argument
2025-11-21T04:59:18.126980+00:00 mail postfix/postfix-script[17299]: starting the Postfix mail system
2025-11-21T04:59:18.168767+00:00 mail postfix/master[17300]: fatal: chmod socket private/smtpd: Invalid argument
2025-11-21T04:59:25.252155+00:00 mail postfix/postfix-script[17378]: starting the Postfix mail system
2025-11-21T04:59:25.290016+00:00 mail postfix/master[17379]: fatal: chmod socket private/smtpd: Invalid argument
2025-11-21T04:59:31.332656+00:00 mail postfix/postfix-script[17457]: starting the Postfix mail system
2025-11-21T04:59:31.377950+00:00 mail postfix/master[17458]: fatal: chmod socket private/smtpd: Invalid argument
2025-11-21T04:59:36.585930+00:00 mail postfix/postfix-script[17536]: starting the Postfix mail system
2025-11-21T04:59:36.593427+00:00 mail postfix/master[17537]: fatal: chmod socket private/smtpd: Invalid argument
2025-11-21T04:59:43.376157+00:00 mail postfix/postfix-script[17615]: starting the Postfix mail system
2025-11-21T04:59:43.386400+00:00 mail postfix/master[17616]: fatal: chmod socket private/smtpd: Invalid argument
2025-11-21T04:59:49.875898+00:00 mail postfix/postfix-script[17697]: starting the Postfix mail system
2025-11-21T04:59:49.897329+00:00 mail postfix/master[17698]: fatal: chmod socket private/smtpd: Invalid argument
2025-11-21T04:59:56.154594+00:00 mail postfix/postfix-script[17776]: starting the Postfix mail system
2025-11-21T04:59:56.175283+00:00 mail postfix/master[17777]: fatal: chmod socket private/smtpd: Invalid argument
2025-11-21T05:00:02.860663+00:00 mail postfix/postfix-script[17855]: starting the Postfix mail system
2025-11-21T05:00:02.882947+00:00 mail postfix/master[17856]: fatal: chmod socket private/smtpd: Invalid argument
2025-11-21T05:00:09.072569+00:00 mail postfix/postfix-script[17934]: starting the Postfix mail system
2025-11-21T05:00:09.092624+00:00 mail postfix/master[17935]: fatal: chmod socket private/smtpd: Invalid argument
2025-11-21T05:00:15.757892+00:00 mail postfix/postfix-script[18013]: starting the Postfix mail system
2025-11-21T05:00:15.781745+00:00 mail postfix/master[18014]: fatal: chmod socket private/smtpd: Invalid argument
2025-11-21T05:00:22.615175+00:00 mail postfix/postfix-script[18095]: starting the Postfix mail system
2025-11-21T05:00:22.704996+00:00 mail postfix/master[18096]: fatal: chmod socket private/smtpd: Invalid argument
2025-11-21T05:00:28.775203+00:00 mail postfix/postfix-script[18174]: starting the Postfix mail system
2025-11-21T05:00:28.800123+00:00 mail postfix/master[18175]: fatal: chmod socket private/smtpd: Invalid argument
2025-11-21T05:00:35.161286+00:00 mail postfix/postfix-script[18253]: starting the Postfix mail system
2025-11-21T05:00:35.184633+00:00 mail postfix/master[18254]: fatal: chmod socket private/smtpd: Invalid argument
2025-11-21T05:00:42.316562+00:00 mail postfix/postfix-script[18332]: starting the Postfix mail system
2025-11-21T05:00:42.354178+00:00 mail postfix/master[18333]: fatal: chmod socket private/smtpd: Invalid argument
2025-11-21T05:00:47.802071+00:00 mail postfix/postfix-script[18411]: starting the Postfix mail system
2025-11-21T05:00:47.822056+00:00 mail postfix/master[18412]: fatal: chmod socket private/smtpd: Invalid argument
2025-11-21T05:00:53.821909+00:00 mail postfix/postfix-script[18490]: starting the Postfix mail system
2025-11-21T05:00:53.836911+00:00 mail postfix/master[18491]: fatal: chmod socket private/smtpd: Invalid argument
2025-11-21T05:00:59.721526+00:00 mail postfix/postfix-script[18569]: starting the Postfix mail system
2025-11-21T05:00:59.732589+00:00 mail postfix/master[18570]: fatal: chmod socket private/smtpd: Invalid argument
2025-11-21T05:01:05.720049+00:00 mail postfix/postfix-script[18648]: starting the Postfix mail system
2025-11-21T05:01:05.729910+00:00 mail postfix/master[18649]: fatal: chmod socket private/smtpd: Invalid argument
2025-11-21T05:01:11.737267+00:00 mail postfix/postfix-script[18727]: starting the Postfix mail system
2025-11-21T05:01:11.745437+00:00 mail postfix/master[18728]: fatal: chmod socket private/smtpd: Invalid argument
2025-11-21T05:01:17.806199+00:00 mail postfix/postfix-script[18806]: starting the Postfix mail system
2025-11-21T05:01:17.813207+00:00 mail postfix/master[18807]: fatal: chmod socket private/smtpd: Invalid argument
2025-11-21T05:01:23.907057+00:00 mail postfix/postfix-script[18885]: starting the Postfix mail system
2025-11-21T05:01:23.915202+00:00 mail postfix/master[18886]: fatal: chmod socket private/smtpd: Invalid argument
2025-11-21T05:01:29.982133+00:00 mail postfix/postfix-script[18964]: starting the Postfix mail system
2025-11-21T05:01:29.987837+00:00 mail postfix/master[18965]: fatal: chmod socket private/smtpd: Invalid argument
2025-11-21T05:01:36.027258+00:00 mail postfix/postfix-script[19043]: starting the Postfix mail system
2025-11-21T05:01:36.033166+00:00 mail postfix/master[19044]: fatal: chmod socket private/smtpd: Invalid argument
2025-11-21T05:01:42.087948+00:00 mail postfix/postfix-script[19122]: starting the Postfix mail system
2025-11-21T05:01:42.092992+00:00 mail postfix/master[19123]: fatal: chmod socket private/smtpd: Invalid argument
2025-11-21T05:01:48.178180+00:00 mail postfix/postfix-script[19201]: starting the Postfix mail system
2025-11-21T05:01:48.183562+00:00 mail postfix/master[19202]: fatal: chmod socket private/smtpd: Invalid argument
2025-11-21T05:01:54.242778+00:00 mail postfix/postfix-script[19280]: starting the Postfix mail system
2025-11-21T05:01:54.248291+00:00 mail postfix/master[19281]: fatal: chmod socket private/smtpd: Invalid argument
2025-11-21T05:02:00.320307+00:00 mail postfix/postfix-script[19359]: starting the Postfix mail system
2025-11-21T05:02:00.325580+00:00 mail postfix/master[19360]: fatal: chmod socket private/smtpd: Invalid argument
2025-11-21T05:02:06.404561+00:00 mail postfix/postfix-script[19438]: starting the Postfix mail system
2025-11-21T05:02:06.409696+00:00 mail postfix/master[19439]: fatal: chmod socket private/smtpd: Invalid argument
2025-11-21T05:02:12.536693+00:00 mail postfix/postfix-script[19517]: starting the Postfix mail system
2025-11-21T05:02:12.541827+00:00 mail postfix/master[19518]: fatal: chmod socket private/smtpd: Invalid argument
2025-11-21T05:02:18.581676+00:00 mail postfix/postfix-script[19596]: starting the Postfix mail system
2025-11-21T05:02:18.611734+00:00 mail postfix/master[19597]: fatal: chmod socket private/smtpd: Invalid argument
2025-11-21T05:02:24.665922+00:00 mail postfix/postfix-script[19675]: starting the Postfix mail system
2025-11-21T05:02:24.670964+00:00 mail postfix/master[19676]: fatal: chmod socket private/smtpd: Invalid argument
2025-11-21T05:02:30.744453+00:00 mail postfix/postfix-script[19754]: starting the Postfix mail system
2025-11-21T05:02:30.749463+00:00 mail postfix/master[19755]: fatal: chmod socket private/smtpd: Invalid argument
2025-11-21T05:02:36.816881+00:00 mail postfix/postfix-script[19833]: starting the Postfix mail system
2025-11-21T05:02:36.822001+00:00 mail postfix/master[19834]: fatal: chmod socket private/smtpd: Invalid argument
2025-11-21T05:02:42.944003+00:00 mail postfix/postfix-script[19912]: starting the Postfix mail system
2025-11-21T05:02:42.949167+00:00 mail postfix/master[19913]: fatal: chmod socket private/smtpd: Invalid argument
2025-11-21T05:02:48.985820+00:00 mail postfix/postfix-script[19991]: starting the Postfix mail system
2025-11-21T05:02:48.991282+00:00 mail postfix/master[19992]: fatal: chmod socket private/smtpd: Invalid argument
2025-11-21T05:02:55.058163+00:00 mail postfix/postfix-script[20070]: starting the Postfix mail system
2025-11-21T05:02:55.063223+00:00 mail postfix/master[20071]: fatal: chmod socket private/smtpd: Invalid argument
2025-11-21T05:03:01.155897+00:00 mail postfix/postfix-script[20149]: starting the Postfix mail system
2025-11-21T05:03:01.161079+00:00 mail postfix/master[20150]: fatal: chmod socket private/smtpd: Invalid argument
2025-11-21T05:03:07.300785+00:00 mail postfix/postfix-script[20228]: starting the Postfix mail system
2025-11-21T05:03:07.306017+00:00 mail postfix/master[20229]: fatal: chmod socket private/smtpd: Invalid argument
2025-11-21T05:03:13.405931+00:00 mail postfix/postfix-script[20307]: starting the Postfix mail system
2025-11-21T05:03:13.411154+00:00 mail postfix/master[20308]: fatal: chmod socket private/smtpd: Invalid argument
2025-11-21T05:03:19.541607+00:00 mail postfix/postfix-script[20386]: starting the Postfix mail system
2025-11-21T05:03:19.549127+00:00 mail postfix/master[20387]: fatal: chmod socket private/smtpd: Invalid argument
2025-11-21T05:03:25.497740+00:00 mail postfix/postfix-script[20465]: starting the Postfix mail system
2025-11-21T05:03:25.502726+00:00 mail postfix/master[20466]: fatal: chmod socket private/smtpd: Invalid argument
2025-11-21T05:03:30.572705+00:00 mail postfix/postfix-script[20544]: starting the Postfix mail system
2025-11-21T05:03:30.578029+00:00 mail postfix/master[20545]: fatal: chmod socket private/smtpd: Invalid argument
2025-11-21T05:03:36.707634+00:00 mail postfix/postfix-script[20623]: starting the Postfix mail system
2025-11-21T05:03:36.712808+00:00 mail postfix/master[20624]: fatal: chmod socket private/smtpd: Invalid argument
2025-11-21T05:03:42.837875+00:00 mail postfix/postfix-script[20702]: starting the Postfix mail system
2025-11-21T05:03:42.843959+00:00 mail postfix/master[20703]: fatal: chmod socket private/smtpd: Invalid argument
2025-11-21T05:03:48.840863+00:00 mail postfix/postfix-script[20781]: starting the Postfix mail system
2025-11-21T05:03:48.846063+00:00 mail postfix/master[20782]: fatal: chmod socket private/smtpd: Invalid argument
2025-11-21T05:03:54.928545+00:00 mail postfix/postfix-script[20860]: starting the Postfix mail system
2025-11-21T05:03:54.933487+00:00 mail postfix/master[20861]: fatal: chmod socket private/smtpd: Invalid argument
2025-11-21T05:04:01.004079+00:00 mail postfix/postfix-script[20939]: starting the Postfix mail system
2025-11-21T05:04:01.009246+00:00 mail postfix/master[20940]: fatal: chmod socket private/smtpd: Invalid argument
2025-11-21T05:04:07.092920+00:00 mail postfix/postfix-script[21018]: starting the Postfix mail system
2025-11-21T05:04:07.097961+00:00 mail postfix/master[21019]: fatal: chmod socket private/smtpd: Invalid argument
2025-11-21T05:04:13.218217+00:00 mail postfix/postfix-script[21097]: starting the Postfix mail system
2025-11-21T05:04:13.224686+00:00 mail postfix/master[21098]: fatal: chmod socket private/smtpd: Invalid argument
2025-11-21T05:04:19.378606+00:00 mail postfix/postfix-script[21176]: starting the Postfix mail system
2025-11-21T05:04:19.387781+00:00 mail postfix/master[21177]: fatal: chmod socket private/smtpd: Invalid argument
2025-11-21T05:04:25.336957+00:00 mail postfix/postfix-script[21255]: starting the Postfix mail system
2025-11-21T05:04:25.342333+00:00 mail postfix/master[21256]: fatal: chmod socket private/smtpd: Invalid argument
2025-11-21T05:04:31.440954+00:00 mail postfix/postfix-script[21334]: starting the Postfix mail system
2025-11-21T05:04:31.445822+00:00 mail postfix/master[21335]: fatal: chmod socket private/smtpd: Invalid argument
2025-11-21T05:04:37.524330+00:00 mail postfix/postfix-script[21413]: starting the Postfix mail system
2025-11-21T05:04:37.529441+00:00 mail postfix/master[21414]: fatal: chmod socket private/smtpd: Invalid argument
2025-11-21T05:04:43.619530+00:00 mail postfix/postfix-script[21492]: starting the Postfix mail system
2025-11-21T05:04:43.624527+00:00 mail postfix/master[21493]: fatal: chmod socket private/smtpd: Invalid argument
2025-11-21T05:04:49.676058+00:00 mail postfix/postfix-script[21571]: starting the Postfix mail system
2025-11-21T05:04:49.681467+00:00 mail postfix/master[21572]: fatal: chmod socket private/smtpd: Invalid argument
2025-11-21T05:04:55.779555+00:00 mail postfix/postfix-script[21650]: starting the Postfix mail system
2025-11-21T05:04:55.784488+00:00 mail postfix/master[21651]: fatal: chmod socket private/smtpd: Invalid argument
2025-11-21T05:05:01.867441+00:00 mail postfix/postfix-script[21729]: starting the Postfix mail system
2025-11-21T05:05:01.872623+00:00 mail postfix/master[21730]: fatal: chmod socket private/smtpd: Invalid argument
2025-11-21T05:05:07.941648+00:00 mail postfix/postfix-script[21808]: starting the Postfix mail system
2025-11-21T05:05:07.946513+00:00 mail postfix/master[21809]: fatal: chmod socket private/smtpd: Invalid argument
2025-11-21T05:05:14.038069+00:00 mail postfix/postfix-script[21887]: starting the Postfix mail system
2025-11-21T05:05:14.043313+00:00 mail postfix/master[21888]: fatal: chmod socket private/smtpd: Invalid argument
2025-11-21T05:05:20.110341+00:00 mail postfix/postfix-script[21966]: starting the Postfix mail system
2025-11-21T05:05:20.115553+00:00 mail postfix/master[21967]: fatal: chmod socket private/smtpd: Invalid argument
2025-11-21T05:05:26.320599+00:00 mail postfix/postfix-script[22045]: starting the Postfix mail system
2025-11-21T05:05:26.325696+00:00 mail postfix/master[22046]: fatal: chmod socket private/smtpd: Invalid argument
2025-11-21T05:05:32.352310+00:00 mail postfix/postfix-script[22124]: starting the Postfix mail system
2025-11-21T05:05:32.357312+00:00 mail postfix/master[22125]: fatal: chmod socket private/smtpd: Invalid argument
2025-11-21T05:05:38.392722+00:00 mail postfix/postfix-script[22203]: starting the Postfix mail system
2025-11-21T05:05:38.397921+00:00 mail postfix/master[22204]: fatal: chmod socket private/smtpd: Invalid argument
2025-11-21T05:05:44.474999+00:00 mail postfix/postfix-script[22282]: starting the Postfix mail system
2025-11-21T05:05:44.480456+00:00 mail postfix/master[22283]: fatal: chmod socket private/smtpd: Invalid argument
2025-11-21T05:05:50.553508+00:00 mail postfix/postfix-script[22361]: starting the Postfix mail system
2025-11-21T05:05:50.558532+00:00 mail postfix/master[22362]: fatal: chmod socket private/smtpd: Invalid argument
2025-11-21T05:05:56.717811+00:00 mail postfix/postfix-script[22443]: starting the Postfix mail system
2025-11-21T05:05:56.724102+00:00 mail postfix/master[22444]: fatal: chmod socket private/smtpd: Invalid argument
2025-11-21T05:06:02.727871+00:00 mail postfix/postfix-script[22519]: starting the Postfix mail system
2025-11-21T05:06:02.733337+00:00 mail postfix/master[22520]: fatal: chmod socket private/smtpd: Invalid argument
2025-11-21T05:06:08.819608+00:00 mail postfix/postfix-script[22601]: starting the Postfix mail system
2025-11-21T05:06:08.824959+00:00 mail postfix/master[22602]: fatal: chmod socket private/smtpd: Invalid argument
2025-11-21T05:06:14.896687+00:00 mail postfix/postfix-script[22680]: starting the Postfix mail system
2025-11-21T05:06:14.901663+00:00 mail postfix/master[22681]: fatal: chmod socket private/smtpd: Invalid argument
2025-11-21T05:06:20.973269+00:00 mail postfix/postfix-script[22759]: starting the Postfix mail system
2025-11-21T05:06:20.978413+00:00 mail postfix/master[22760]: fatal: chmod socket private/smtpd: Invalid argument
2025-11-21T05:06:27.207963+00:00 mail postfix/postfix-script[22838]: starting the Postfix mail system
2025-11-21T05:06:27.214155+00:00 mail postfix/master[22839]: fatal: chmod socket private/smtpd: Invalid argument
2025-11-21T05:06:33.129869+00:00 mail postfix/postfix-script[22917]: starting the Postfix mail system
2025-11-21T05:06:33.135304+00:00 mail postfix/master[22918]: fatal: chmod socket private/smtpd: Invalid argument
2025-11-21T05:06:39.207764+00:00 mail postfix/postfix-script[22996]: starting the Postfix mail system
2025-11-21T05:06:39.212774+00:00 mail postfix/master[22997]: fatal: chmod socket private/smtpd: Invalid argument
2025-11-21T05:06:45.426259+00:00 mail postfix/postfix-script[23075]: starting the Postfix mail system
2025-11-21T05:06:45.431149+00:00 mail postfix/master[23076]: fatal: chmod socket private/smtpd: Invalid argument
2025-11-21T05:06:52.051306+00:00 mail postfix/postfix-script[23154]: starting the Postfix mail system
2025-11-21T05:06:52.059568+00:00 mail postfix/master[23155]: fatal: chmod socket private/smtpd: Invalid argument
2025-11-21T05:06:57.678957+00:00 mail postfix/postfix-script[23233]: starting the Postfix mail system
2025-11-21T05:06:57.683977+00:00 mail postfix/master[23234]: fatal: chmod socket private/smtpd: Invalid argument
2025-11-21T05:07:04.315238+00:00 mail postfix/postfix-script[23312]: starting the Postfix mail system
2025-11-21T05:07:04.330602+00:00 mail postfix/master[23313]: fatal: chmod socket private/smtpd: Invalid argument
2025-11-21T05:07:10.155698+00:00 mail postfix/postfix-script[23391]: starting the Postfix mail system
2025-11-21T05:07:10.161843+00:00 mail postfix/master[23392]: fatal: chmod socket private/smtpd: Invalid argument
2025-11-21T05:07:16.066834+00:00 mail postfix/postfix-script[23470]: starting the Postfix mail system
2025-11-21T05:07:16.073575+00:00 mail postfix/master[23471]: fatal: chmod socket private/smtpd: Invalid argument
2025-11-21T05:07:22.146375+00:00 mail postfix/postfix-script[23549]: starting the Postfix mail system
2025-11-21T05:07:22.154191+00:00 mail postfix/master[23550]: fatal: chmod socket private/smtpd: Invalid argument
2025-11-21T05:07:28.230097+00:00 mail postfix/postfix-script[23628]: starting the Postfix mail system
2025-11-21T05:07:28.235241+00:00 mail postfix/master[23629]: fatal: chmod socket private/smtpd: Invalid argument
2025-11-21T05:07:34.322012+00:00 mail postfix/postfix-script[23707]: starting the Postfix mail system
2025-11-21T05:07:34.327027+00:00 mail postfix/master[23708]: fatal: chmod socket private/smtpd: Invalid argument
2025-11-21T05:07:40.447465+00:00 mail postfix/postfix-script[23786]: starting the Postfix mail system
2025-11-21T05:07:40.455945+00:00 mail postfix/master[23787]: fatal: chmod socket private/smtpd: Invalid argument
2025-11-21T05:07:46.522446+00:00 mail postfix/postfix-script[23865]: starting the Postfix mail system
2025-11-21T05:07:46.527749+00:00 mail postfix/master[23866]: fatal: chmod socket private/smtpd: Invalid argument
2025-11-21T05:07:52.574746+00:00 mail postfix/postfix-script[23944]: starting the Postfix mail system
2025-11-21T05:07:52.580739+00:00 mail postfix/master[23945]: fatal: chmod socket private/smtpd: Invalid argument
2025-11-21T05:07:58.815996+00:00 mail postfix/postfix-script[24023]: starting the Postfix mail system
2025-11-21T05:07:58.825158+00:00 mail postfix/master[24024]: fatal: chmod socket private/smtpd: Invalid argument
2025-11-21T05:08:04.812737+00:00 mail postfix/postfix-script[24102]: starting the Postfix mail system
2025-11-21T05:08:04.818097+00:00 mail postfix/master[24103]: fatal: chmod socket private/smtpd: Invalid argument
2025-11-21T05:08:10.891444+00:00 mail postfix/postfix-script[24181]: starting the Postfix mail system
2025-11-21T05:08:10.896734+00:00 mail postfix/master[24182]: fatal: chmod socket private/smtpd: Invalid argument
2025-11-21T05:08:17.088863+00:00 mail postfix/postfix-script[24260]: starting the Postfix mail system
2025-11-21T05:08:17.096031+00:00 mail postfix/master[24261]: fatal: chmod socket private/smtpd: Invalid argument
2025-11-21T05:08:23.129517+00:00 mail postfix/postfix-script[24339]: starting the Postfix mail system
2025-11-21T05:08:23.136363+00:00 mail postfix/master[24340]: fatal: chmod socket private/smtpd: Invalid argument
2025-11-21T05:08:29.237595+00:00 mail postfix/postfix-script[24418]: starting the Postfix mail system
2025-11-21T05:08:29.245638+00:00 mail postfix/master[24419]: fatal: chmod socket private/smtpd: Invalid argument
2025-11-21T05:08:35.338043+00:00 mail postfix/postfix-script[24497]: starting the Postfix mail system
2025-11-21T05:08:35.343586+00:00 mail postfix/master[24498]: fatal: chmod socket private/smtpd: Invalid argument
2025-11-21T05:08:41.349861+00:00 mail postfix/postfix-script[24576]: starting the Postfix mail system
2025-11-21T05:08:41.360063+00:00 mail postfix/master[24577]: fatal: chmod socket private/smtpd: Invalid argument
2025-11-21T05:08:47.382338+00:00 mail postfix/postfix-script[24655]: starting the Postfix mail system
2025-11-21T05:08:47.388049+00:00 mail postfix/master[24656]: fatal: chmod socket private/smtpd: Invalid argument
2025-11-21T05:08:53.500947+00:00 mail postfix/postfix-script[24734]: starting the Postfix mail system
2025-11-21T05:08:53.507432+00:00 mail postfix/master[24735]: fatal: chmod socket private/smtpd: Invalid argument
2025-11-21T05:08:59.540938+00:00 mail postfix/postfix-script[24813]: starting the Postfix mail system
2025-11-21T05:08:59.546782+00:00 mail postfix/master[24814]: fatal: chmod socket private/smtpd: Invalid argument
2025-11-21T05:09:05.699665+00:00 mail postfix/postfix-script[24895]: starting the Postfix mail system
2025-11-21T05:09:05.709352+00:00 mail postfix/master[24896]: fatal: chmod socket private/smtpd: Invalid argument
2025-11-21T05:09:11.710664+00:00 mail postfix/postfix-script[24974]: starting the Postfix mail system
2025-11-21T05:09:11.717052+00:00 mail postfix/master[24975]: fatal: chmod socket private/smtpd: Invalid argument
2025-11-21T05:09:17.884875+00:00 mail postfix/postfix-script[25053]: starting the Postfix mail system
2025-11-21T05:09:17.894218+00:00 mail postfix/master[25054]: fatal: chmod socket private/smtpd: Invalid argument
2025-11-21T05:09:23.976114+00:00 mail postfix/postfix-script[25132]: starting the Postfix mail system
2025-11-21T05:09:23.984368+00:00 mail postfix/master[25133]: fatal: chmod socket private/smtpd: Invalid argument
2025-11-21T05:09:30.291796+00:00 mail postfix/postfix-script[25211]: starting the Postfix mail system
2025-11-21T05:09:30.300585+00:00 mail postfix/master[25212]: fatal: chmod socket private/smtpd: Invalid argument
2025-11-21T05:09:38.914232+00:00 mail postfix/postfix-script[25293]: starting the Postfix mail system
2025-11-21T05:09:38.958892+00:00 mail postfix/master[25294]: fatal: chmod socket private/smtpd: Invalid argument
2025-11-21T05:09:45.085068+00:00 mail postfix/postfix-script[25372]: starting the Postfix mail system
2025-11-21T05:09:45.121086+00:00 mail postfix/master[25373]: fatal: chmod socket private/smtpd: Invalid argument
2025-11-21T05:09:51.535841+00:00 mail postfix/postfix-script[25451]: starting the Postfix mail system
2025-11-21T05:09:51.559465+00:00 mail postfix/master[25452]: fatal: chmod socket private/smtpd: Invalid argument
2025-11-21T05:09:58.294883+00:00 mail postfix/postfix-script[25533]: starting the Postfix mail system
2025-11-21T05:09:58.320597+00:00 mail postfix/master[25534]: fatal: chmod socket private/smtpd: Invalid argument
2025-11-21T05:10:04.199490+00:00 mail postfix/postfix-script[25609]: starting the Postfix mail system
2025-11-21T05:10:04.229385+00:00 mail postfix/master[25610]: fatal: chmod socket private/smtpd: Invalid argument
2025-11-21T05:10:10.537077+00:00 mail postfix/postfix-script[25691]: starting the Postfix mail system
2025-11-21T05:10:10.560665+00:00 mail postfix/master[25692]: fatal: chmod socket private/smtpd: Invalid argument
2025-11-21T05:10:16.068111+00:00 mail postfix/postfix-script[25767]: starting the Postfix mail system
2025-11-21T05:10:16.077448+00:00 mail postfix/master[25768]: fatal: chmod socket private/smtpd: Invalid argument
2025-11-21T05:10:22.905986+00:00 mail postfix/postfix-script[25849]: starting the Postfix mail system
2025-11-21T05:10:22.992831+00:00 mail postfix/master[25850]: fatal: chmod socket private/smtpd: Invalid argument
2025-11-21T05:10:29.401192+00:00 mail postfix/postfix-script[25928]: starting the Postfix mail system
2025-11-21T05:10:29.420488+00:00 mail postfix/master[25929]: fatal: chmod socket private/smtpd: Invalid argument
2025-11-21T05:10:36.210097+00:00 mail postfix/postfix-script[26007]: starting the Postfix mail system
2025-11-21T05:10:36.222931+00:00 mail postfix/master[26008]: fatal: chmod socket private/smtpd: Invalid argument
2025-11-21T05:10:41.415751+00:00 mail postfix/postfix-script[26086]: starting the Postfix mail system
2025-11-21T05:10:41.427473+00:00 mail postfix/master[26087]: fatal: chmod socket private/smtpd: Invalid argument
2025-11-21T05:10:47.235211+00:00 mail postfix/postfix-script[26165]: starting the Postfix mail system
2025-11-21T05:10:47.241221+00:00 mail postfix/master[26166]: fatal: chmod socket private/smtpd: Invalid argument
2025-11-21T05:10:53.357412+00:00 mail postfix/postfix-script[26244]: starting the Postfix mail system
2025-11-21T05:10:53.363980+00:00 mail postfix/master[26245]: fatal: chmod socket private/smtpd: Invalid argument
2025-11-21T05:10:59.444859+00:00 mail postfix/postfix-script[26323]: starting the Postfix mail system
2025-11-21T05:10:59.450683+00:00 mail postfix/master[26324]: fatal: chmod socket private/smtpd: Invalid argument
2025-11-21T05:11:05.505559+00:00 mail postfix/postfix-script[26402]: starting the Postfix mail system
2025-11-21T05:11:05.511501+00:00 mail postfix/master[26403]: fatal: chmod socket private/smtpd: Invalid argument
2025-11-21T05:11:11.630933+00:00 mail postfix/postfix-script[26481]: starting the Postfix mail system
2025-11-21T05:11:11.642035+00:00 mail postfix/master[26482]: fatal: chmod socket private/smtpd: Invalid argument
2025-11-21T05:11:17.631699+00:00 mail postfix/postfix-script[26560]: starting the Postfix mail system
2025-11-21T05:11:17.638646+00:00 mail postfix/master[26561]: fatal: chmod socket private/smtpd: Invalid argument
2025-11-21T05:11:23.752381+00:00 mail postfix/postfix-script[26639]: starting the Postfix mail system
2025-11-21T05:11:23.761510+00:00 mail postfix/master[26640]: fatal: chmod socket private/smtpd: Invalid argument
2025-11-21T05:11:29.765502+00:00 mail postfix/postfix-script[26718]: starting the Postfix mail system
2025-11-21T05:11:29.772425+00:00 mail postfix/master[26719]: fatal: chmod socket private/smtpd: Invalid argument
2025-11-21T05:11:35.826346+00:00 mail postfix/postfix-script[26797]: starting the Postfix mail system
2025-11-21T05:11:35.831844+00:00 mail postfix/master[26798]: fatal: chmod socket private/smtpd: Invalid argument
2025-11-21T05:11:42.108247+00:00 mail postfix/postfix-script[26876]: starting the Postfix mail system
2025-11-21T05:11:42.116904+00:00 mail postfix/master[26877]: fatal: chmod socket private/smtpd: Invalid argument
2025-11-21T05:11:48.208316+00:00 mail postfix/postfix-script[26955]: starting the Postfix mail system
2025-11-21T05:11:48.213851+00:00 mail postfix/master[26956]: fatal: chmod socket private/smtpd: Invalid argument
2025-11-21T05:11:54.164540+00:00 mail postfix/postfix-script[27034]: starting the Postfix mail system
2025-11-21T05:11:54.170980+00:00 mail postfix/master[27035]: fatal: chmod socket private/smtpd: Invalid argument
2025-11-21T05:12:00.301993+00:00 mail postfix/postfix-script[27113]: starting the Postfix mail system
2025-11-21T05:12:00.308354+00:00 mail postfix/master[27114]: fatal: chmod socket private/smtpd: Invalid argument
2025-11-21T05:12:06.330685+00:00 mail postfix/postfix-script[27192]: starting the Postfix mail system
2025-11-21T05:12:06.336790+00:00 mail postfix/master[27193]: fatal: chmod socket private/smtpd: Invalid argument
2025-11-21T05:12:12.474217+00:00 mail postfix/postfix-script[27271]: starting the Postfix mail system
2025-11-21T05:12:12.480753+00:00 mail postfix/master[27272]: fatal: chmod socket private/smtpd: Invalid argument
2025-11-21T05:12:20.467825+00:00 mail postfix/postfix-script[27353]: starting the Postfix mail system
2025-11-21T05:12:20.531381+00:00 mail postfix/master[27354]: fatal: chmod socket private/smtpd: Invalid argument
2025-11-21T05:12:27.427905+00:00 mail postfix/postfix-script[27432]: starting the Postfix mail system
2025-11-21T05:12:27.450590+00:00 mail postfix/master[27433]: fatal: chmod socket private/smtpd: Invalid argument
2025-11-21T05:12:34.158680+00:00 mail postfix/postfix-script[27514]: starting the Postfix mail system
2025-11-21T05:12:34.228509+00:00 mail postfix/master[27515]: fatal: chmod socket private/smtpd: Invalid argument
2025-11-21T05:12:39.820541+00:00 mail postfix/postfix-script[27590]: starting the Postfix mail system
2025-11-21T05:12:39.846432+00:00 mail postfix/master[27591]: fatal: chmod socket private/smtpd: Invalid argument
2025-11-21T05:12:46.264940+00:00 mail postfix/postfix-script[27669]: starting the Postfix mail system
2025-11-21T05:12:46.295934+00:00 mail postfix/master[27670]: fatal: chmod socket private/smtpd: Invalid argument
2025-11-21T05:12:52.973464+00:00 mail postfix/postfix-script[27751]: starting the Postfix mail system
2025-11-21T05:12:53.027344+00:00 mail postfix/master[27752]: fatal: chmod socket private/smtpd: Invalid argument
2025-11-21T05:12:59.136020+00:00 mail postfix/postfix-script[27830]: starting the Postfix mail system
2025-11-21T05:12:59.173048+00:00 mail postfix/master[27831]: fatal: chmod socket private/smtpd: Invalid argument
2025-11-21T05:13:05.976039+00:00 mail postfix/postfix-script[27909]: starting the Postfix mail system
2025-11-21T05:13:05.999436+00:00 mail postfix/master[27910]: fatal: chmod socket private/smtpd: Invalid argument
2025-11-21T05:13:12.544195+00:00 mail postfix/postfix-script[27988]: starting the Postfix mail system
2025-11-21T05:13:12.577107+00:00 mail postfix/master[27989]: fatal: chmod socket private/smtpd: Invalid argument
2025-11-21T05:13:19.041028+00:00 mail postfix/postfix-script[28070]: starting the Postfix mail system
2025-11-21T05:13:19.075237+00:00 mail postfix/master[28071]: fatal: chmod socket private/smtpd: Invalid argument
2025-11-21T05:13:23.990768+00:00 mail postfix/postfix-script[28146]: starting the Postfix mail system
2025-11-21T05:13:24.001076+00:00 mail postfix/master[28147]: fatal: chmod socket private/smtpd: Invalid argument
2025-11-21T05:13:30.103619+00:00 mail postfix/postfix-script[28225]: starting the Postfix mail system
2025-11-21T05:13:30.111054+00:00 mail postfix/master[28226]: fatal: chmod socket private/smtpd: Invalid argument
2025-11-21T05:13:36.145550+00:00 mail postfix/postfix-script[28304]: starting the Postfix mail system
2025-11-21T05:13:36.151392+00:00 mail postfix/master[28305]: fatal: chmod socket private/smtpd: Invalid argument
2025-11-21T05:13:42.213355+00:00 mail postfix/postfix-script[28383]: starting the Postfix mail system
2025-11-21T05:13:42.220005+00:00 mail postfix/master[28384]: fatal: chmod socket private/smtpd: Invalid argument
2025-11-21T05:13:49.767397+00:00 mail postfix/postfix-script[28465]: starting the Postfix mail system
2025-11-21T05:13:49.793855+00:00 mail postfix/master[28466]: fatal: chmod socket private/smtpd: Invalid argument
2025-11-21T05:13:56.670865+00:00 mail postfix/postfix-script[28544]: starting the Postfix mail system
2025-11-21T05:13:56.704289+00:00 mail postfix/master[28545]: fatal: chmod socket private/smtpd: Invalid argument
2025-11-21T05:14:02.924469+00:00 mail postfix/postfix-script[28623]: starting the Postfix mail system
2025-11-21T05:14:02.963542+00:00 mail postfix/master[28624]: fatal: chmod socket private/smtpd: Invalid argument
2025-11-21T05:14:09.820070+00:00 mail postfix/postfix-script[28705]: starting the Postfix mail system
2025-11-21T05:14:09.856413+00:00 mail postfix/master[28706]: fatal: chmod socket private/smtpd: Invalid argument
2025-11-21T05:14:16.267971+00:00 mail postfix/postfix-script[28784]: starting the Postfix mail system
2025-11-21T05:14:16.298944+00:00 mail postfix/master[28785]: fatal: chmod socket private/smtpd: Invalid argument
2025-11-21T05:14:22.686326+00:00 mail postfix/postfix-script[28863]: starting the Postfix mail system
2025-11-21T05:14:22.717193+00:00 mail postfix/master[28864]: fatal: chmod socket private/smtpd: Invalid argument
2025-11-21T05:14:28.881255+00:00 mail postfix/postfix-script[28942]: starting the Postfix mail system
2025-11-21T05:14:28.905157+00:00 mail postfix/master[28943]: fatal: chmod socket private/smtpd: Invalid argument
2025-11-21T05:14:35.890267+00:00 mail postfix/postfix-script[29021]: starting the Postfix mail system
2025-11-21T05:14:35.922300+00:00 mail postfix/master[29022]: fatal: chmod socket private/smtpd: Invalid argument
2025-11-21T05:14:41.708048+00:00 mail postfix/postfix-script[29100]: starting the Postfix mail system
2025-11-21T05:14:41.731852+00:00 mail postfix/master[29101]: fatal: chmod socket private/smtpd: Invalid argument
2025-11-21T05:14:49.086291+00:00 mail postfix/postfix-script[29182]: starting the Postfix mail system
2025-11-21T05:14:49.175593+00:00 mail postfix/master[29183]: fatal: chmod socket private/smtpd: Invalid argument
2025-11-21T05:14:55.098018+00:00 mail postfix/postfix-script[29261]: starting the Postfix mail system
2025-11-21T05:14:55.138537+00:00 mail postfix/master[29262]: fatal: chmod socket private/smtpd: Invalid argument
2025-11-21T05:15:01.766734+00:00 mail postfix/postfix-script[29340]: starting the Postfix mail system
2025-11-21T05:15:01.815246+00:00 mail postfix/master[29341]: fatal: chmod socket private/smtpd: Invalid argument
2025-11-21T05:15:08.698476+00:00 mail postfix/postfix-script[29422]: starting the Postfix mail system
2025-11-21T05:15:08.736337+00:00 mail postfix/master[29423]: fatal: chmod socket private/smtpd: Invalid argument
2025-11-21T05:15:14.830469+00:00 mail postfix/postfix-script[29501]: starting the Postfix mail system
2025-11-21T05:15:14.856401+00:00 mail postfix/master[29502]: fatal: chmod socket private/smtpd: Invalid argument
2025-11-21T05:15:21.106112+00:00 mail postfix/postfix-script[29580]: starting the Postfix mail system
2025-11-21T05:15:21.121114+00:00 mail postfix/master[29581]: fatal: chmod socket private/smtpd: Invalid argument
2025-11-21T05:15:27.817263+00:00 mail postfix/postfix-script[29659]: starting the Postfix mail system
2025-11-21T05:15:27.852308+00:00 mail postfix/master[29660]: fatal: chmod socket private/smtpd: Invalid argument
2025-11-21T05:15:33.048142+00:00 mail postfix/postfix-script[29738]: starting the Postfix mail system
2025-11-21T05:15:33.084083+00:00 mail postfix/master[29739]: fatal: chmod socket private/smtpd: Invalid argument
2025-11-21T05:15:40.340429+00:00 mail postfix/postfix-script[29817]: starting the Postfix mail system
2025-11-21T05:15:40.376182+00:00 mail postfix/master[29818]: fatal: chmod socket private/smtpd: Invalid argument
2025-11-21T05:15:46.669000+00:00 mail postfix/postfix-script[29896]: starting the Postfix mail system
2025-11-21T05:15:46.701202+00:00 mail postfix/master[29897]: fatal: chmod socket private/smtpd: Invalid argument
2025-11-21T05:15:53.116703+00:00 mail postfix/postfix-script[29975]: starting the Postfix mail system
2025-11-21T05:15:53.189594+00:00 mail postfix/master[29976]: fatal: chmod socket private/smtpd: Invalid argument
2025-11-21T05:15:59.892438+00:00 mail postfix/postfix-script[30057]: starting the Postfix mail system
2025-11-21T05:15:59.923880+00:00 mail postfix/master[30058]: fatal: chmod socket private/smtpd: Invalid argument
2025-11-21T05:16:05.190007+00:00 mail postfix/postfix-script[30133]: starting the Postfix mail system
2025-11-21T05:16:05.203520+00:00 mail postfix/master[30134]: fatal: chmod socket private/smtpd: Invalid argument
2025-11-21T05:16:11.060354+00:00 mail postfix/postfix-script[30212]: starting the Postfix mail system
2025-11-21T05:16:11.069578+00:00 mail postfix/master[30213]: fatal: chmod socket private/smtpd: Invalid argument
2025-11-21T05:16:17.104063+00:00 mail postfix/postfix-script[30291]: starting the Postfix mail system
2025-11-21T05:16:17.112230+00:00 mail postfix/master[30292]: fatal: chmod socket private/smtpd: Invalid argument
2025-11-21T05:16:23.113929+00:00 mail postfix/postfix-script[30370]: starting the Postfix mail system
2025-11-21T05:16:23.120755+00:00 mail postfix/master[30371]: fatal: chmod socket private/smtpd: Invalid argument
2025-11-21T05:16:29.160862+00:00 mail postfix/postfix-script[30449]: starting the Postfix mail system
2025-11-21T05:16:29.166881+00:00 mail postfix/master[30450]: fatal: chmod socket private/smtpd: Invalid argument
2025-11-21T05:16:35.280725+00:00 mail postfix/postfix-script[30528]: starting the Postfix mail system
2025-11-21T05:16:35.287563+00:00 mail postfix/master[30529]: fatal: chmod socket private/smtpd: Invalid argument
2025-11-21T05:16:41.295417+00:00 mail postfix/postfix-script[30607]: starting the Postfix mail system
2025-11-21T05:16:41.300998+00:00 mail postfix/master[30608]: fatal: chmod socket private/smtpd: Invalid argument
2025-11-21T05:16:47.380627+00:00 mail postfix/postfix-script[30686]: starting the Postfix mail system
2025-11-21T05:16:47.385930+00:00 mail postfix/master[30687]: fatal: chmod socket private/smtpd: Invalid argument
2025-11-21T05:16:53.435787+00:00 mail postfix/postfix-script[30765]: starting the Postfix mail system
2025-11-21T05:16:53.440849+00:00 mail postfix/master[30766]: fatal: chmod socket private/smtpd: Invalid argument
2025-11-21T05:16:59.499177+00:00 mail postfix/postfix-script[30844]: starting the Postfix mail system
2025-11-21T05:16:59.506225+00:00 mail postfix/master[30845]: fatal: chmod socket private/smtpd: Invalid argument
2025-11-21T05:17:05.668584+00:00 mail postfix/postfix-script[30926]: starting the Postfix mail system
2025-11-21T05:17:05.674678+00:00 mail postfix/master[30927]: fatal: chmod socket private/smtpd: Invalid argument
2025-11-21T05:17:11.679078+00:00 mail postfix/postfix-script[31005]: starting the Postfix mail system
2025-11-21T05:17:11.684489+00:00 mail postfix/master[31006]: fatal: chmod socket private/smtpd: Invalid argument
2025-11-21T05:17:17.790828+00:00 mail postfix/postfix-script[31084]: starting the Postfix mail system
2025-11-21T05:17:17.796170+00:00 mail postfix/master[31085]: fatal: chmod socket private/smtpd: Invalid argument
2025-11-21T05:17:23.841252+00:00 mail postfix/postfix-script[31163]: starting the Postfix mail system
2025-11-21T05:17:23.847349+00:00 mail postfix/master[31164]: fatal: chmod socket private/smtpd: Invalid argument
2025-11-21T05:17:29.937577+00:00 mail postfix/postfix-script[31242]: starting the Postfix mail system
2025-11-21T05:17:29.943574+00:00 mail postfix/master[31243]: fatal: chmod socket private/smtpd: Invalid argument
2025-11-21T05:17:36.043875+00:00 mail postfix/postfix-script[31324]: starting the Postfix mail system
2025-11-21T05:17:36.049157+00:00 mail postfix/master[31325]: fatal: chmod socket private/smtpd: Invalid argument
2025-11-21T05:17:42.111366+00:00 mail postfix/postfix-script[31403]: starting the Postfix mail system
2025-11-21T05:17:42.116870+00:00 mail postfix/master[31404]: fatal: chmod socket private/smtpd: Invalid argument
2025-11-21T05:17:48.194470+00:00 mail postfix/postfix-script[31482]: starting the Postfix mail system
2025-11-21T05:17:48.199756+00:00 mail postfix/master[31483]: fatal: chmod socket private/smtpd: Invalid argument
2025-11-21T05:17:54.273832+00:00 mail postfix/postfix-script[31561]: starting the Postfix mail system
2025-11-21T05:17:54.279381+00:00 mail postfix/master[31562]: fatal: chmod socket private/smtpd: Invalid argument
2025-11-21T05:18:00.352016+00:00 mail postfix/postfix-script[31640]: starting the Postfix mail system
2025-11-21T05:18:00.357759+00:00 mail postfix/master[31641]: fatal: chmod socket private/smtpd: Invalid argument
2025-11-21T05:18:06.458815+00:00 mail postfix/postfix-script[31719]: starting the Postfix mail system
2025-11-21T05:18:06.465004+00:00 mail postfix/master[31720]: fatal: chmod socket private/smtpd: Invalid argument
2025-11-21T05:18:12.514535+00:00 mail postfix/postfix-script[31798]: starting the Postfix mail system
2025-11-21T05:18:12.519566+00:00 mail postfix/master[31799]: fatal: chmod socket private/smtpd: Invalid argument
2025-11-21T05:18:18.617812+00:00 mail postfix/postfix-script[31877]: starting the Postfix mail system
2025-11-21T05:18:18.623037+00:00 mail postfix/master[31878]: fatal: chmod socket private/smtpd: Invalid argument
2025-11-21T05:18:24.726558+00:00 mail postfix/postfix-script[31956]: starting the Postfix mail system
2025-11-21T05:18:24.732180+00:00 mail postfix/master[31957]: fatal: chmod socket private/smtpd: Invalid argument
2025-11-21T05:18:30.912588+00:00 mail postfix/postfix-script[32035]: starting the Postfix mail system
2025-11-21T05:18:30.920382+00:00 mail postfix/master[32036]: fatal: chmod socket private/smtpd: Invalid argument
2025-11-21T05:18:36.854848+00:00 mail postfix/postfix-script[32114]: starting the Postfix mail system
2025-11-21T05:18:36.863760+00:00 mail postfix/master[32115]: fatal: chmod socket private/smtpd: Invalid argument
2025-11-21T05:18:42.915470+00:00 mail postfix/postfix-script[32193]: starting the Postfix mail system
2025-11-21T05:18:42.920937+00:00 mail postfix/master[32194]: fatal: chmod socket private/smtpd: Invalid argument
2025-11-21T05:18:49.129261+00:00 mail postfix/postfix-script[32272]: starting the Postfix mail system
2025-11-21T05:18:49.136640+00:00 mail postfix/master[32273]: fatal: chmod socket private/smtpd: Invalid argument
2025-11-21T05:18:55.095497+00:00 mail postfix/postfix-script[32351]: starting the Postfix mail system
2025-11-21T05:18:55.101605+00:00 mail postfix/master[32352]: fatal: chmod socket private/smtpd: Invalid argument
2025-11-21T05:19:01.168462+00:00 mail postfix/postfix-script[32430]: starting the Postfix mail system
2025-11-21T05:19:01.173533+00:00 mail postfix/master[32431]: fatal: chmod socket private/smtpd: Invalid argument
2025-11-21T05:19:07.253881+00:00 mail postfix/postfix-script[32509]: starting the Postfix mail system
2025-11-21T05:19:07.260987+00:00 mail postfix/master[32510]: fatal: chmod socket private/smtpd: Invalid argument
2025-11-21T05:19:13.343154+00:00 mail postfix/postfix-script[32588]: starting the Postfix mail system
2025-11-21T05:19:13.348393+00:00 mail postfix/master[32589]: fatal: chmod socket private/smtpd: Invalid argument
2025-11-21T05:19:19.478304+00:00 mail postfix/postfix-script[32667]: starting the Postfix mail system
2025-11-21T05:19:19.491145+00:00 mail postfix/master[32668]: fatal: chmod socket private/smtpd: Invalid argument
2025-11-21T05:19:25.501827+00:00 mail postfix/postfix-script[32746]: starting the Postfix mail system
2025-11-21T05:19:25.506799+00:00 mail postfix/master[32747]: fatal: chmod socket private/smtpd: Invalid argument
2025-11-21T05:19:31.575645+00:00 mail postfix/postfix-script[32825]: starting the Postfix mail system
2025-11-21T05:19:31.580793+00:00 mail postfix/master[32826]: fatal: chmod socket private/smtpd: Invalid argument
2025-11-21T05:19:37.756112+00:00 mail postfix/postfix-script[32904]: starting the Postfix mail system
2025-11-21T05:19:37.762345+00:00 mail postfix/master[32905]: fatal: chmod socket private/smtpd: Invalid argument
2025-11-21T05:19:43.180799+00:00 mail postfix/postfix-script[32983]: starting the Postfix mail system
2025-11-21T05:19:43.193039+00:00 mail postfix/master[32984]: fatal: chmod socket private/smtpd: Invalid argument
2025-11-21T05:19:51.081162+00:00 mail postfix/postfix-script[33065]: starting the Postfix mail system
2025-11-21T05:19:51.112123+00:00 mail postfix/master[33066]: fatal: chmod socket private/smtpd: Invalid argument
2025-11-21T05:19:57.092727+00:00 mail postfix/postfix-script[33144]: starting the Postfix mail system
2025-11-21T05:19:57.144771+00:00 mail postfix/master[33145]: fatal: chmod socket private/smtpd: Invalid argument
2025-11-21T05:20:03.877457+00:00 mail postfix/postfix-script[33223]: starting the Postfix mail system
2025-11-21T05:20:03.913516+00:00 mail postfix/master[33224]: fatal: chmod socket private/smtpd: Invalid argument
2025-11-21T05:20:10.130488+00:00 mail postfix/postfix-script[33302]: starting the Postfix mail system
2025-11-21T05:20:10.162879+00:00 mail postfix/master[33303]: fatal: chmod socket private/smtpd: Invalid argument
2025-11-21T05:20:17.085657+00:00 mail postfix/postfix-script[33381]: starting the Postfix mail system
2025-11-21T05:20:17.115067+00:00 mail postfix/master[33382]: fatal: chmod socket private/smtpd: Invalid argument
2025-11-21T05:20:23.439519+00:00 mail postfix/postfix-script[33460]: starting the Postfix mail system
2025-11-21T05:20:23.472629+00:00 mail postfix/master[33461]: fatal: chmod socket private/smtpd: Invalid argument
2025-11-21T05:20:29.849319+00:00 mail postfix/postfix-script[33542]: starting the Postfix mail system
2025-11-21T05:20:29.880186+00:00 mail postfix/master[33543]: fatal: chmod socket private/smtpd: Invalid argument
2025-11-21T05:20:36.630096+00:00 mail postfix/postfix-script[33621]: starting the Postfix mail system
2025-11-21T05:20:36.678941+00:00 mail postfix/master[33622]: fatal: chmod socket private/smtpd: Invalid argument
2025-11-21T05:20:42.925897+00:00 mail postfix/postfix-script[33700]: starting the Postfix mail system
2025-11-21T05:20:42.961156+00:00 mail postfix/master[33701]: fatal: chmod socket private/smtpd: Invalid argument
2025-11-21T05:20:49.721901+00:00 mail postfix/postfix-script[33779]: starting the Postfix mail system
2025-11-21T05:20:49.737732+00:00 mail postfix/master[33780]: fatal: chmod socket private/smtpd: Invalid argument
2025-11-21T05:20:56.227370+00:00 mail postfix/postfix-script[33861]: starting the Postfix mail system
2025-11-21T05:20:56.280635+00:00 mail postfix/master[33862]: fatal: chmod socket private/smtpd: Invalid argument
2025-11-21T05:21:02.664375+00:00 mail postfix/postfix-script[33940]: starting the Postfix mail system
2025-11-21T05:21:02.690553+00:00 mail postfix/master[33941]: fatal: chmod socket private/smtpd: Invalid argument
2025-11-21T05:21:09.742137+00:00 mail postfix/postfix-script[34019]: starting the Postfix mail system
2025-11-21T05:21:09.765527+00:00 mail postfix/master[34020]: fatal: chmod socket private/smtpd: Invalid argument
2025-11-21T05:21:16.041240+00:00 mail postfix/postfix-script[34098]: starting the Postfix mail system
2025-11-21T05:21:16.073646+00:00 mail postfix/master[34099]: fatal: chmod socket private/smtpd: Invalid argument
2025-11-21T05:21:22.821713+00:00 mail postfix/postfix-script[34180]: starting the Postfix mail system
2025-11-21T05:21:22.856693+00:00 mail postfix/master[34181]: fatal: chmod socket private/smtpd: Invalid argument
2025-11-21T05:21:29.155674+00:00 mail postfix/postfix-script[34259]: starting the Postfix mail system
2025-11-21T05:21:29.187250+00:00 mail postfix/master[34260]: fatal: chmod socket private/smtpd: Invalid argument
2025-11-21T05:21:35.606570+00:00 mail postfix/postfix-script[34338]: starting the Postfix mail system
2025-11-21T05:21:35.647103+00:00 mail postfix/master[34339]: fatal: chmod socket private/smtpd: Invalid argument
2025-11-21T05:21:42.050410+00:00 mail postfix/postfix-script[34417]: starting the Postfix mail system
2025-11-21T05:21:42.071880+00:00 mail postfix/master[34418]: fatal: chmod socket private/smtpd: Invalid argument
2025-11-21T05:21:49.002398+00:00 mail postfix/postfix-script[34496]: starting the Postfix mail system
2025-11-21T05:21:49.051086+00:00 mail postfix/master[34497]: fatal: chmod socket private/smtpd: Invalid argument
2025-11-21T05:21:55.525703+00:00 mail postfix/postfix-script[34578]: starting the Postfix mail system
2025-11-21T05:21:55.559453+00:00 mail postfix/master[34579]: fatal: chmod socket private/smtpd: Invalid argument
2025-11-21T05:22:02.104735+00:00 mail postfix/postfix-script[34657]: starting the Postfix mail system
2025-11-21T05:22:02.129359+00:00 mail postfix/master[34658]: fatal: chmod socket private/smtpd: Invalid argument
2025-11-21T05:22:08.072741+00:00 mail postfix/postfix-script[34736]: starting the Postfix mail system
2025-11-21T05:22:08.095088+00:00 mail postfix/master[34737]: fatal: chmod socket private/smtpd: Invalid argument
2025-11-21T05:22:14.614665+00:00 mail postfix/postfix-script[34815]: starting the Postfix mail system
2025-11-21T05:22:14.641776+00:00 mail postfix/master[34816]: fatal: chmod socket private/smtpd: Invalid argument
2025-11-21T05:22:21.719048+00:00 mail postfix/postfix-script[34894]: starting the Postfix mail system
2025-11-21T05:22:21.775666+00:00 mail postfix/master[34895]: fatal: chmod socket private/smtpd: Invalid argument
2025-11-21T05:22:27.446435+00:00 mail postfix/postfix-script[34973]: starting the Postfix mail system
2025-11-21T05:22:27.479348+00:00 mail postfix/master[34974]: fatal: chmod socket private/smtpd: Invalid argument
2025-11-21T05:22:33.124396+00:00 mail postfix/postfix-script[35052]: starting the Postfix mail system
2025-11-21T05:22:33.168436+00:00 mail postfix/master[35053]: fatal: chmod socket private/smtpd: Invalid argument
2025-11-21T05:22:38.394431+00:00 mail postfix/postfix-script[35128]: starting the Postfix mail system
2025-11-21T05:22:38.426642+00:00 mail postfix/master[35129]: fatal: chmod socket private/smtpd: Invalid argument
2025-11-21T05:22:45.429918+00:00 mail postfix/postfix-script[35210]: starting the Postfix mail system
2025-11-21T05:22:45.474966+00:00 mail postfix/master[35211]: fatal: chmod socket private/smtpd: Invalid argument
2025-11-21T05:22:51.803905+00:00 mail postfix/postfix-script[35289]: starting the Postfix mail system
2025-11-21T05:22:51.847096+00:00 mail postfix/master[35290]: fatal: chmod socket private/smtpd: Invalid argument
2025-11-21T05:22:58.708169+00:00 mail postfix/postfix-script[35368]: starting the Postfix mail system
2025-11-21T05:22:58.747198+00:00 mail postfix/master[35369]: fatal: chmod socket private/smtpd: Invalid argument
2025-11-21T05:23:05.425212+00:00 mail postfix/postfix-script[35450]: starting the Postfix mail system
2025-11-21T05:23:05.462975+00:00 mail postfix/master[35451]: fatal: chmod socket private/smtpd: Invalid argument
2025-11-21T05:23:11.723840+00:00 mail postfix/postfix-script[35529]: starting the Postfix mail system
2025-11-21T05:23:11.750381+00:00 mail postfix/master[35530]: fatal: chmod socket private/smtpd: Invalid argument
2025-11-21T05:23:18.573748+00:00 mail postfix/postfix-script[35608]: starting the Postfix mail system
2025-11-21T05:23:18.614894+00:00 mail postfix/master[35609]: fatal: chmod socket private/smtpd: Invalid argument
2025-11-21T05:23:25.093112+00:00 mail postfix/postfix-script[35687]: starting the Postfix mail system
2025-11-21T05:23:25.132334+00:00 mail postfix/master[35688]: fatal: chmod socket private/smtpd: Invalid argument
2025-11-21T05:23:31.558596+00:00 mail postfix/postfix-script[35766]: starting the Postfix mail system
2025-11-21T05:23:31.581089+00:00 mail postfix/master[35767]: fatal: chmod socket private/smtpd: Invalid argument
2025-11-21T05:23:38.078912+00:00 mail postfix/postfix-script[35845]: starting the Postfix mail system
2025-11-21T05:23:38.119061+00:00 mail postfix/master[35846]: fatal: chmod socket private/smtpd: Invalid argument
2025-11-21T05:23:44.582551+00:00 mail postfix/postfix-script[35927]: starting the Postfix mail system
2025-11-21T05:23:44.608063+00:00 mail postfix/master[35928]: fatal: chmod socket private/smtpd: Invalid argument
2025-11-21T05:23:51.067601+00:00 mail postfix/postfix-script[36006]: starting the Postfix mail system
2025-11-21T05:23:51.110978+00:00 mail postfix/master[36007]: fatal: chmod socket private/smtpd: Invalid argument
2025-11-21T05:23:56.473856+00:00 mail postfix/postfix-script[36085]: starting the Postfix mail system
2025-11-21T05:23:56.499299+00:00 mail postfix/master[36086]: fatal: chmod socket private/smtpd: Invalid argument
2025-11-21T05:24:02.517419+00:00 mail postfix/postfix-script[36164]: starting the Postfix mail system
2025-11-21T05:24:02.530230+00:00 mail postfix/master[36165]: fatal: chmod socket private/smtpd: Invalid argument
2025-11-21T05:24:08.403571+00:00 mail postfix/postfix-script[36240]: starting the Postfix mail system
2025-11-21T05:24:08.413130+00:00 mail postfix/master[36241]: fatal: chmod socket private/smtpd: Invalid argument
2025-11-21T05:24:14.429772+00:00 mail postfix/postfix-script[36319]: starting the Postfix mail system
2025-11-21T05:24:14.436878+00:00 mail postfix/master[36320]: fatal: chmod socket private/smtpd: Invalid argument
2025-11-21T05:24:20.456138+00:00 mail postfix/postfix-script[36398]: starting the Postfix mail system
2025-11-21T05:24:20.462486+00:00 mail postfix/master[36399]: fatal: chmod socket private/smtpd: Invalid argument
2025-11-21T05:24:26.540945+00:00 mail postfix/postfix-script[36477]: starting the Postfix mail system
2025-11-21T05:24:26.549025+00:00 mail postfix/master[36478]: fatal: chmod socket private/smtpd: Invalid argument
2025-11-21T05:24:32.609619+00:00 mail postfix/postfix-script[36556]: starting the Postfix mail system
2025-11-21T05:24:32.615552+00:00 mail postfix/master[36557]: fatal: chmod socket private/smtpd: Invalid argument
2025-11-21T05:24:38.642637+00:00 mail postfix/postfix-script[36635]: starting the Postfix mail system
2025-11-21T05:24:38.648289+00:00 mail postfix/master[36636]: fatal: chmod socket private/smtpd: Invalid argument
2025-11-21T05:24:44.961811+00:00 mail postfix/postfix-script[36717]: starting the Postfix mail system
2025-11-21T05:24:44.971512+00:00 mail postfix/master[36718]: fatal: chmod socket private/smtpd: Invalid argument
2025-11-21T05:24:50.906735+00:00 mail postfix/postfix-script[36796]: starting the Postfix mail system
2025-11-21T05:24:50.916169+00:00 mail postfix/master[36797]: fatal: chmod socket private/smtpd: Invalid argument
2025-11-21T05:24:56.898477+00:00 mail postfix/postfix-script[36875]: starting the Postfix mail system
2025-11-21T05:24:56.903943+00:00 mail postfix/master[36876]: fatal: chmod socket private/smtpd: Invalid argument
2025-11-21T05:25:03.019537+00:00 mail postfix/postfix-script[36954]: starting the Postfix mail system
2025-11-21T05:25:03.024548+00:00 mail postfix/master[36955]: fatal: chmod socket private/smtpd: Invalid argument
2025-11-21T05:25:09.029452+00:00 mail postfix/postfix-script[37033]: starting the Postfix mail system
2025-11-21T05:25:09.034664+00:00 mail postfix/master[37034]: fatal: chmod socket private/smtpd: Invalid argument
2025-11-21T05:25:15.106827+00:00 mail postfix/postfix-script[37112]: starting the Postfix mail system
2025-11-21T05:25:15.112179+00:00 mail postfix/master[37113]: fatal: chmod socket private/smtpd: Invalid argument
2025-11-21T05:25:21.160757+00:00 mail postfix/postfix-script[37191]: starting the Postfix mail system
2025-11-21T05:25:21.166055+00:00 mail postfix/master[37192]: fatal: chmod socket private/smtpd: Invalid argument
2025-11-21T05:25:27.286044+00:00 mail postfix/postfix-script[37270]: starting the Postfix mail system
2025-11-21T05:25:27.291303+00:00 mail postfix/master[37271]: fatal: chmod socket private/smtpd: Invalid argument
2025-11-21T05:25:33.468780+00:00 mail postfix/postfix-script[37349]: starting the Postfix mail system
2025-11-21T05:25:33.477355+00:00 mail postfix/master[37350]: fatal: chmod socket private/smtpd: Invalid argument
2025-11-21T05:25:39.441240+00:00 mail postfix/postfix-script[37428]: starting the Postfix mail system
2025-11-21T05:25:39.446563+00:00 mail postfix/master[37429]: fatal: chmod socket private/smtpd: Invalid argument
2025-11-21T05:25:44.452437+00:00 mail postfix/postfix-script[37504]: starting the Postfix mail system
2025-11-21T05:25:44.457609+00:00 mail postfix/master[37505]: fatal: chmod socket private/smtpd: Invalid argument
2025-11-21T05:25:50.735774+00:00 mail postfix/postfix-script[37583]: starting the Postfix mail system
2025-11-21T05:25:50.746522+00:00 mail postfix/master[37584]: fatal: chmod socket private/smtpd: Invalid argument
2025-11-21T05:25:56.797979+00:00 mail postfix/postfix-script[37662]: starting the Postfix mail system
2025-11-21T05:25:56.804933+00:00 mail postfix/master[37663]: fatal: chmod socket private/smtpd: Invalid argument
2025-11-21T05:26:02.730814+00:00 mail postfix/postfix-script[37741]: starting the Postfix mail system
2025-11-21T05:26:02.735970+00:00 mail postfix/master[37742]: fatal: chmod socket private/smtpd: Invalid argument
2025-11-21T05:26:08.782940+00:00 mail postfix/postfix-script[37820]: starting the Postfix mail system
2025-11-21T05:26:08.788120+00:00 mail postfix/master[37821]: fatal: chmod socket private/smtpd: Invalid argument
2025-11-21T05:26:14.882288+00:00 mail postfix/postfix-script[37899]: starting the Postfix mail system
2025-11-21T05:26:14.888456+00:00 mail postfix/master[37900]: fatal: chmod socket private/smtpd: Invalid argument
2025-11-21T05:26:20.963482+00:00 mail postfix/postfix-script[37978]: starting the Postfix mail system
2025-11-21T05:26:20.969996+00:00 mail postfix/master[37979]: fatal: chmod socket private/smtpd: Invalid argument
2025-11-21T05:26:27.071953+00:00 mail postfix/postfix-script[38057]: starting the Postfix mail system
2025-11-21T05:26:27.077001+00:00 mail postfix/master[38058]: fatal: chmod socket private/smtpd: Invalid argument
2025-11-21T05:26:33.067873+00:00 mail postfix/postfix-script[38136]: starting the Postfix mail system
2025-11-21T05:26:33.073132+00:00 mail postfix/master[38137]: fatal: chmod socket private/smtpd: Invalid argument
2025-11-21T05:26:39.203363+00:00 mail postfix/postfix-script[38215]: starting the Postfix mail system
2025-11-21T05:26:39.209953+00:00 mail postfix/master[38216]: fatal: chmod socket private/smtpd: Invalid argument
2025-11-21T05:26:45.296270+00:00 mail postfix/postfix-script[38294]: starting the Postfix mail system
2025-11-21T05:26:45.301919+00:00 mail postfix/master[38297]: fatal: chmod socket private/smtpd: Invalid argument
2025-11-21T05:26:51.357037+00:00 mail postfix/postfix-script[38376]: starting the Postfix mail system
2025-11-21T05:26:51.363373+00:00 mail postfix/master[38377]: fatal: chmod socket private/smtpd: Invalid argument
2025-11-21T05:26:57.614327+00:00 mail postfix/postfix-script[38455]: starting the Postfix mail system
2025-11-21T05:26:57.622348+00:00 mail postfix/master[38456]: fatal: chmod socket private/smtpd: Invalid argument
2025-11-21T05:27:03.500823+00:00 mail postfix/postfix-script[38534]: starting the Postfix mail system
2025-11-21T05:27:03.506095+00:00 mail postfix/master[38535]: fatal: chmod socket private/smtpd: Invalid argument
2025-11-21T05:27:09.556278+00:00 mail postfix/postfix-script[38613]: starting the Postfix mail system
2025-11-21T05:27:09.561646+00:00 mail postfix/master[38614]: fatal: chmod socket private/smtpd: Invalid argument
2025-11-21T05:27:15.669454+00:00 mail postfix/postfix-script[38692]: starting the Postfix mail system
2025-11-21T05:27:15.674565+00:00 mail postfix/master[38693]: fatal: chmod socket private/smtpd: Invalid argument
2025-11-21T05:27:21.723792+00:00 mail postfix/postfix-script[38771]: starting the Postfix mail system
2025-11-21T05:27:21.728876+00:00 mail postfix/master[38772]: fatal: chmod socket private/smtpd: Invalid argument
2025-11-21T05:27:27.795884+00:00 mail postfix/postfix-script[38850]: starting the Postfix mail system
2025-11-21T05:27:27.801980+00:00 mail postfix/master[38851]: fatal: chmod socket private/smtpd: Invalid argument
2025-11-21T05:27:33.916150+00:00 mail postfix/postfix-script[38929]: starting the Postfix mail system
2025-11-21T05:27:33.922858+00:00 mail postfix/master[38930]: fatal: chmod socket private/smtpd: Invalid argument
2025-11-21T05:27:40.001850+00:00 mail postfix/postfix-script[39008]: starting the Postfix mail system
2025-11-21T05:27:40.007897+00:00 mail postfix/master[39009]: fatal: chmod socket private/smtpd: Invalid argument
2025-11-21T05:27:47.430697+00:00 mail postfix/postfix-script[39087]: starting the Postfix mail system
2025-11-21T05:27:47.484136+00:00 mail postfix/master[39088]: fatal: chmod socket private/smtpd: Invalid argument
2025-11-21T05:27:57.261006+00:00 mail postfix/postfix-script[39172]: starting the Postfix mail system
2025-11-21T05:27:57.276516+00:00 mail postfix/master[39173]: fatal: chmod socket private/smtpd: Invalid argument
2025-11-21T05:28:01.359939+00:00 mail postfix/postfix-script[39248]: starting the Postfix mail system
2025-11-21T05:28:01.375078+00:00 mail postfix/master[39249]: fatal: chmod socket private/smtpd: Invalid argument
2025-11-21T05:28:06.745614+00:00 mail postfix/postfix-script[39327]: starting the Postfix mail system
2025-11-21T05:28:06.752279+00:00 mail postfix/master[39328]: fatal: chmod socket private/smtpd: Invalid argument
2025-11-21T05:28:13.540364+00:00 mail postfix/postfix-script[39406]: starting the Postfix mail system
2025-11-21T05:28:13.548933+00:00 mail postfix/master[39407]: fatal: chmod socket private/smtpd: Invalid argument
2025-11-21T05:28:20.559195+00:00 mail postfix/postfix-script[39485]: starting the Postfix mail system
2025-11-21T05:28:20.577349+00:00 mail postfix/master[39486]: fatal: chmod socket private/smtpd: Invalid argument
2025-11-21T05:28:26.749866+00:00 mail postfix/postfix-script[39564]: starting the Postfix mail system
2025-11-21T05:28:26.766724+00:00 mail postfix/master[39565]: fatal: chmod socket private/smtpd: Invalid argument
2025-11-21T05:28:35.164441+00:00 mail postfix/postfix-script[39646]: starting the Postfix mail system
2025-11-21T05:28:35.198248+00:00 mail postfix/master[39647]: fatal: chmod socket private/smtpd: Invalid argument
2025-11-21T05:28:39.480294+00:00 mail postfix/postfix-script[39725]: starting the Postfix mail system
2025-11-21T05:28:39.522849+00:00 mail postfix/master[39726]: fatal: chmod socket private/smtpd: Invalid argument
2025-11-21T05:28:45.780587+00:00 mail postfix/postfix-script[39804]: starting the Postfix mail system
2025-11-21T05:28:45.822268+00:00 mail postfix/master[39805]: fatal: chmod socket private/smtpd: Invalid argument
2025-11-21T05:28:51.817999+00:00 mail postfix/postfix-script[39883]: starting the Postfix mail system
2025-11-21T05:28:51.831472+00:00 mail postfix/master[39884]: fatal: chmod socket private/smtpd: Invalid argument
2025-11-21T05:28:59.533599+00:00 mail postfix/postfix-script[39962]: starting the Postfix mail system
2025-11-21T05:28:59.561292+00:00 mail postfix/master[39963]: fatal: chmod socket private/smtpd: Invalid argument
2025-11-21T05:29:05.683899+00:00 mail postfix/postfix-script[40041]: starting the Postfix mail system
2025-11-21T05:29:05.720795+00:00 mail postfix/master[40042]: fatal: chmod socket private/smtpd: Invalid argument
2025-11-21T05:29:11.182637+00:00 mail postfix/postfix-script[40120]: starting the Postfix mail system
2025-11-21T05:29:11.201851+00:00 mail postfix/master[40121]: fatal: chmod socket private/smtpd: Invalid argument
2025-11-21T05:29:17.891138+00:00 mail postfix/postfix-script[40199]: starting the Postfix mail system
2025-11-21T05:29:17.912416+00:00 mail postfix/master[40200]: fatal: chmod socket private/smtpd: Invalid argument
2025-11-21T05:29:23.076665+00:00 mail postfix/postfix-script[40278]: starting the Postfix mail system
2025-11-21T05:29:23.085081+00:00 mail postfix/master[40279]: fatal: chmod socket private/smtpd: Invalid argument
2025-11-21T05:29:29.140881+00:00 mail postfix/postfix-script[40357]: starting the Postfix mail system
2025-11-21T05:29:29.148310+00:00 mail postfix/master[40358]: fatal: chmod socket private/smtpd: Invalid argument
2025-11-21T05:29:35.254446+00:00 mail postfix/postfix-script[40436]: starting the Postfix mail system
2025-11-21T05:29:35.260545+00:00 mail postfix/master[40437]: fatal: chmod socket private/smtpd: Invalid argument
2025-11-21T05:29:41.328838+00:00 mail postfix/postfix-script[40515]: starting the Postfix mail system
2025-11-21T05:29:41.338117+00:00 mail postfix/master[40516]: fatal: chmod socket private/smtpd: Invalid argument
2025-11-21T05:29:47.355949+00:00 mail postfix/postfix-script[40594]: starting the Postfix mail system
2025-11-21T05:29:47.360992+00:00 mail postfix/master[40595]: fatal: chmod socket private/smtpd: Invalid argument
2025-11-21T05:29:53.451244+00:00 mail postfix/postfix-script[40673]: starting the Postfix mail system
2025-11-21T05:29:53.461385+00:00 mail postfix/master[40674]: fatal: chmod socket private/smtpd: Invalid argument
2025-11-21T05:29:59.640041+00:00 mail postfix/postfix-script[40752]: starting the Postfix mail system
2025-11-21T05:29:59.645112+00:00 mail postfix/master[40753]: fatal: chmod socket private/smtpd: Invalid argument
2025-11-21T05:30:05.688773+00:00 mail postfix/postfix-script[40831]: starting the Postfix mail system
2025-11-21T05:30:05.711287+00:00 mail postfix/master[40832]: fatal: chmod socket private/smtpd: Invalid argument
2025-11-21T05:30:11.680214+00:00 mail postfix/postfix-script[40910]: starting the Postfix mail system
2025-11-21T05:30:11.686614+00:00 mail postfix/master[40911]: fatal: chmod socket private/smtpd: Invalid argument
2025-11-21T05:30:17.862163+00:00 mail postfix/postfix-script[40989]: starting the Postfix mail system
2025-11-21T05:30:17.871856+00:00 mail postfix/master[40990]: fatal: chmod socket private/smtpd: Invalid argument
2025-11-21T05:30:23.807732+00:00 mail postfix/postfix-script[41068]: starting the Postfix mail system
2025-11-21T05:30:23.812994+00:00 mail postfix/master[41069]: fatal: chmod socket private/smtpd: Invalid argument
2025-11-21T05:30:30.036238+00:00 mail postfix/postfix-script[41147]: starting the Postfix mail system
2025-11-21T05:30:30.041437+00:00 mail postfix/master[41148]: fatal: chmod socket private/smtpd: Invalid argument
2025-11-21T05:30:36.234593+00:00 mail postfix/postfix-script[41226]: starting the Postfix mail system
2025-11-21T05:30:36.250736+00:00 mail postfix/master[41227]: fatal: chmod socket private/smtpd: Invalid argument
2025-11-21T05:30:42.556475+00:00 mail postfix/postfix-script[41308]: starting the Postfix mail system
2025-11-21T05:30:42.563372+00:00 mail postfix/master[41309]: fatal: chmod socket private/smtpd: Invalid argument
2025-11-21T05:30:49.425388+00:00 mail postfix/postfix-script[41387]: starting the Postfix mail system
2025-11-21T05:30:49.439992+00:00 mail postfix/master[41388]: fatal: chmod socket private/smtpd: Invalid argument
2025-11-21T05:30:55.179208+00:00 mail postfix/postfix-script[41466]: starting the Postfix mail system
2025-11-21T05:30:55.185577+00:00 mail postfix/master[41467]: fatal: chmod socket private/smtpd: Invalid argument
2025-11-21T05:31:01.078445+00:00 mail postfix/postfix-script[41545]: starting the Postfix mail system
2025-11-21T05:31:01.083993+00:00 mail postfix/master[41546]: fatal: chmod socket private/smtpd: Invalid argument
2025-11-21T05:31:09.259809+00:00 mail postfix/postfix-script[41627]: starting the Postfix mail system
2025-11-21T05:31:09.317745+00:00 mail postfix/master[41628]: fatal: chmod socket private/smtpd: Invalid argument
2025-11-21T05:31:15.665591+00:00 mail postfix/postfix-script[41706]: starting the Postfix mail system
2025-11-21T05:31:15.710518+00:00 mail postfix/master[41707]: fatal: chmod socket private/smtpd: Invalid argument
2025-11-21T05:31:21.410929+00:00 mail postfix/postfix-script[41785]: starting the Postfix mail system
2025-11-21T05:31:21.424559+00:00 mail postfix/master[41786]: fatal: chmod socket private/smtpd: Invalid argument
2025-11-21T05:31:27.295573+00:00 mail postfix/postfix-script[41864]: starting the Postfix mail system
2025-11-21T05:31:27.307921+00:00 mail postfix/master[41865]: fatal: chmod socket private/smtpd: Invalid argument
2025-11-21T05:31:33.570020+00:00 mail postfix/postfix-script[41943]: starting the Postfix mail system
2025-11-21T05:31:33.577296+00:00 mail postfix/master[41944]: fatal: chmod socket private/smtpd: Invalid argument
2025-11-21T05:31:39.665188+00:00 mail postfix/postfix-script[42022]: starting the Postfix mail system
2025-11-21T05:31:39.673532+00:00 mail postfix/master[42023]: fatal: chmod socket private/smtpd: Invalid argument
2025-11-21T05:31:46.170253+00:00 mail postfix/postfix-script[42101]: starting the Postfix mail system
2025-11-21T05:31:46.181755+00:00 mail postfix/master[42102]: fatal: chmod socket private/smtpd: Invalid argument
2025-11-21T05:31:52.203531+00:00 mail postfix/postfix-script[42180]: starting the Postfix mail system
2025-11-21T05:31:52.233147+00:00 mail postfix/master[42181]: fatal: chmod socket private/smtpd: Invalid argument
2025-11-21T05:31:58.313861+00:00 mail postfix/postfix-script[42259]: starting the Postfix mail system
2025-11-21T05:31:58.325211+00:00 mail postfix/master[42260]: fatal: chmod socket private/smtpd: Invalid argument
2025-11-21T05:32:04.532476+00:00 mail postfix/postfix-script[42338]: starting the Postfix mail system
2025-11-21T05:32:04.549609+00:00 mail postfix/master[42339]: fatal: chmod socket private/smtpd: Invalid argument
2025-11-21T05:32:11.041304+00:00 mail postfix/postfix-script[42417]: starting the Postfix mail system
2025-11-21T05:32:11.052818+00:00 mail postfix/master[42418]: fatal: chmod socket private/smtpd: Invalid argument
2025-11-21T05:32:16.780203+00:00 mail postfix/postfix-script[42496]: starting the Postfix mail system
2025-11-21T05:32:16.794336+00:00 mail postfix/master[42497]: fatal: chmod socket private/smtpd: Invalid argument
2025-11-21T05:32:23.022138+00:00 mail postfix/postfix-script[42575]: starting the Postfix mail system
2025-11-21T05:32:23.033421+00:00 mail postfix/master[42576]: fatal: chmod socket private/smtpd: Invalid argument
2025-11-21T05:32:29.540815+00:00 mail postfix/postfix-script[42654]: starting the Postfix mail system
2025-11-21T05:32:29.564469+00:00 mail postfix/master[42655]: fatal: chmod socket private/smtpd: Invalid argument
2025-11-21T05:32:36.139061+00:00 mail postfix/postfix-script[42736]: starting the Postfix mail system
2025-11-21T05:32:36.160643+00:00 mail postfix/master[42737]: fatal: chmod socket private/smtpd: Invalid argument
2025-11-21T05:32:42.440240+00:00 mail postfix/postfix-script[42815]: starting the Postfix mail system
2025-11-21T05:32:42.470909+00:00 mail postfix/master[42816]: fatal: chmod socket private/smtpd: Invalid argument
2025-11-21T05:32:48.352061+00:00 mail postfix/postfix-script[42894]: starting the Postfix mail system
2025-11-21T05:32:48.370955+00:00 mail postfix/master[42895]: fatal: chmod socket private/smtpd: Invalid argument
2025-11-21T05:32:54.566844+00:00 mail postfix/postfix-script[42973]: starting the Postfix mail system
2025-11-21T05:32:54.585948+00:00 mail postfix/master[42974]: fatal: chmod socket private/smtpd: Invalid argument
2025-11-21T05:33:01.166567+00:00 mail postfix/postfix-script[43052]: starting the Postfix mail system
2025-11-21T05:33:01.180047+00:00 mail postfix/master[43053]: fatal: chmod socket private/smtpd: Invalid argument
2025-11-21T05:33:07.146191+00:00 mail postfix/postfix-script[43131]: starting the Postfix mail system
2025-11-21T05:33:07.157941+00:00 mail postfix/master[43132]: fatal: chmod socket private/smtpd: Invalid argument
2025-11-21T05:33:13.223379+00:00 mail postfix/postfix-script[43210]: starting the Postfix mail system
2025-11-21T05:33:13.240948+00:00 mail postfix/master[43211]: fatal: chmod socket private/smtpd: Invalid argument
2025-11-21T05:33:20.151251+00:00 mail postfix/postfix-script[43289]: starting the Postfix mail system
2025-11-21T05:33:20.167751+00:00 mail postfix/master[43290]: fatal: chmod socket private/smtpd: Invalid argument
2025-11-21T05:33:25.678660+00:00 mail postfix/postfix-script[43368]: starting the Postfix mail system
2025-11-21T05:33:25.690612+00:00 mail postfix/master[43369]: fatal: chmod socket private/smtpd: Invalid argument
2025-11-21T05:33:31.629456+00:00 mail postfix/postfix-script[43447]: starting the Postfix mail system
2025-11-21T05:33:31.636769+00:00 mail postfix/master[43448]: fatal: chmod socket private/smtpd: Invalid argument
2025-11-21T05:33:37.728397+00:00 mail postfix/postfix-script[43526]: starting the Postfix mail system
2025-11-21T05:33:37.735316+00:00 mail postfix/master[43527]: fatal: chmod socket private/smtpd: Invalid argument
2025-11-21T05:33:43.751099+00:00 mail postfix/postfix-script[43605]: starting the Postfix mail system
2025-11-21T05:33:43.757230+00:00 mail postfix/master[43606]: fatal: chmod socket private/smtpd: Invalid argument
2025-11-21T05:33:49.829938+00:00 mail postfix/postfix-script[43684]: starting the Postfix mail system
2025-11-21T05:33:49.835203+00:00 mail postfix/master[43685]: fatal: chmod socket private/smtpd: Invalid argument
2025-11-21T05:33:55.914169+00:00 mail postfix/postfix-script[43763]: starting the Postfix mail system
2025-11-21T05:33:55.919303+00:00 mail postfix/master[43764]: fatal: chmod socket private/smtpd: Invalid argument
2025-11-21T05:34:01.994024+00:00 mail postfix/postfix-script[43842]: starting the Postfix mail system
2025-11-21T05:34:01.999625+00:00 mail postfix/master[43843]: fatal: chmod socket private/smtpd: Invalid argument
2025-11-21T05:34:08.074478+00:00 mail postfix/postfix-script[43921]: starting the Postfix mail system
2025-11-21T05:34:08.079918+00:00 mail postfix/master[43922]: fatal: chmod socket private/smtpd: Invalid argument
2025-11-21T05:34:14.161643+00:00 mail postfix/postfix-script[44000]: starting the Postfix mail system
2025-11-21T05:34:14.168370+00:00 mail postfix/master[44001]: fatal: chmod socket private/smtpd: Invalid argument
2025-11-21T05:34:20.239394+00:00 mail postfix/postfix-script[44079]: starting the Postfix mail system
2025-11-21T05:34:20.244624+00:00 mail postfix/master[44080]: fatal: chmod socket private/smtpd: Invalid argument
2025-11-21T05:34:26.330217+00:00 mail postfix/postfix-script[44158]: starting the Postfix mail system
2025-11-21T05:34:26.335653+00:00 mail postfix/master[44159]: fatal: chmod socket private/smtpd: Invalid argument
2025-11-21T05:34:32.419311+00:00 mail postfix/postfix-script[44237]: starting the Postfix mail system
2025-11-21T05:34:32.426606+00:00 mail postfix/master[44238]: fatal: chmod socket private/smtpd: Invalid argument
2025-11-21T05:34:38.504480+00:00 mail postfix/postfix-script[44316]: starting the Postfix mail system
2025-11-21T05:34:38.511809+00:00 mail postfix/master[44317]: fatal: chmod socket private/smtpd: Invalid argument
2025-11-21T05:34:44.573391+00:00 mail postfix/postfix-script[44395]: starting the Postfix mail system
2025-11-21T05:34:44.579877+00:00 mail postfix/master[44396]: fatal: chmod socket private/smtpd: Invalid argument
2025-11-21T05:34:50.736049+00:00 mail postfix/postfix-script[44474]: starting the Postfix mail system
2025-11-21T05:34:50.748164+00:00 mail postfix/master[44475]: fatal: chmod socket private/smtpd: Invalid argument
2025-11-21T05:34:56.754167+00:00 mail postfix/postfix-script[44553]: starting the Postfix mail system
2025-11-21T05:34:56.760543+00:00 mail postfix/master[44554]: fatal: chmod socket private/smtpd: Invalid argument
2025-11-21T05:35:02.822955+00:00 mail postfix/postfix-script[44632]: starting the Postfix mail system
2025-11-21T05:35:02.829440+00:00 mail postfix/master[44633]: fatal: chmod socket private/smtpd: Invalid argument
2025-11-21T05:35:08.902297+00:00 mail postfix/postfix-script[44711]: starting the Postfix mail system
2025-11-21T05:35:08.908359+00:00 mail postfix/master[44712]: fatal: chmod socket private/smtpd: Invalid argument
2025-11-21T05:35:14.996064+00:00 mail postfix/postfix-script[44790]: starting the Postfix mail system
2025-11-21T05:35:15.002557+00:00 mail postfix/master[44791]: fatal: chmod socket private/smtpd: Invalid argument
2025-11-21T05:35:21.071826+00:00 mail postfix/postfix-script[44872]: starting the Postfix mail system
2025-11-21T05:35:21.077225+00:00 mail postfix/master[44873]: fatal: chmod socket private/smtpd: Invalid argument
2025-11-21T05:35:27.149257+00:00 mail postfix/postfix-script[44951]: starting the Postfix mail system
2025-11-21T05:35:27.154916+00:00 mail postfix/master[44952]: fatal: chmod socket private/smtpd: Invalid argument
2025-11-21T05:35:33.239502+00:00 mail postfix/postfix-script[45030]: starting the Postfix mail system
2025-11-21T05:35:33.246047+00:00 mail postfix/master[45031]: fatal: chmod socket private/smtpd: Invalid argument
2025-11-21T05:35:39.328997+00:00 mail postfix/postfix-script[45109]: starting the Postfix mail system
2025-11-21T05:35:39.335611+00:00 mail postfix/master[45110]: fatal: chmod socket private/smtpd: Invalid argument
2025-11-21T05:35:45.431900+00:00 mail postfix/postfix-script[45188]: starting the Postfix mail system
2025-11-21T05:35:45.437249+00:00 mail postfix/master[45189]: fatal: chmod socket private/smtpd: Invalid argument
2025-11-21T05:35:51.495833+00:00 mail postfix/postfix-script[45267]: starting the Postfix mail system
2025-11-21T05:35:51.501604+00:00 mail postfix/master[45268]: fatal: chmod socket private/smtpd: Invalid argument
2025-11-21T05:35:57.585644+00:00 mail postfix/postfix-script[45346]: starting the Postfix mail system
2025-11-21T05:35:57.590796+00:00 mail postfix/master[45347]: fatal: chmod socket private/smtpd: Invalid argument
2025-11-21T05:36:03.674106+00:00 mail postfix/postfix-script[45425]: starting the Postfix mail system
2025-11-21T05:36:03.680706+00:00 mail postfix/master[45426]: fatal: chmod socket private/smtpd: Invalid argument
2025-11-21T05:36:09.739164+00:00 mail postfix/postfix-script[45504]: starting the Postfix mail system
2025-11-21T05:36:09.744547+00:00 mail postfix/master[45505]: fatal: chmod socket private/smtpd: Invalid argument
2025-11-21T05:36:15.829701+00:00 mail postfix/postfix-script[45583]: starting the Postfix mail system
2025-11-21T05:36:15.834739+00:00 mail postfix/master[45584]: fatal: chmod socket private/smtpd: Invalid argument
2025-11-21T05:36:21.917797+00:00 mail postfix/postfix-script[45662]: starting the Postfix mail system
2025-11-21T05:36:21.922768+00:00 mail postfix/master[45663]: fatal: chmod socket private/smtpd: Invalid argument
2025-11-21T05:36:28.005318+00:00 mail postfix/postfix-script[45741]: starting the Postfix mail system
2025-11-21T05:36:28.013411+00:00 mail postfix/master[45742]: fatal: chmod socket private/smtpd: Invalid argument
2025-11-21T05:36:34.666937+00:00 mail postfix/postfix-script[45820]: starting the Postfix mail system
2025-11-21T05:36:34.673285+00:00 mail postfix/master[45821]: fatal: chmod socket private/smtpd: Invalid argument
2025-11-21T05:36:40.664180+00:00 mail postfix/postfix-script[45899]: starting the Postfix mail system
2025-11-21T05:36:40.669458+00:00 mail postfix/master[45900]: fatal: chmod socket private/smtpd: Invalid argument
2025-11-21T05:36:46.748692+00:00 mail postfix/postfix-script[45978]: starting the Postfix mail system
2025-11-21T05:36:46.755106+00:00 mail postfix/master[45979]: fatal: chmod socket private/smtpd: Invalid argument
2025-11-21T05:36:52.952099+00:00 mail postfix/postfix-script[46057]: starting the Postfix mail system
2025-11-21T05:36:52.959986+00:00 mail postfix/master[46058]: fatal: chmod socket private/smtpd: Invalid argument
2025-11-21T05:36:59.628201+00:00 mail postfix/postfix-script[46136]: starting the Postfix mail system
2025-11-21T05:36:59.649715+00:00 mail postfix/master[46137]: fatal: chmod socket private/smtpd: Invalid argument
2025-11-21T05:37:05.833525+00:00 mail postfix/postfix-script[46218]: starting the Postfix mail system
2025-11-21T05:37:05.856669+00:00 mail postfix/master[46219]: fatal: chmod socket private/smtpd: Invalid argument
2025-11-21T05:37:12.061982+00:00 mail postfix/postfix-script[46297]: starting the Postfix mail system
2025-11-21T05:37:12.096299+00:00 mail postfix/master[46298]: fatal: chmod socket private/smtpd: Invalid argument
2025-11-21T05:37:18.642017+00:00 mail postfix/postfix-script[46376]: starting the Postfix mail system
2025-11-21T05:37:18.662875+00:00 mail postfix/master[46377]: fatal: chmod socket private/smtpd: Invalid argument
2025-11-21T05:37:24.747523+00:00 mail postfix/postfix-script[46455]: starting the Postfix mail system
2025-11-21T05:37:24.779240+00:00 mail postfix/master[46456]: fatal: chmod socket private/smtpd: Invalid argument
2025-11-21T05:37:30.177110+00:00 mail postfix/postfix-script[46534]: starting the Postfix mail system
2025-11-21T05:37:30.183246+00:00 mail postfix/master[46535]: fatal: chmod socket private/smtpd: Invalid argument
2025-11-21T05:37:36.299922+00:00 mail postfix/postfix-script[46613]: starting the Postfix mail system
2025-11-21T05:37:36.306043+00:00 mail postfix/master[46614]: fatal: chmod socket private/smtpd: Invalid argument
2025-11-21T05:37:42.344711+00:00 mail postfix/postfix-script[46692]: starting the Postfix mail system
2025-11-21T05:37:42.349742+00:00 mail postfix/master[46693]: fatal: chmod socket private/smtpd: Invalid argument
2025-11-21T05:37:48.422156+00:00 mail postfix/postfix-script[46771]: starting the Postfix mail system
2025-11-21T05:37:48.427290+00:00 mail postfix/master[46772]: fatal: chmod socket private/smtpd: Invalid argument
2025-11-21T05:37:54.497497+00:00 mail postfix/postfix-script[46850]: starting the Postfix mail system
2025-11-21T05:37:54.504070+00:00 mail postfix/master[46851]: fatal: chmod socket private/smtpd: Invalid argument
2025-11-21T05:38:00.596443+00:00 mail postfix/postfix-script[46929]: starting the Postfix mail system
2025-11-21T05:38:00.602276+00:00 mail postfix/master[46930]: fatal: chmod socket private/smtpd: Invalid argument
2025-11-21T05:38:06.679340+00:00 mail postfix/postfix-script[47008]: starting the Postfix mail system
2025-11-21T05:38:06.685677+00:00 mail postfix/master[47009]: fatal: chmod socket private/smtpd: Invalid argument
2025-11-21T05:38:12.751473+00:00 mail postfix/postfix-script[47087]: starting the Postfix mail system
2025-11-21T05:38:12.756881+00:00 mail postfix/master[47088]: fatal: chmod socket private/smtpd: Invalid argument
2025-11-21T05:38:20.391362+00:00 mail postfix/postfix-script[47169]: starting the Postfix mail system
2025-11-21T05:38:20.406856+00:00 mail postfix/master[47170]: fatal: chmod socket private/smtpd: Invalid argument
2025-11-21T05:38:25.590913+00:00 mail postfix/postfix-script[47245]: starting the Postfix mail system
2025-11-21T05:38:25.598474+00:00 mail postfix/master[47246]: fatal: chmod socket private/smtpd: Invalid argument
2025-11-21T05:38:31.738908+00:00 mail postfix/postfix-script[47324]: starting the Postfix mail system
2025-11-21T05:38:31.747294+00:00 mail postfix/master[47325]: fatal: chmod socket private/smtpd: Invalid argument
2025-11-21T05:38:38.031426+00:00 mail postfix/postfix-script[47403]: starting the Postfix mail system
2025-11-21T05:38:38.042795+00:00 mail postfix/master[47404]: fatal: chmod socket private/smtpd: Invalid argument
2025-11-21T05:38:44.229893+00:00 mail postfix/postfix-script[47482]: starting the Postfix mail system
2025-11-21T05:38:44.241899+00:00 mail postfix/master[47483]: fatal: chmod socket private/smtpd: Invalid argument
2025-11-21T05:38:50.369478+00:00 mail postfix/postfix-script[47561]: starting the Postfix mail system
2025-11-21T05:38:50.376774+00:00 mail postfix/master[47562]: fatal: chmod socket private/smtpd: Invalid argument
2025-11-21T05:38:56.506553+00:00 mail postfix/postfix-script[47640]: starting the Postfix mail system
2025-11-21T05:38:56.515032+00:00 mail postfix/master[47641]: fatal: chmod socket private/smtpd: Invalid argument
2025-11-21T05:39:02.498373+00:00 mail postfix/postfix-script[47719]: starting the Postfix mail system
2025-11-21T05:39:02.505792+00:00 mail postfix/master[47720]: fatal: chmod socket private/smtpd: Invalid argument
2025-11-21T05:39:10.394742+00:00 mail postfix/postfix-script[47801]: starting the Postfix mail system
2025-11-21T05:39:10.420657+00:00 mail postfix/master[47802]: fatal: chmod socket private/smtpd: Invalid argument
2025-11-21T05:39:17.122323+00:00 mail postfix/postfix-script[47883]: starting the Postfix mail system
2025-11-21T05:39:17.159311+00:00 mail postfix/master[47884]: fatal: chmod socket private/smtpd: Invalid argument
2025-11-21T05:39:23.972063+00:00 mail postfix/postfix-script[47962]: starting the Postfix mail system
2025-11-21T05:39:24.002614+00:00 mail postfix/master[47963]: fatal: chmod socket private/smtpd: Invalid argument
2025-11-21T05:39:30.359236+00:00 mail postfix/postfix-script[48041]: starting the Postfix mail system
2025-11-21T05:39:30.391588+00:00 mail postfix/master[48042]: fatal: chmod socket private/smtpd: Invalid argument
2025-11-21T05:39:37.164884+00:00 mail postfix/postfix-script[48120]: starting the Postfix mail system
2025-11-21T05:39:37.193851+00:00 mail postfix/master[48121]: fatal: chmod socket private/smtpd: Invalid argument
2025-11-21T05:39:44.400164+00:00 mail postfix/postfix-script[48202]: starting the Postfix mail system
2025-11-21T05:39:44.425656+00:00 mail postfix/master[48203]: fatal: chmod socket private/smtpd: Invalid argument
2025-11-21T05:39:50.388847+00:00 mail postfix/postfix-script[48281]: starting the Postfix mail system
2025-11-21T05:39:50.414058+00:00 mail postfix/master[48282]: fatal: chmod socket private/smtpd: Invalid argument
2025-11-21T05:39:57.312184+00:00 mail postfix/postfix-script[48360]: starting the Postfix mail system
2025-11-21T05:39:57.329077+00:00 mail postfix/master[48361]: fatal: chmod socket private/smtpd: Invalid argument
2025-11-21T05:40:04.010218+00:00 mail postfix/postfix-script[48442]: starting the Postfix mail system
2025-11-21T05:40:04.039496+00:00 mail postfix/master[48443]: fatal: chmod socket private/smtpd: Invalid argument
2025-11-21T05:40:10.095129+00:00 mail postfix/postfix-script[48518]: starting the Postfix mail system
2025-11-21T05:40:10.116364+00:00 mail postfix/master[48520]: fatal: chmod socket private/smtpd: Invalid argument
2025-11-21T05:40:16.079048+00:00 mail postfix/postfix-script[48597]: starting the Postfix mail system
2025-11-21T05:40:16.092065+00:00 mail postfix/master[48598]: fatal: chmod socket private/smtpd: Invalid argument
2025-11-21T05:40:22.091438+00:00 mail postfix/postfix-script[48676]: starting the Postfix mail system
2025-11-21T05:40:22.101572+00:00 mail postfix/master[48677]: fatal: chmod socket private/smtpd: Invalid argument
2025-11-21T05:40:28.194131+00:00 mail postfix/postfix-script[48755]: starting the Postfix mail system
2025-11-21T05:40:28.207411+00:00 mail postfix/master[48756]: fatal: chmod socket private/smtpd: Invalid argument
2025-11-21T05:40:34.159005+00:00 mail postfix/postfix-script[48834]: starting the Postfix mail system
2025-11-21T05:40:34.167766+00:00 mail postfix/master[48835]: fatal: chmod socket private/smtpd: Invalid argument
2025-11-21T05:40:40.387188+00:00 mail postfix/postfix-script[48916]: starting the Postfix mail system
2025-11-21T05:40:40.396610+00:00 mail postfix/master[48917]: fatal: chmod socket private/smtpd: Invalid argument
2025-11-21T05:40:46.432359+00:00 mail postfix/postfix-script[48995]: starting the Postfix mail system
2025-11-21T05:40:46.440786+00:00 mail postfix/master[48996]: fatal: chmod socket private/smtpd: Invalid argument
2025-11-21T05:40:52.465747+00:00 mail postfix/postfix-script[49074]: starting the Postfix mail system
2025-11-21T05:40:52.473182+00:00 mail postfix/master[49075]: fatal: chmod socket private/smtpd: Invalid argument
2025-11-21T05:40:58.501042+00:00 mail postfix/postfix-script[49153]: starting the Postfix mail system
2025-11-21T05:40:58.507247+00:00 mail postfix/master[49154]: fatal: chmod socket private/smtpd: Invalid argument
2025-11-21T05:41:04.611201+00:00 mail postfix/postfix-script[49232]: starting the Postfix mail system
2025-11-21T05:41:04.618061+00:00 mail postfix/master[49233]: fatal: chmod socket private/smtpd: Invalid argument
2025-11-21T05:41:10.720519+00:00 mail postfix/postfix-script[49311]: starting the Postfix mail system
2025-11-21T05:41:10.728585+00:00 mail postfix/master[49312]: fatal: chmod socket private/smtpd: Invalid argument
2025-11-21T05:41:16.747656+00:00 mail postfix/postfix-script[49390]: starting the Postfix mail system
2025-11-21T05:41:16.755733+00:00 mail postfix/master[49391]: fatal: chmod socket private/smtpd: Invalid argument
2025-11-21T05:41:22.828989+00:00 mail postfix/postfix-script[49469]: starting the Postfix mail system
2025-11-21T05:41:22.836555+00:00 mail postfix/master[49470]: fatal: chmod socket private/smtpd: Invalid argument
2025-11-21T05:41:28.917504+00:00 mail postfix/postfix-script[49548]: starting the Postfix mail system
2025-11-21T05:41:28.923849+00:00 mail postfix/master[49549]: fatal: chmod socket private/smtpd: Invalid argument
2025-11-21T05:41:35.011639+00:00 mail postfix/postfix-script[49627]: starting the Postfix mail system
2025-11-21T05:41:35.017665+00:00 mail postfix/master[49628]: fatal: chmod socket private/smtpd: Invalid argument
2025-11-21T05:41:40.292502+00:00 mail postfix/postfix-script[49703]: starting the Postfix mail system
2025-11-21T05:41:40.300294+00:00 mail postfix/master[49704]: fatal: chmod socket private/smtpd: Invalid argument
2025-11-21T05:41:46.315921+00:00 mail postfix/postfix-script[49782]: starting the Postfix mail system
2025-11-21T05:41:46.323831+00:00 mail postfix/master[49783]: fatal: chmod socket private/smtpd: Invalid argument
2025-11-21T05:41:52.906361+00:00 mail postfix/postfix-script[49864]: starting the Postfix mail system
2025-11-21T05:41:52.917093+00:00 mail postfix/master[49865]: fatal: chmod socket private/smtpd: Invalid argument
2025-11-21T05:41:58.621782+00:00 mail postfix/postfix-script[49940]: starting the Postfix mail system
2025-11-21T05:41:58.631857+00:00 mail postfix/master[49941]: fatal: chmod socket private/smtpd: Invalid argument
2025-11-21T05:42:04.665065+00:00 mail postfix/postfix-script[50019]: starting the Postfix mail system
2025-11-21T05:42:04.676619+00:00 mail postfix/master[50020]: fatal: chmod socket private/smtpd: Invalid argument
2025-11-21T05:42:11.890695+00:00 mail postfix/postfix-script[50101]: starting the Postfix mail system
2025-11-21T05:42:11.933609+00:00 mail postfix/master[50102]: fatal: chmod socket private/smtpd: Invalid argument
2025-11-21T05:42:17.420142+00:00 mail postfix/postfix-script[50180]: starting the Postfix mail system
2025-11-21T05:42:17.432605+00:00 mail postfix/master[50181]: fatal: chmod socket private/smtpd: Invalid argument
2025-11-21T05:42:25.402652+00:00 mail postfix/postfix-script[50262]: starting the Postfix mail system
2025-11-21T05:42:25.432730+00:00 mail postfix/master[50263]: fatal: chmod socket private/smtpd: Invalid argument
2025-11-21T05:42:31.805412+00:00 mail postfix/postfix-script[50341]: starting the Postfix mail system
2025-11-21T05:42:31.836164+00:00 mail postfix/master[50342]: fatal: chmod socket private/smtpd: Invalid argument
2025-11-21T05:42:38.757088+00:00 mail postfix/postfix-script[50420]: starting the Postfix mail system
2025-11-21T05:42:38.817472+00:00 mail postfix/master[50421]: fatal: chmod socket private/smtpd: Invalid argument
2025-11-21T05:42:45.597740+00:00 mail postfix/postfix-script[50499]: starting the Postfix mail system
2025-11-21T05:42:45.619644+00:00 mail postfix/master[50500]: fatal: chmod socket private/smtpd: Invalid argument
2025-11-21T05:42:51.547684+00:00 mail postfix/postfix-script[50578]: starting the Postfix mail system
2025-11-21T05:42:51.576980+00:00 mail postfix/master[50579]: fatal: chmod socket private/smtpd: Invalid argument
2025-11-21T05:42:57.813700+00:00 mail postfix/postfix-script[50657]: starting the Postfix mail system
2025-11-21T05:42:57.843816+00:00 mail postfix/master[50658]: fatal: chmod socket private/smtpd: Invalid argument
2025-11-21T05:43:04.683726+00:00 mail postfix/postfix-script[50739]: starting the Postfix mail system
2025-11-21T05:43:04.741206+00:00 mail postfix/master[50740]: fatal: chmod socket private/smtpd: Invalid argument
2025-11-21T05:43:11.446962+00:00 mail postfix/postfix-script[50818]: starting the Postfix mail system
2025-11-21T05:43:11.490517+00:00 mail postfix/master[50819]: fatal: chmod socket private/smtpd: Invalid argument
2025-11-21T05:43:16.342724+00:00 mail postfix/postfix-script[50897]: starting the Postfix mail system
2025-11-21T05:43:16.352876+00:00 mail postfix/master[50898]: fatal: chmod socket private/smtpd: Invalid argument
2025-11-21T05:43:22.493928+00:00 mail postfix/postfix-script[50976]: starting the Postfix mail system
2025-11-21T05:43:22.504581+00:00 mail postfix/master[50977]: fatal: chmod socket private/smtpd: Invalid argument
2025-11-21T05:43:28.507984+00:00 mail postfix/postfix-script[51055]: starting the Postfix mail system
2025-11-21T05:43:28.515620+00:00 mail postfix/master[51056]: fatal: chmod socket private/smtpd: Invalid argument
2025-11-21T05:43:34.567216+00:00 mail postfix/postfix-script[51134]: starting the Postfix mail system
2025-11-21T05:43:34.576907+00:00 mail postfix/master[51135]: fatal: chmod socket private/smtpd: Invalid argument
2025-11-21T05:43:40.883333+00:00 mail postfix/postfix-script[51213]: starting the Postfix mail system
2025-11-21T05:43:40.893659+00:00 mail postfix/master[51214]: fatal: chmod socket private/smtpd: Invalid argument
2025-11-21T05:43:46.750712+00:00 mail postfix/postfix-script[51292]: starting the Postfix mail system
2025-11-21T05:43:46.756762+00:00 mail postfix/master[51293]: fatal: chmod socket private/smtpd: Invalid argument
2025-11-21T05:43:52.819918+00:00 mail postfix/postfix-script[51371]: starting the Postfix mail system
2025-11-21T05:43:52.825885+00:00 mail postfix/master[51372]: fatal: chmod socket private/smtpd: Invalid argument
2025-11-21T05:43:58.895880+00:00 mail postfix/postfix-script[51450]: starting the Postfix mail system
2025-11-21T05:43:58.902780+00:00 mail postfix/master[51451]: fatal: chmod socket private/smtpd: Invalid argument
2025-11-21T05:44:04.954372+00:00 mail postfix/postfix-script[51529]: starting the Postfix mail system
2025-11-21T05:44:04.959416+00:00 mail postfix/master[51530]: fatal: chmod socket private/smtpd: Invalid argument
2025-11-21T05:44:11.344843+00:00 mail postfix/postfix-script[51608]: starting the Postfix mail system
2025-11-21T05:44:11.352081+00:00 mail postfix/master[51609]: fatal: chmod socket private/smtpd: Invalid argument
2025-11-21T05:44:17.627312+00:00 mail postfix/postfix-script[51687]: starting the Postfix mail system
2025-11-21T05:44:17.639046+00:00 mail postfix/master[51688]: fatal: chmod socket private/smtpd: Invalid argument
2025-11-21T05:44:23.428420+00:00 mail postfix/postfix-script[51766]: starting the Postfix mail system
2025-11-21T05:44:23.440583+00:00 mail postfix/master[51767]: fatal: chmod socket private/smtpd: Invalid argument
2025-11-21T05:44:29.390800+00:00 mail postfix/postfix-script[51845]: starting the Postfix mail system
2025-11-21T05:44:29.395822+00:00 mail postfix/master[51846]: fatal: chmod socket private/smtpd: Invalid argument
2025-11-21T05:44:35.454058+00:00 mail postfix/postfix-script[51924]: starting the Postfix mail system
2025-11-21T05:44:35.459229+00:00 mail postfix/master[51925]: fatal: chmod socket private/smtpd: Invalid argument
2025-11-21T05:44:41.527242+00:00 mail postfix/postfix-script[52003]: starting the Postfix mail system
2025-11-21T05:44:41.532265+00:00 mail postfix/master[52004]: fatal: chmod socket private/smtpd: Invalid argument
2025-11-21T05:44:47.644034+00:00 mail postfix/postfix-script[52082]: starting the Postfix mail system
2025-11-21T05:44:47.651166+00:00 mail postfix/master[52083]: fatal: chmod socket private/smtpd: Invalid argument
2025-11-21T05:44:53.721910+00:00 mail postfix/postfix-script[52161]: starting the Postfix mail system
2025-11-21T05:44:53.728508+00:00 mail postfix/master[52162]: fatal: chmod socket private/smtpd: Invalid argument
2025-11-21T05:44:59.865747+00:00 mail postfix/postfix-script[52240]: starting the Postfix mail system
2025-11-21T05:44:59.871989+00:00 mail postfix/master[52241]: fatal: chmod socket private/smtpd: Invalid argument
2025-11-21T05:45:06.036847+00:00 mail postfix/postfix-script[52319]: starting the Postfix mail system
2025-11-21T05:45:06.047148+00:00 mail postfix/master[52320]: fatal: chmod socket private/smtpd: Invalid argument
2025-11-21T05:45:12.348480+00:00 mail postfix/postfix-script[52398]: starting the Postfix mail system
2025-11-21T05:45:12.357061+00:00 mail postfix/master[52399]: fatal: chmod socket private/smtpd: Invalid argument
2025-11-21T05:45:18.198925+00:00 mail postfix/postfix-script[52477]: starting the Postfix mail system
2025-11-21T05:45:18.207564+00:00 mail postfix/master[52478]: fatal: chmod socket private/smtpd: Invalid argument
2025-11-21T05:45:24.241217+00:00 mail postfix/postfix-script[52556]: starting the Postfix mail system
2025-11-21T05:45:24.246529+00:00 mail postfix/master[52557]: fatal: chmod socket private/smtpd: Invalid argument
2025-11-21T05:45:30.675766+00:00 mail postfix/postfix-script[52635]: starting the Postfix mail system
2025-11-21T05:45:30.687044+00:00 mail postfix/master[52636]: fatal: chmod socket private/smtpd: Invalid argument
2025-11-21T05:45:36.725633+00:00 mail postfix/postfix-script[52714]: starting the Postfix mail system
2025-11-21T05:45:36.735303+00:00 mail postfix/master[52715]: fatal: chmod socket private/smtpd: Invalid argument
2025-11-21T05:45:42.788685+00:00 mail postfix/postfix-script[52793]: starting the Postfix mail system
2025-11-21T05:45:42.798124+00:00 mail postfix/master[52794]: fatal: chmod socket private/smtpd: Invalid argument
2025-11-21T05:45:48.880745+00:00 mail postfix/postfix-script[52872]: starting the Postfix mail system
2025-11-21T05:45:48.889645+00:00 mail postfix/master[52873]: fatal: chmod socket private/smtpd: Invalid argument
2025-11-21T05:45:55.747055+00:00 mail postfix/postfix-script[52954]: starting the Postfix mail system
2025-11-21T05:45:55.765238+00:00 mail postfix/master[52955]: fatal: chmod socket private/smtpd: Invalid argument
2025-11-21T05:46:01.553928+00:00 mail postfix/postfix-script[53033]: starting the Postfix mail system
2025-11-21T05:46:01.560888+00:00 mail postfix/master[53034]: fatal: chmod socket private/smtpd: Invalid argument
2025-11-21T05:46:07.604970+00:00 mail postfix/postfix-script[53112]: starting the Postfix mail system
2025-11-21T05:46:07.612873+00:00 mail postfix/master[53113]: fatal: chmod socket private/smtpd: Invalid argument
2025-11-21T05:46:13.796113+00:00 mail postfix/postfix-script[53191]: starting the Postfix mail system
2025-11-21T05:46:13.801290+00:00 mail postfix/master[53192]: fatal: chmod socket private/smtpd: Invalid argument
2025-11-21T05:46:20.003226+00:00 mail postfix/postfix-script[53270]: starting the Postfix mail system
2025-11-21T05:46:20.014624+00:00 mail postfix/master[53271]: fatal: chmod socket private/smtpd: Invalid argument
2025-11-21T05:46:25.927780+00:00 mail postfix/postfix-script[53349]: starting the Postfix mail system
2025-11-21T05:46:25.937625+00:00 mail postfix/master[53350]: fatal: chmod socket private/smtpd: Invalid argument
2025-11-21T05:46:33.428280+00:00 mail postfix/postfix-script[53431]: starting the Postfix mail system
2025-11-21T05:46:33.447697+00:00 mail postfix/master[53432]: fatal: chmod socket private/smtpd: Invalid argument
2025-11-21T05:46:38.824005+00:00 mail postfix/postfix-script[53507]: starting the Postfix mail system
2025-11-21T05:46:38.842802+00:00 mail postfix/master[53508]: fatal: chmod socket private/smtpd: Invalid argument
2025-11-21T05:46:47.142599+00:00 mail postfix/postfix-script[53589]: starting the Postfix mail system
2025-11-21T05:46:47.173268+00:00 mail postfix/master[53590]: fatal: chmod socket private/smtpd: Invalid argument
2025-11-21T05:46:53.296707+00:00 mail postfix/postfix-script[53668]: starting the Postfix mail system
2025-11-21T05:46:53.448166+00:00 mail postfix/master[53669]: fatal: chmod socket private/smtpd: Invalid argument
2025-11-21T05:46:58.169484+00:00 mail postfix/postfix-script[53747]: starting the Postfix mail system
2025-11-21T05:46:58.182186+00:00 mail postfix/master[53748]: fatal: chmod socket private/smtpd: Invalid argument
2025-11-21T05:47:06.140961+00:00 mail postfix/postfix-script[53826]: starting the Postfix mail system
2025-11-21T05:47:06.158300+00:00 mail postfix/master[53827]: fatal: chmod socket private/smtpd: Invalid argument
2025-11-21T05:47:12.263083+00:00 mail postfix/postfix-script[53905]: starting the Postfix mail system
2025-11-21T05:47:12.290803+00:00 mail postfix/master[53906]: fatal: chmod socket private/smtpd: Invalid argument
2025-11-21T05:47:19.017804+00:00 mail postfix/postfix-script[53987]: starting the Postfix mail system
2025-11-21T05:47:19.027897+00:00 mail postfix/master[53988]: fatal: chmod socket private/smtpd: Invalid argument
2025-11-21T05:47:24.331466+00:00 mail postfix/postfix-script[54063]: starting the Postfix mail system
2025-11-21T05:47:24.343711+00:00 mail postfix/master[54064]: fatal: chmod socket private/smtpd: Invalid argument
2025-11-21T05:47:30.575990+00:00 mail postfix/postfix-script[54142]: starting the Postfix mail system
2025-11-21T05:47:30.586204+00:00 mail postfix/master[54143]: fatal: chmod socket private/smtpd: Invalid argument
2025-11-21T05:47:36.438213+00:00 mail postfix/postfix-script[54221]: starting the Postfix mail system
2025-11-21T05:47:36.444952+00:00 mail postfix/master[54222]: fatal: chmod socket private/smtpd: Invalid argument
2025-11-21T05:47:42.627055+00:00 mail postfix/postfix-script[54300]: starting the Postfix mail system
2025-11-21T05:47:42.633491+00:00 mail postfix/master[54301]: fatal: chmod socket private/smtpd: Invalid argument
2025-11-21T05:47:48.566770+00:00 mail postfix/postfix-script[54379]: starting the Postfix mail system
2025-11-21T05:47:48.574044+00:00 mail postfix/master[54380]: fatal: chmod socket private/smtpd: Invalid argument
2025-11-21T05:47:54.708129+00:00 mail postfix/postfix-script[54458]: starting the Postfix mail system
2025-11-21T05:47:54.717109+00:00 mail postfix/master[54459]: fatal: chmod socket private/smtpd: Invalid argument
2025-11-21T05:48:00.778913+00:00 mail postfix/postfix-script[54537]: starting the Postfix mail system
2025-11-21T05:48:00.785192+00:00 mail postfix/master[54538]: fatal: chmod socket private/smtpd: Invalid argument
2025-11-21T05:48:06.822012+00:00 mail postfix/postfix-script[54616]: starting the Postfix mail system
2025-11-21T05:48:06.827792+00:00 mail postfix/master[54617]: fatal: chmod socket private/smtpd: Invalid argument
2025-11-21T05:48:12.249522+00:00 mail postfix/postfix-script[54695]: starting the Postfix mail system
2025-11-21T05:48:12.260157+00:00 mail postfix/master[54696]: fatal: chmod socket private/smtpd: Invalid argument
2025-11-21T05:48:18.086745+00:00 mail postfix/postfix-script[54774]: starting the Postfix mail system
2025-11-21T05:48:18.093585+00:00 mail postfix/master[54775]: fatal: chmod socket private/smtpd: Invalid argument
2025-11-21T05:48:24.578477+00:00 mail postfix/postfix-script[54853]: starting the Postfix mail system
2025-11-21T05:48:24.591225+00:00 mail postfix/master[54854]: fatal: chmod socket private/smtpd: Invalid argument
2025-11-21T05:48:30.463406+00:00 mail postfix/postfix-script[54932]: starting the Postfix mail system
2025-11-21T05:48:30.471190+00:00 mail postfix/master[54933]: fatal: chmod socket private/smtpd: Invalid argument
2025-11-21T05:48:36.668130+00:00 mail postfix/postfix-script[55011]: starting the Postfix mail system
2025-11-21T05:48:36.677958+00:00 mail postfix/master[55012]: fatal: chmod socket private/smtpd: Invalid argument
2025-11-21T05:48:42.785248+00:00 mail postfix/postfix-script[55090]: starting the Postfix mail system
2025-11-21T05:48:42.799477+00:00 mail postfix/master[55091]: fatal: chmod socket private/smtpd: Invalid argument
2025-11-21T05:48:51.561697+00:00 mail postfix/postfix-script[55175]: starting the Postfix mail system
2025-11-21T05:48:51.611485+00:00 mail postfix/master[55176]: fatal: chmod socket private/smtpd: Invalid argument
2025-11-21T05:48:57.610739+00:00 mail postfix/postfix-script[55251]: starting the Postfix mail system
2025-11-21T05:48:57.630983+00:00 mail postfix/master[55252]: fatal: chmod socket private/smtpd: Invalid argument
2025-11-21T05:49:04.051703+00:00 mail postfix/postfix-script[55333]: starting the Postfix mail system
2025-11-21T05:49:04.067685+00:00 mail postfix/master[55334]: fatal: chmod socket private/smtpd: Invalid argument
2025-11-21T05:49:10.692255+00:00 mail postfix/postfix-script[55412]: starting the Postfix mail system
2025-11-21T05:49:10.720604+00:00 mail postfix/master[55413]: fatal: chmod socket private/smtpd: Invalid argument
2025-11-21T05:49:18.072740+00:00 mail postfix/postfix-script[55494]: starting the Postfix mail system
2025-11-21T05:49:18.111239+00:00 mail postfix/master[55495]: fatal: chmod socket private/smtpd: Invalid argument
2025-11-21T05:49:24.681816+00:00 mail postfix/postfix-script[55573]: starting the Postfix mail system
2025-11-21T05:49:24.774350+00:00 mail postfix/master[55574]: fatal: chmod socket private/smtpd: Invalid argument
2025-11-21T05:49:31.241852+00:00 mail postfix/postfix-script[55652]: starting the Postfix mail system
2025-11-21T05:49:31.276870+00:00 mail postfix/master[55653]: fatal: chmod socket private/smtpd: Invalid argument
2025-11-21T05:49:38.208660+00:00 mail postfix/postfix-script[55731]: starting the Postfix mail system
2025-11-21T05:49:38.252664+00:00 mail postfix/master[55732]: fatal: chmod socket private/smtpd: Invalid argument
2025-11-21T05:49:44.342901+00:00 mail postfix/postfix-script[55810]: starting the Postfix mail system
2025-11-21T05:49:44.427949+00:00 mail postfix/master[55811]: fatal: chmod socket private/smtpd: Invalid argument
2025-11-21T05:49:51.403384+00:00 mail postfix/postfix-script[55892]: starting the Postfix mail system
2025-11-21T05:49:51.435810+00:00 mail postfix/master[55893]: fatal: chmod socket private/smtpd: Invalid argument
2025-11-21T05:49:56.537058+00:00 mail postfix/postfix-script[55968]: starting the Postfix mail system
2025-11-21T05:49:56.565147+00:00 mail postfix/master[55969]: fatal: chmod socket private/smtpd: Invalid argument
2025-11-21T05:50:02.540223+00:00 mail postfix/postfix-script[56047]: starting the Postfix mail system
2025-11-21T05:50:02.556089+00:00 mail postfix/master[56048]: fatal: chmod socket private/smtpd: Invalid argument
2025-11-21T05:50:08.658005+00:00 mail postfix/postfix-script[56126]: starting the Postfix mail system
2025-11-21T05:50:08.672535+00:00 mail postfix/master[56127]: fatal: chmod socket private/smtpd: Invalid argument
2025-11-21T05:50:15.247704+00:00 mail postfix/postfix-script[56208]: starting the Postfix mail system
2025-11-21T05:50:15.262926+00:00 mail postfix/master[56209]: fatal: chmod socket private/smtpd: Invalid argument
2025-11-21T05:50:20.956179+00:00 mail postfix/postfix-script[56284]: starting the Postfix mail system
2025-11-21T05:50:20.967164+00:00 mail postfix/master[56285]: fatal: chmod socket private/smtpd: Invalid argument
2025-11-21T05:50:26.980633+00:00 mail postfix/postfix-script[56363]: starting the Postfix mail system
2025-11-21T05:50:26.989923+00:00 mail postfix/master[56364]: fatal: chmod socket private/smtpd: Invalid argument
2025-11-21T05:50:33.140328+00:00 mail postfix/postfix-script[56445]: starting the Postfix mail system
2025-11-21T05:50:33.148580+00:00 mail postfix/master[56446]: fatal: chmod socket private/smtpd: Invalid argument
2025-11-21T05:50:39.169238+00:00 mail postfix/postfix-script[56524]: starting the Postfix mail system
2025-11-21T05:50:39.178045+00:00 mail postfix/master[56525]: fatal: chmod socket private/smtpd: Invalid argument
2025-11-21T05:50:45.435639+00:00 mail postfix/postfix-script[56603]: starting the Postfix mail system
2025-11-21T05:50:45.442773+00:00 mail postfix/master[56604]: fatal: chmod socket private/smtpd: Invalid argument
2025-11-21T05:50:51.521629+00:00 mail postfix/postfix-script[56682]: starting the Postfix mail system
2025-11-21T05:50:51.529472+00:00 mail postfix/master[56683]: fatal: chmod socket private/smtpd: Invalid argument
2025-11-21T05:50:57.611166+00:00 mail postfix/postfix-script[56761]: starting the Postfix mail system
2025-11-21T05:50:57.618796+00:00 mail postfix/master[56762]: fatal: chmod socket private/smtpd: Invalid argument
2025-11-21T05:51:03.810645+00:00 mail postfix/postfix-script[56840]: starting the Postfix mail system
2025-11-21T05:51:03.819863+00:00 mail postfix/master[56841]: fatal: chmod socket private/smtpd: Invalid argument
2025-11-21T05:51:09.803118+00:00 mail postfix/postfix-script[56919]: starting the Postfix mail system
2025-11-21T05:51:09.811137+00:00 mail postfix/master[56920]: fatal: chmod socket private/smtpd: Invalid argument
2025-11-21T05:51:15.948766+00:00 mail postfix/postfix-script[56998]: starting the Postfix mail system
2025-11-21T05:51:15.957626+00:00 mail postfix/master[56999]: fatal: chmod socket private/smtpd: Invalid argument
2025-11-21T05:51:22.168788+00:00 mail postfix/postfix-script[57077]: starting the Postfix mail system
2025-11-21T05:51:22.178720+00:00 mail postfix/master[57078]: fatal: chmod socket private/smtpd: Invalid argument
2025-11-21T05:51:27.546788+00:00 mail postfix/postfix-script[57156]: starting the Postfix mail system
2025-11-21T05:51:27.563850+00:00 mail postfix/master[57157]: fatal: chmod socket private/smtpd: Invalid argument
2025-11-21T05:51:33.705031+00:00 mail postfix/postfix-script[57235]: starting the Postfix mail system
2025-11-21T05:51:33.720270+00:00 mail postfix/master[57236]: fatal: chmod socket private/smtpd: Invalid argument
2025-11-21T05:51:40.004235+00:00 mail postfix/postfix-script[57314]: starting the Postfix mail system
2025-11-21T05:51:40.015120+00:00 mail postfix/master[57315]: fatal: chmod socket private/smtpd: Invalid argument
2025-11-21T05:51:45.717422+00:00 mail postfix/postfix-script[57393]: starting the Postfix mail system
2025-11-21T05:51:45.724227+00:00 mail postfix/master[57394]: fatal: chmod socket private/smtpd: Invalid argument
2025-11-21T05:51:51.761856+00:00 mail postfix/postfix-script[57472]: starting the Postfix mail system
2025-11-21T05:51:51.767664+00:00 mail postfix/master[57473]: fatal: chmod socket private/smtpd: Invalid argument
2025-11-21T05:51:57.904976+00:00 mail postfix/postfix-script[57551]: starting the Postfix mail system
2025-11-21T05:51:57.913144+00:00 mail postfix/master[57552]: fatal: chmod socket private/smtpd: Invalid argument
2025-11-21T05:52:03.926676+00:00 mail postfix/postfix-script[57630]: starting the Postfix mail system
2025-11-21T05:52:03.932252+00:00 mail postfix/master[57631]: fatal: chmod socket private/smtpd: Invalid argument
2025-11-21T05:52:10.035000+00:00 mail postfix/postfix-script[57709]: starting the Postfix mail system
2025-11-21T05:52:10.044588+00:00 mail postfix/master[57710]: fatal: chmod socket private/smtpd: Invalid argument
2025-11-21T05:52:16.090567+00:00 mail postfix/postfix-script[57788]: starting the Postfix mail system
2025-11-21T05:52:16.096719+00:00 mail postfix/master[57789]: fatal: chmod socket private/smtpd: Invalid argument
2025-11-21T05:52:22.192038+00:00 mail postfix/postfix-script[57867]: starting the Postfix mail system
2025-11-21T05:52:22.198185+00:00 mail postfix/master[57868]: fatal: chmod socket private/smtpd: Invalid argument
2025-11-21T05:52:28.245418+00:00 mail postfix/postfix-script[57946]: starting the Postfix mail system
2025-11-21T05:52:28.252858+00:00 mail postfix/master[57947]: fatal: chmod socket private/smtpd: Invalid argument
2025-11-21T05:52:34.325198+00:00 mail postfix/postfix-script[58025]: starting the Postfix mail system
2025-11-21T05:52:34.331356+00:00 mail postfix/master[58026]: fatal: chmod socket private/smtpd: Invalid argument
2025-11-21T05:52:40.506987+00:00 mail postfix/postfix-script[58104]: starting the Postfix mail system
2025-11-21T05:52:40.515819+00:00 mail postfix/master[58105]: fatal: chmod socket private/smtpd: Invalid argument
2025-11-21T05:52:46.466422+00:00 mail postfix/postfix-script[58183]: starting the Postfix mail system
2025-11-21T05:52:46.472310+00:00 mail postfix/master[58184]: fatal: chmod socket private/smtpd: Invalid argument
2025-11-21T05:52:52.528625+00:00 mail postfix/postfix-script[58262]: starting the Postfix mail system
2025-11-21T05:52:52.534965+00:00 mail postfix/master[58263]: fatal: chmod socket private/smtpd: Invalid argument
2025-11-21T05:52:58.618047+00:00 mail postfix/postfix-script[58341]: starting the Postfix mail system
2025-11-21T05:52:58.624105+00:00 mail postfix/master[58342]: fatal: chmod socket private/smtpd: Invalid argument
2025-11-21T05:53:04.700120+00:00 mail postfix/postfix-script[58420]: starting the Postfix mail system
2025-11-21T05:53:04.705100+00:00 mail postfix/master[58421]: fatal: chmod socket private/smtpd: Invalid argument
2025-11-21T05:53:10.808551+00:00 mail postfix/postfix-script[58499]: starting the Postfix mail system
2025-11-21T05:53:10.813724+00:00 mail postfix/master[58500]: fatal: chmod socket private/smtpd: Invalid argument
2025-11-21T05:53:16.867077+00:00 mail postfix/postfix-script[58578]: starting the Postfix mail system
2025-11-21T05:53:16.873551+00:00 mail postfix/master[58579]: fatal: chmod socket private/smtpd: Invalid argument
2025-11-21T05:53:22.999389+00:00 mail postfix/postfix-script[58657]: starting the Postfix mail system
2025-11-21T05:53:23.005716+00:00 mail postfix/master[58658]: fatal: chmod socket private/smtpd: Invalid argument
2025-11-21T05:53:29.176726+00:00 mail postfix/postfix-script[58736]: starting the Postfix mail system
2025-11-21T05:53:29.183198+00:00 mail postfix/master[58737]: fatal: chmod socket private/smtpd: Invalid argument
2025-11-21T05:53:35.399497+00:00 mail postfix/postfix-script[58815]: starting the Postfix mail system
2025-11-21T05:53:35.407883+00:00 mail postfix/master[58816]: fatal: chmod socket private/smtpd: Invalid argument
2025-11-21T05:53:40.412629+00:00 mail postfix/postfix-script[58894]: starting the Postfix mail system
2025-11-21T05:53:40.417987+00:00 mail postfix/master[58895]: fatal: chmod socket private/smtpd: Invalid argument
2025-11-21T05:53:46.498840+00:00 mail postfix/postfix-script[58973]: starting the Postfix mail system
2025-11-21T05:53:46.505601+00:00 mail postfix/master[58974]: fatal: chmod socket private/smtpd: Invalid argument
2025-11-21T05:53:52.948883+00:00 mail postfix/postfix-script[59052]: starting the Postfix mail system
2025-11-21T05:53:52.960298+00:00 mail postfix/master[59053]: fatal: chmod socket private/smtpd: Invalid argument
2025-11-21T05:53:58.945643+00:00 mail postfix/postfix-script[59131]: starting the Postfix mail system
2025-11-21T05:53:58.952503+00:00 mail postfix/master[59132]: fatal: chmod socket private/smtpd: Invalid argument
2025-11-21T05:54:05.151495+00:00 mail postfix/postfix-script[59210]: starting the Postfix mail system
2025-11-21T05:54:05.160124+00:00 mail postfix/master[59211]: fatal: chmod socket private/smtpd: Invalid argument
2025-11-21T05:54:11.134768+00:00 mail postfix/postfix-script[59289]: starting the Postfix mail system
2025-11-21T05:54:11.139982+00:00 mail postfix/master[59290]: fatal: chmod socket private/smtpd: Invalid argument
2025-11-21T05:54:17.718051+00:00 mail postfix/postfix-script[59368]: starting the Postfix mail system
2025-11-21T05:54:17.735948+00:00 mail postfix/master[59369]: fatal: chmod socket private/smtpd: Invalid argument
2025-11-21T05:54:23.380740+00:00 mail postfix/postfix-script[59447]: starting the Postfix mail system
2025-11-21T05:54:23.387334+00:00 mail postfix/master[59448]: fatal: chmod socket private/smtpd: Invalid argument
2025-11-21T05:54:29.522437+00:00 mail postfix/postfix-script[59526]: starting the Postfix mail system
2025-11-21T05:54:29.530553+00:00 mail postfix/master[59527]: fatal: chmod socket private/smtpd: Invalid argument
2025-11-21T05:54:35.883064+00:00 mail postfix/postfix-script[59605]: starting the Postfix mail system
2025-11-21T05:54:35.901121+00:00 mail postfix/master[59606]: fatal: chmod socket private/smtpd: Invalid argument
2025-11-21T05:54:41.870227+00:00 mail postfix/postfix-script[59684]: starting the Postfix mail system
2025-11-21T05:54:41.878977+00:00 mail postfix/master[59685]: fatal: chmod socket private/smtpd: Invalid argument
2025-11-21T05:54:47.947913+00:00 mail postfix/postfix-script[59763]: starting the Postfix mail system
2025-11-21T05:54:47.957345+00:00 mail postfix/master[59764]: fatal: chmod socket private/smtpd: Invalid argument
2025-11-21T05:54:53.986570+00:00 mail postfix/postfix-script[59842]: starting the Postfix mail system
2025-11-21T05:54:53.997172+00:00 mail postfix/master[59843]: fatal: chmod socket private/smtpd: Invalid argument
2025-11-21T05:55:03.356252+00:00 mail postfix/postfix-script[59927]: starting the Postfix mail system
2025-11-21T05:55:03.395486+00:00 mail postfix/master[59928]: fatal: chmod socket private/smtpd: Invalid argument
2025-11-21T05:55:10.150644+00:00 mail postfix/postfix-script[60006]: starting the Postfix mail system
2025-11-21T05:55:10.187503+00:00 mail postfix/master[60007]: fatal: chmod socket private/smtpd: Invalid argument
2025-11-21T05:55:16.857178+00:00 mail postfix/postfix-script[60085]: starting the Postfix mail system
2025-11-21T05:55:16.920117+00:00 mail postfix/master[60086]: fatal: chmod socket private/smtpd: Invalid argument
2025-11-21T05:55:22.205843+00:00 mail postfix/postfix-script[60164]: starting the Postfix mail system
2025-11-21T05:55:22.226618+00:00 mail postfix/master[60165]: fatal: chmod socket private/smtpd: Invalid argument
2025-11-21T05:55:27.236041+00:00 mail postfix/postfix-script[60240]: starting the Postfix mail system
2025-11-21T05:55:27.249634+00:00 mail postfix/master[60241]: fatal: chmod socket private/smtpd: Invalid argument
2025-11-21T05:55:34.087127+00:00 mail postfix/postfix-script[60322]: starting the Postfix mail system
2025-11-21T05:55:34.133084+00:00 mail postfix/master[60323]: fatal: chmod socket private/smtpd: Invalid argument
2025-11-21T05:55:40.838581+00:00 mail postfix/postfix-script[60401]: starting the Postfix mail system
2025-11-21T05:55:40.851332+00:00 mail postfix/master[60402]: fatal: chmod socket private/smtpd: Invalid argument
2025-11-21T05:55:46.372017+00:00 mail postfix/postfix-script[60477]: starting the Postfix mail system
2025-11-21T05:55:46.384887+00:00 mail postfix/master[60478]: fatal: chmod socket private/smtpd: Invalid argument
2025-11-21T05:55:51.932800+00:00 mail postfix/postfix-script[60556]: starting the Postfix mail system
2025-11-21T05:55:51.943085+00:00 mail postfix/master[60557]: fatal: chmod socket private/smtpd: Invalid argument
2025-11-21T05:55:58.318929+00:00 mail postfix/postfix-script[60635]: starting the Postfix mail system
2025-11-21T05:55:58.339093+00:00 mail postfix/master[60636]: fatal: chmod socket private/smtpd: Invalid argument
2025-11-21T05:56:04.217716+00:00 mail postfix/postfix-script[60714]: starting the Postfix mail system
2025-11-21T05:56:04.226073+00:00 mail postfix/master[60715]: fatal: chmod socket private/smtpd: Invalid argument
2025-11-21T05:56:10.402853+00:00 mail postfix/postfix-script[60793]: starting the Postfix mail system
2025-11-21T05:56:10.411133+00:00 mail postfix/master[60794]: fatal: chmod socket private/smtpd: Invalid argument
2025-11-21T05:56:16.492975+00:00 mail postfix/postfix-script[60872]: starting the Postfix mail system
2025-11-21T05:56:16.501319+00:00 mail postfix/master[60873]: fatal: chmod socket private/smtpd: Invalid argument
2025-11-21T05:56:22.920101+00:00 mail postfix/postfix-script[60954]: starting the Postfix mail system
2025-11-21T05:56:22.929255+00:00 mail postfix/master[60955]: fatal: chmod socket private/smtpd: Invalid argument
2025-11-21T05:56:28.868231+00:00 mail postfix/postfix-script[61030]: starting the Postfix mail system
2025-11-21T05:56:28.875331+00:00 mail postfix/master[61031]: fatal: chmod socket private/smtpd: Invalid argument
2025-11-21T05:56:34.890555+00:00 mail postfix/postfix-script[61109]: starting the Postfix mail system
2025-11-21T05:56:34.900436+00:00 mail postfix/master[61110]: fatal: chmod socket private/smtpd: Invalid argument
2025-11-21T05:56:41.179511+00:00 mail postfix/postfix-script[61191]: starting the Postfix mail system
2025-11-21T05:56:41.195533+00:00 mail postfix/master[61192]: fatal: chmod socket private/smtpd: Invalid argument
2025-11-21T05:56:47.232024+00:00 mail postfix/postfix-script[61270]: starting the Postfix mail system
2025-11-21T05:56:47.238109+00:00 mail postfix/master[61271]: fatal: chmod socket private/smtpd: Invalid argument
2025-11-21T05:56:53.224924+00:00 mail postfix/postfix-script[61349]: starting the Postfix mail system
2025-11-21T05:56:53.233663+00:00 mail postfix/master[61350]: fatal: chmod socket private/smtpd: Invalid argument
2025-11-21T05:56:59.466359+00:00 mail postfix/postfix-script[61428]: starting the Postfix mail system
2025-11-21T05:56:59.478481+00:00 mail postfix/master[61429]: fatal: chmod socket private/smtpd: Invalid argument
2025-11-21T05:57:05.447177+00:00 mail postfix/postfix-script[61507]: starting the Postfix mail system
2025-11-21T05:57:05.455187+00:00 mail postfix/master[61508]: fatal: chmod socket private/smtpd: Invalid argument
2025-11-21T05:57:11.507693+00:00 mail postfix/postfix-script[61586]: starting the Postfix mail system
2025-11-21T05:57:11.517279+00:00 mail postfix/master[61587]: fatal: chmod socket private/smtpd: Invalid argument
2025-11-21T05:57:17.675954+00:00 mail postfix/postfix-script[61665]: starting the Postfix mail system
2025-11-21T05:57:17.684425+00:00 mail postfix/master[61666]: fatal: chmod socket private/smtpd: Invalid argument
2025-11-21T05:57:23.401390+00:00 mail postfix/postfix-script[61744]: starting the Postfix mail system
2025-11-21T05:57:23.419703+00:00 mail postfix/master[61745]: fatal: chmod socket private/smtpd: Invalid argument
2025-11-21T05:57:29.023529+00:00 mail postfix/postfix-script[61820]: starting the Postfix mail system
2025-11-21T05:57:29.032293+00:00 mail postfix/master[61821]: fatal: chmod socket private/smtpd: Invalid argument
2025-11-21T05:57:35.270510+00:00 mail postfix/postfix-script[61899]: starting the Postfix mail system
2025-11-21T05:57:35.281696+00:00 mail postfix/master[61900]: fatal: chmod socket private/smtpd: Invalid argument
2025-11-21T05:57:41.472627+00:00 mail postfix/postfix-script[61981]: starting the Postfix mail system
2025-11-21T05:57:41.480358+00:00 mail postfix/master[61982]: fatal: chmod socket private/smtpd: Invalid argument
2025-11-21T05:57:47.631082+00:00 mail postfix/postfix-script[62060]: starting the Postfix mail system
2025-11-21T05:57:47.641342+00:00 mail postfix/master[62061]: fatal: chmod socket private/smtpd: Invalid argument
2025-11-21T05:57:56.367024+00:00 mail postfix/postfix-script[62142]: starting the Postfix mail system
2025-11-21T05:57:56.404449+00:00 mail postfix/master[62143]: fatal: chmod socket private/smtpd: Invalid argument
2025-11-21T05:58:02.793223+00:00 mail postfix/postfix-script[62221]: starting the Postfix mail system
2025-11-21T05:58:02.831325+00:00 mail postfix/master[62222]: fatal: chmod socket private/smtpd: Invalid argument
2025-11-21T05:58:08.975604+00:00 mail postfix/postfix-script[62300]: starting the Postfix mail system
2025-11-21T05:58:08.998200+00:00 mail postfix/master[62301]: fatal: chmod socket private/smtpd: Invalid argument
2025-11-21T05:58:16.172087+00:00 mail postfix/postfix-script[62382]: starting the Postfix mail system
2025-11-21T05:58:16.223238+00:00 mail postfix/master[62383]: fatal: chmod socket private/smtpd: Invalid argument
2025-11-21T05:58:22.228604+00:00 mail postfix/postfix-script[62461]: starting the Postfix mail system
2025-11-21T05:58:22.269877+00:00 mail postfix/master[62462]: fatal: chmod socket private/smtpd: Invalid argument
2025-11-21T05:58:28.936927+00:00 mail postfix/postfix-script[62540]: starting the Postfix mail system
2025-11-21T05:58:28.968049+00:00 mail postfix/master[62541]: fatal: chmod socket private/smtpd: Invalid argument
2025-11-21T05:58:36.025550+00:00 mail postfix/postfix-script[62619]: starting the Postfix mail system
2025-11-21T05:58:36.096004+00:00 mail postfix/master[62620]: fatal: chmod socket private/smtpd: Invalid argument
2025-11-21T05:58:42.439586+00:00 mail postfix/postfix-script[62698]: starting the Postfix mail system
2025-11-21T05:58:42.463053+00:00 mail postfix/master[62699]: fatal: chmod socket private/smtpd: Invalid argument
2025-11-21T05:58:48.694193+00:00 mail postfix/postfix-script[62777]: starting the Postfix mail system
2025-11-21T05:58:48.755928+00:00 mail postfix/master[62778]: fatal: chmod socket private/smtpd: Invalid argument
2025-11-21T05:58:55.618607+00:00 mail postfix/postfix-script[62859]: starting the Postfix mail system
2025-11-21T05:58:55.643619+00:00 mail postfix/master[62860]: fatal: chmod socket private/smtpd: Invalid argument
2025-11-21T05:59:02.084907+00:00 mail postfix/postfix-script[62938]: starting the Postfix mail system
2025-11-21T05:59:02.111576+00:00 mail postfix/master[62939]: fatal: chmod socket private/smtpd: Invalid argument
2025-11-21T05:59:09.566568+00:00 mail postfix/postfix-script[63020]: starting the Postfix mail system
2025-11-21T05:59:09.636747+00:00 mail postfix/master[63021]: fatal: chmod socket private/smtpd: Invalid argument
2025-11-21T05:59:16.690239+00:00 mail postfix/postfix-script[63099]: starting the Postfix mail system
2025-11-21T05:59:16.712688+00:00 mail postfix/master[63100]: fatal: chmod socket private/smtpd: Invalid argument
2025-11-21T05:59:23.594641+00:00 mail postfix/postfix-script[63178]: starting the Postfix mail system
2025-11-21T05:59:23.615999+00:00 mail postfix/master[63179]: fatal: chmod socket private/smtpd: Invalid argument
2025-11-21T05:59:29.764192+00:00 mail postfix/postfix-script[63257]: starting the Postfix mail system
2025-11-21T05:59:29.834146+00:00 mail postfix/master[63258]: fatal: chmod socket private/smtpd: Invalid argument
2025-11-21T05:59:37.112324+00:00 mail postfix/postfix-script[63339]: starting the Postfix mail system
2025-11-21T05:59:37.288810+00:00 mail postfix/master[63340]: fatal: chmod socket private/smtpd: Invalid argument
2025-11-21T05:59:42.827650+00:00 mail postfix/postfix-script[63418]: starting the Postfix mail system
2025-11-21T05:59:42.845833+00:00 mail postfix/master[63419]: fatal: chmod socket private/smtpd: Invalid argument
2025-11-21T05:59:49.344033+00:00 mail postfix/postfix-script[63497]: starting the Postfix mail system
2025-11-21T05:59:49.400148+00:00 mail postfix/master[63498]: fatal: chmod socket private/smtpd: Invalid argument
2025-11-21T05:59:56.849568+00:00 mail postfix/postfix-script[63576]: starting the Postfix mail system
2025-11-21T05:59:56.978366+00:00 mail postfix/master[63577]: fatal: chmod socket private/smtpd: Invalid argument
2025-11-21T06:00:08.668166+00:00 mail postfix/postfix-script[63661]: starting the Postfix mail system
2025-11-21T06:00:08.690040+00:00 mail postfix/master[63662]: fatal: chmod socket private/smtpd: Invalid argument
2025-11-21T06:00:16.010999+00:00 mail postfix/postfix-script[63743]: starting the Postfix mail system
2025-11-21T06:00:16.215395+00:00 mail postfix/master[63744]: fatal: chmod socket private/smtpd: Invalid argument
2025-11-21T06:00:22.285903+00:00 mail postfix/postfix-script[63822]: starting the Postfix mail system
2025-11-21T06:00:22.471397+00:00 mail postfix/master[63823]: fatal: chmod socket private/smtpd: Invalid argument
2025-11-21T06:00:29.657275+00:00 mail postfix/postfix-script[63901]: starting the Postfix mail system
2025-11-21T06:00:29.777924+00:00 mail postfix/master[63902]: fatal: chmod socket private/smtpd: Invalid argument
2025-11-21T06:00:36.307387+00:00 mail postfix/postfix-script[63983]: starting the Postfix mail system
2025-11-21T06:00:36.331957+00:00 mail postfix/master[63984]: fatal: chmod socket private/smtpd: Invalid argument
2025-11-21T06:00:44.635374+00:00 mail postfix/postfix-script[64065]: starting the Postfix mail system
2025-11-21T06:00:44.702553+00:00 mail postfix/master[64066]: fatal: chmod socket private/smtpd: Invalid argument
2025-11-21T06:00:49.824429+00:00 mail postfix/postfix-script[64141]: starting the Postfix mail system
2025-11-21T06:00:49.864213+00:00 mail postfix/master[64142]: fatal: chmod socket private/smtpd: Invalid argument
2025-11-21T06:00:59.456091+00:00 mail postfix/postfix-script[64226]: starting the Postfix mail system
2025-11-21T06:00:59.508277+00:00 mail postfix/master[64227]: fatal: chmod socket private/smtpd: Invalid argument
2025-11-21T06:01:04.523399+00:00 mail postfix/postfix-script[64302]: starting the Postfix mail system
2025-11-21T06:01:04.558917+00:00 mail postfix/master[64303]: fatal: chmod socket private/smtpd: Invalid argument
2025-11-21T06:01:12.666484+00:00 mail postfix/postfix-script[64384]: starting the Postfix mail system
2025-11-21T06:01:12.707421+00:00 mail postfix/master[64385]: fatal: chmod socket private/smtpd: Invalid argument
2025-11-21T06:01:18.004469+00:00 mail postfix/postfix-script[64463]: starting the Postfix mail system
2025-11-21T06:01:18.028921+00:00 mail postfix/master[64464]: fatal: chmod socket private/smtpd: Invalid argument
2025-11-21T06:01:25.913791+00:00 mail postfix/postfix-script[64545]: starting the Postfix mail system
2025-11-21T06:01:25.947045+00:00 mail postfix/master[64546]: fatal: chmod socket private/smtpd: Invalid argument
2025-11-21T06:01:32.346498+00:00 mail postfix/postfix-script[64624]: starting the Postfix mail system
2025-11-21T06:01:32.379679+00:00 mail postfix/master[64625]: fatal: chmod socket private/smtpd: Invalid argument
2025-11-21T06:01:39.530197+00:00 mail postfix/postfix-script[64703]: starting the Postfix mail system
2025-11-21T06:01:39.707232+00:00 mail postfix/master[64704]: fatal: chmod socket private/smtpd: Invalid argument
2025-11-21T06:01:46.387181+00:00 mail postfix/postfix-script[64782]: starting the Postfix mail system
2025-11-21T06:01:46.422727+00:00 mail postfix/master[64783]: fatal: chmod socket private/smtpd: Invalid argument
2025-11-21T06:01:53.506393+00:00 mail postfix/postfix-script[64864]: starting the Postfix mail system
2025-11-21T06:01:53.540438+00:00 mail postfix/master[64865]: fatal: chmod socket private/smtpd: Invalid argument
2025-11-21T06:02:00.705328+00:00 mail postfix/postfix-script[64943]: starting the Postfix mail system
2025-11-21T06:02:00.906976+00:00 mail postfix/master[64944]: fatal: chmod socket private/smtpd: Invalid argument
2025-11-21T06:02:06.042741+00:00 mail postfix/postfix-script[65022]: starting the Postfix mail system
2025-11-21T06:02:06.073873+00:00 mail postfix/master[65023]: fatal: chmod socket private/smtpd: Invalid argument
2025-11-21T06:02:13.985288+00:00 mail postfix/postfix-script[65104]: starting the Postfix mail system
2025-11-21T06:02:14.030968+00:00 mail postfix/master[65105]: fatal: chmod socket private/smtpd: Invalid argument
2025-11-21T06:02:21.465625+00:00 mail postfix/postfix-script[65183]: starting the Postfix mail system
2025-11-21T06:02:21.828222+00:00 mail postfix/master[65184]: fatal: chmod socket private/smtpd: Invalid argument
2025-11-21T06:02:31.056727+00:00 mail postfix/postfix-script[65268]: starting the Postfix mail system
2025-11-21T06:02:31.199515+00:00 mail postfix/master[65269]: fatal: chmod socket private/smtpd: Invalid argument
2025-11-21T06:02:39.371064+00:00 mail postfix/postfix-script[65350]: starting the Postfix mail system
2025-11-21T06:02:39.396924+00:00 mail postfix/master[65351]: fatal: chmod socket private/smtpd: Invalid argument
2025-11-21T06:02:46.669375+00:00 mail postfix/postfix-script[65429]: starting the Postfix mail system
2025-11-21T06:02:46.703580+00:00 mail postfix/master[65430]: fatal: chmod socket private/smtpd: Invalid argument
2025-11-21T06:02:52.520021+00:00 mail postfix/postfix-script[65508]: starting the Postfix mail system
2025-11-21T06:02:52.547282+00:00 mail postfix/master[65509]: fatal: chmod socket private/smtpd: Invalid argument
2025-11-21T06:02:58.386348+00:00 mail postfix/postfix-script[65587]: starting the Postfix mail system
2025-11-21T06:02:58.433957+00:00 mail postfix/master[65588]: fatal: chmod socket private/smtpd: Invalid argument
2025-11-21T06:03:05.549069+00:00 mail postfix/postfix-script[65669]: starting the Postfix mail system
2025-11-21T06:03:05.613904+00:00 mail postfix/master[65670]: fatal: chmod socket private/smtpd: Invalid argument
2025-11-21T06:03:13.218103+00:00 mail postfix/postfix-script[65748]: starting the Postfix mail system
2025-11-21T06:03:13.269457+00:00 mail postfix/master[65749]: fatal: chmod socket private/smtpd: Invalid argument
2025-11-21T06:03:19.908961+00:00 mail postfix/postfix-script[65827]: starting the Postfix mail system
2025-11-21T06:03:19.966981+00:00 mail postfix/master[65828]: fatal: chmod socket private/smtpd: Invalid argument
2025-11-21T06:03:27.435270+00:00 mail postfix/postfix-script[65909]: starting the Postfix mail system
2025-11-21T06:03:27.463015+00:00 mail postfix/master[65910]: fatal: chmod socket private/smtpd: Invalid argument
2025-11-21T06:03:34.172114+00:00 mail postfix/postfix-script[65988]: starting the Postfix mail system
2025-11-21T06:03:34.201277+00:00 mail postfix/master[65989]: fatal: chmod socket private/smtpd: Invalid argument
2025-11-21T06:03:41.358114+00:00 mail postfix/postfix-script[66070]: starting the Postfix mail system
2025-11-21T06:03:41.517177+00:00 mail postfix/master[66071]: fatal: chmod socket private/smtpd: Invalid argument
2025-11-21T06:03:48.843733+00:00 mail postfix/postfix-script[66152]: starting the Postfix mail system
2025-11-21T06:03:48.909654+00:00 mail postfix/master[66153]: fatal: chmod socket private/smtpd: Invalid argument
2025-11-21T06:03:55.617478+00:00 mail postfix/postfix-script[66231]: starting the Postfix mail system
2025-11-21T06:03:55.688506+00:00 mail postfix/master[66232]: fatal: chmod socket private/smtpd: Invalid argument
2025-11-21T06:04:01.838087+00:00 mail postfix/postfix-script[66310]: starting the Postfix mail system
2025-11-21T06:04:01.885762+00:00 mail postfix/master[66311]: fatal: chmod socket private/smtpd: Invalid argument
2025-11-21T06:04:07.551401+00:00 mail postfix/postfix-script[66389]: starting the Postfix mail system
2025-11-21T06:04:07.592459+00:00 mail postfix/master[66390]: fatal: chmod socket private/smtpd: Invalid argument
2025-11-21T06:04:14.973728+00:00 mail postfix/postfix-script[66468]: starting the Postfix mail system
2025-11-21T06:04:15.006481+00:00 mail postfix/master[66469]: fatal: chmod socket private/smtpd: Invalid argument
2025-11-21T06:04:21.769609+00:00 mail postfix/postfix-script[66550]: starting the Postfix mail system
2025-11-21T06:04:21.801337+00:00 mail postfix/master[66551]: fatal: chmod socket private/smtpd: Invalid argument
2025-11-21T06:04:28.981168+00:00 mail postfix/postfix-script[66629]: starting the Postfix mail system
2025-11-21T06:04:29.029356+00:00 mail postfix/master[66630]: fatal: chmod socket private/smtpd: Invalid argument
2025-11-21T06:04:35.871471+00:00 mail postfix/postfix-script[66708]: starting the Postfix mail system
2025-11-21T06:04:35.900112+00:00 mail postfix/master[66709]: fatal: chmod socket private/smtpd: Invalid argument
2025-11-21T06:04:43.648910+00:00 mail postfix/postfix-script[66790]: starting the Postfix mail system
2025-11-21T06:04:43.683251+00:00 mail postfix/master[66791]: fatal: chmod socket private/smtpd: Invalid argument
2025-11-21T06:04:50.311822+00:00 mail postfix/postfix-script[66869]: starting the Postfix mail system
2025-11-21T06:04:50.343156+00:00 mail postfix/master[66870]: fatal: chmod socket private/smtpd: Invalid argument
2025-11-21T06:04:56.178009+00:00 mail postfix/postfix-script[66948]: starting the Postfix mail system
2025-11-21T06:04:56.194550+00:00 mail postfix/master[66949]: fatal: chmod socket private/smtpd: Invalid argument
2025-11-21T06:05:02.316150+00:00 mail postfix/postfix-script[67027]: starting the Postfix mail system
2025-11-21T06:05:02.339812+00:00 mail postfix/master[67028]: fatal: chmod socket private/smtpd: Invalid argument
2025-11-21T06:05:08.485700+00:00 mail postfix/postfix-script[67106]: starting the Postfix mail system
2025-11-21T06:05:08.502685+00:00 mail postfix/master[67107]: fatal: chmod socket private/smtpd: Invalid argument
2025-11-21T06:05:14.277031+00:00 mail postfix/postfix-script[67185]: starting the Postfix mail system
2025-11-21T06:05:14.291125+00:00 mail postfix/master[67186]: fatal: chmod socket private/smtpd: Invalid argument
2025-11-21T06:05:20.687489+00:00 mail postfix/postfix-script[67264]: starting the Postfix mail system
2025-11-21T06:05:20.709015+00:00 mail postfix/master[67265]: fatal: chmod socket private/smtpd: Invalid argument
2025-11-21T06:05:26.801538+00:00 mail postfix/postfix-script[67343]: starting the Postfix mail system
2025-11-21T06:05:26.813680+00:00 mail postfix/master[67344]: fatal: chmod socket private/smtpd: Invalid argument
2025-11-21T06:05:32.985000+00:00 mail postfix/postfix-script[67422]: starting the Postfix mail system
2025-11-21T06:05:33.022176+00:00 mail postfix/master[67423]: fatal: chmod socket private/smtpd: Invalid argument
2025-11-21T06:05:38.983579+00:00 mail postfix/postfix-script[67501]: starting the Postfix mail system
2025-11-21T06:05:38.996242+00:00 mail postfix/master[67502]: fatal: chmod socket private/smtpd: Invalid argument
2025-11-21T06:05:44.804432+00:00 mail postfix/postfix-script[67580]: starting the Postfix mail system
2025-11-21T06:05:44.822513+00:00 mail postfix/master[67581]: fatal: chmod socket private/smtpd: Invalid argument
2025-11-21T06:05:51.429570+00:00 mail postfix/postfix-script[67659]: starting the Postfix mail system
2025-11-21T06:05:51.452578+00:00 mail postfix/master[67660]: fatal: chmod socket private/smtpd: Invalid argument
2025-11-21T06:05:57.154540+00:00 mail postfix/postfix-script[67738]: starting the Postfix mail system
2025-11-21T06:05:57.165030+00:00 mail postfix/master[67739]: fatal: chmod socket private/smtpd: Invalid argument
2025-11-21T06:06:03.686735+00:00 mail postfix/postfix-script[67817]: starting the Postfix mail system
2025-11-21T06:06:03.706807+00:00 mail postfix/master[67818]: fatal: chmod socket private/smtpd: Invalid argument
2025-11-21T06:06:09.571904+00:00 mail postfix/postfix-script[67896]: starting the Postfix mail system
2025-11-21T06:06:09.583726+00:00 mail postfix/master[67897]: fatal: chmod socket private/smtpd: Invalid argument
2025-11-21T06:06:15.724582+00:00 mail postfix/postfix-script[67975]: starting the Postfix mail system
2025-11-21T06:06:15.734665+00:00 mail postfix/master[67976]: fatal: chmod socket private/smtpd: Invalid argument
2025-11-21T06:06:21.607817+00:00 mail postfix/postfix-script[68054]: starting the Postfix mail system
2025-11-21T06:06:21.614370+00:00 mail postfix/master[68055]: fatal: chmod socket private/smtpd: Invalid argument
2025-11-21T06:06:27.646969+00:00 mail postfix/postfix-script[68133]: starting the Postfix mail system
2025-11-21T06:06:27.655221+00:00 mail postfix/master[68134]: fatal: chmod socket private/smtpd: Invalid argument
2025-11-21T06:06:33.788410+00:00 mail postfix/postfix-script[68212]: starting the Postfix mail system
2025-11-21T06:06:33.795862+00:00 mail postfix/master[68213]: fatal: chmod socket private/smtpd: Invalid argument
2025-11-21T06:06:39.809820+00:00 mail postfix/postfix-script[68291]: starting the Postfix mail system
2025-11-21T06:06:39.815646+00:00 mail postfix/master[68292]: fatal: chmod socket private/smtpd: Invalid argument
2025-11-21T06:06:45.986993+00:00 mail postfix/postfix-script[68370]: starting the Postfix mail system
2025-11-21T06:06:45.995861+00:00 mail postfix/master[68371]: fatal: chmod socket private/smtpd: Invalid argument
2025-11-21T06:06:51.974427+00:00 mail postfix/postfix-script[68449]: starting the Postfix mail system
2025-11-21T06:06:51.980533+00:00 mail postfix/master[68450]: fatal: chmod socket private/smtpd: Invalid argument
2025-11-21T06:06:58.066572+00:00 mail postfix/postfix-script[68528]: starting the Postfix mail system
2025-11-21T06:06:58.071418+00:00 mail postfix/master[68529]: fatal: chmod socket private/smtpd: Invalid argument
2025-11-21T06:07:04.211965+00:00 mail postfix/postfix-script[68607]: starting the Postfix mail system
2025-11-21T06:07:04.218322+00:00 mail postfix/master[68608]: fatal: chmod socket private/smtpd: Invalid argument
2025-11-21T06:07:10.508273+00:00 mail postfix/postfix-script[68686]: starting the Postfix mail system
2025-11-21T06:07:10.517658+00:00 mail postfix/master[68687]: fatal: chmod socket private/smtpd: Invalid argument
2025-11-21T06:07:16.461549+00:00 mail postfix/postfix-script[68765]: starting the Postfix mail system
2025-11-21T06:07:16.467258+00:00 mail postfix/master[68766]: fatal: chmod socket private/smtpd: Invalid argument
2025-11-21T06:07:22.867548+00:00 mail postfix/postfix-script[68844]: starting the Postfix mail system
2025-11-21T06:07:22.876127+00:00 mail postfix/master[68845]: fatal: chmod socket private/smtpd: Invalid argument
2025-11-21T06:07:28.830140+00:00 mail postfix/postfix-script[68923]: starting the Postfix mail system
2025-11-21T06:07:28.866998+00:00 mail postfix/master[68924]: fatal: chmod socket private/smtpd: Invalid argument
2025-11-21T06:07:35.684478+00:00 mail postfix/postfix-script[69005]: starting the Postfix mail system
2025-11-21T06:07:35.722651+00:00 mail postfix/master[69006]: fatal: chmod socket private/smtpd: Invalid argument
2025-11-21T06:07:40.294073+00:00 mail postfix/postfix-script[69081]: starting the Postfix mail system
2025-11-21T06:07:40.302739+00:00 mail postfix/master[69082]: fatal: chmod socket private/smtpd: Invalid argument
2025-11-21T06:07:46.471430+00:00 mail postfix/postfix-script[69160]: starting the Postfix mail system
2025-11-21T06:07:46.477466+00:00 mail postfix/master[69161]: fatal: chmod socket private/smtpd: Invalid argument
2025-11-21T06:07:52.512408+00:00 mail postfix/postfix-script[69239]: starting the Postfix mail system
2025-11-21T06:07:52.518884+00:00 mail postfix/master[69240]: fatal: chmod socket private/smtpd: Invalid argument
2025-11-21T06:07:57.793759+00:00 mail postfix/postfix-script[69318]: starting the Postfix mail system
2025-11-21T06:07:57.802669+00:00 mail postfix/master[69319]: fatal: chmod socket private/smtpd: Invalid argument
2025-11-21T06:08:04.090229+00:00 mail postfix/postfix-script[69397]: starting the Postfix mail system
2025-11-21T06:08:04.099607+00:00 mail postfix/master[69398]: fatal: chmod socket private/smtpd: Invalid argument
2025-11-21T06:08:09.790200+00:00 mail postfix/postfix-script[69476]: starting the Postfix mail system
2025-11-21T06:08:09.796706+00:00 mail postfix/master[69477]: fatal: chmod socket private/smtpd: Invalid argument
2025-11-21T06:08:15.920835+00:00 mail postfix/postfix-script[69555]: starting the Postfix mail system
2025-11-21T06:08:15.930417+00:00 mail postfix/master[69556]: fatal: chmod socket private/smtpd: Invalid argument
2025-11-21T06:08:22.572210+00:00 mail postfix/postfix-script[69634]: starting the Postfix mail system
2025-11-21T06:08:22.587438+00:00 mail postfix/master[69635]: fatal: chmod socket private/smtpd: Invalid argument
2025-11-21T06:08:28.279169+00:00 mail postfix/postfix-script[69713]: starting the Postfix mail system
2025-11-21T06:08:28.288847+00:00 mail postfix/master[69714]: fatal: chmod socket private/smtpd: Invalid argument
2025-11-21T06:08:34.571144+00:00 mail postfix/postfix-script[69792]: starting the Postfix mail system
2025-11-21T06:08:34.577867+00:00 mail postfix/master[69793]: fatal: chmod socket private/smtpd: Invalid argument
2025-11-21T06:08:40.465857+00:00 mail postfix/postfix-script[69871]: starting the Postfix mail system
2025-11-21T06:08:40.476271+00:00 mail postfix/master[69872]: fatal: chmod socket private/smtpd: Invalid argument
2025-11-21T06:08:46.926341+00:00 mail postfix/postfix-script[69950]: starting the Postfix mail system
2025-11-21T06:08:46.938293+00:00 mail postfix/master[69951]: fatal: chmod socket private/smtpd: Invalid argument
2025-11-21T06:08:52.765999+00:00 mail postfix/postfix-script[70029]: starting the Postfix mail system
2025-11-21T06:08:52.777107+00:00 mail postfix/master[70030]: fatal: chmod socket private/smtpd: Invalid argument
2025-11-21T06:08:58.904404+00:00 mail postfix/postfix-script[70108]: starting the Postfix mail system
2025-11-21T06:08:58.917840+00:00 mail postfix/master[70109]: fatal: chmod socket private/smtpd: Invalid argument
2025-11-21T06:09:05.182387+00:00 mail postfix/postfix-script[70187]: starting the Postfix mail system
2025-11-21T06:09:05.194931+00:00 mail postfix/master[70188]: fatal: chmod socket private/smtpd: Invalid argument
2025-11-21T06:09:11.321206+00:00 mail postfix/postfix-script[70266]: starting the Postfix mail system
2025-11-21T06:09:11.330816+00:00 mail postfix/master[70267]: fatal: chmod socket private/smtpd: Invalid argument
2025-11-21T06:09:17.307881+00:00 mail postfix/postfix-script[70345]: starting the Postfix mail system
2025-11-21T06:09:17.316137+00:00 mail postfix/master[70346]: fatal: chmod socket private/smtpd: Invalid argument
2025-11-21T06:09:23.395733+00:00 mail postfix/postfix-script[70424]: starting the Postfix mail system
2025-11-21T06:09:23.404625+00:00 mail postfix/master[70425]: fatal: chmod socket private/smtpd: Invalid argument
2025-11-21T06:09:30.401296+00:00 mail postfix/postfix-script[70506]: starting the Postfix mail system
2025-11-21T06:09:30.414460+00:00 mail postfix/master[70507]: fatal: chmod socket private/smtpd: Invalid argument
2025-11-21T06:09:36.424315+00:00 mail postfix/postfix-script[70585]: starting the Postfix mail system
2025-11-21T06:09:36.449788+00:00 mail postfix/master[70586]: fatal: chmod socket private/smtpd: Invalid argument
2025-11-21T06:09:41.991077+00:00 mail postfix/postfix-script[70661]: starting the Postfix mail system
2025-11-21T06:09:41.999670+00:00 mail postfix/master[70662]: fatal: chmod socket private/smtpd: Invalid argument
2025-11-21T06:09:48.060455+00:00 mail postfix/postfix-script[70740]: starting the Postfix mail system
2025-11-21T06:09:48.073044+00:00 mail postfix/master[70741]: fatal: chmod socket private/smtpd: Invalid argument
2025-11-21T06:09:54.125799+00:00 mail postfix/postfix-script[70819]: starting the Postfix mail system
2025-11-21T06:09:54.134836+00:00 mail postfix/master[70820]: fatal: chmod socket private/smtpd: Invalid argument
2025-11-21T06:10:00.125113+00:00 mail postfix/postfix-script[70898]: starting the Postfix mail system
2025-11-21T06:10:00.130866+00:00 mail postfix/master[70899]: fatal: chmod socket private/smtpd: Invalid argument
2025-11-21T06:10:06.180079+00:00 mail postfix/postfix-script[70977]: starting the Postfix mail system
2025-11-21T06:10:06.185458+00:00 mail postfix/master[70978]: fatal: chmod socket private/smtpd: Invalid argument
2025-11-21T06:10:12.298947+00:00 mail postfix/postfix-script[71056]: starting the Postfix mail system
2025-11-21T06:10:12.306930+00:00 mail postfix/master[71057]: fatal: chmod socket private/smtpd: Invalid argument
2025-11-21T06:10:18.691991+00:00 mail postfix/postfix-script[71138]: starting the Postfix mail system
2025-11-21T06:10:18.701268+00:00 mail postfix/master[71139]: fatal: chmod socket private/smtpd: Invalid argument
2025-11-21T06:10:24.752974+00:00 mail postfix/postfix-script[71217]: starting the Postfix mail system
2025-11-21T06:10:24.765429+00:00 mail postfix/master[71218]: fatal: chmod socket private/smtpd: Invalid argument
2025-11-21T06:10:30.658538+00:00 mail postfix/postfix-script[71296]: starting the Postfix mail system
2025-11-21T06:10:30.665148+00:00 mail postfix/master[71297]: fatal: chmod socket private/smtpd: Invalid argument
2025-11-21T06:10:36.808738+00:00 mail postfix/postfix-script[71375]: starting the Postfix mail system
2025-11-21T06:10:36.813996+00:00 mail postfix/master[71376]: fatal: chmod socket private/smtpd: Invalid argument
2025-11-21T06:10:45.681040+00:00 mail postfix/postfix-script[71457]: starting the Postfix mail system
2025-11-21T06:10:45.744789+00:00 mail postfix/master[71458]: fatal: chmod socket private/smtpd: Invalid argument
2025-11-21T06:10:51.398397+00:00 mail postfix/postfix-script[71536]: starting the Postfix mail system
2025-11-21T06:10:51.461050+00:00 mail postfix/master[71537]: fatal: chmod socket private/smtpd: Invalid argument
2025-11-21T06:10:58.201297+00:00 mail postfix/postfix-script[71615]: starting the Postfix mail system
2025-11-21T06:10:58.233901+00:00 mail postfix/master[71616]: fatal: chmod socket private/smtpd: Invalid argument
2025-11-21T06:11:05.196414+00:00 mail postfix/postfix-script[71694]: starting the Postfix mail system
2025-11-21T06:11:05.317171+00:00 mail postfix/master[71695]: fatal: chmod socket private/smtpd: Invalid argument
2025-11-21T06:11:10.990236+00:00 mail postfix/postfix-script[71773]: starting the Postfix mail system
2025-11-21T06:11:11.015065+00:00 mail postfix/master[71774]: fatal: chmod socket private/smtpd: Invalid argument
2025-11-21T06:11:16.399361+00:00 mail postfix/postfix-script[71852]: starting the Postfix mail system
2025-11-21T06:11:16.422380+00:00 mail postfix/master[71853]: fatal: chmod socket private/smtpd: Invalid argument
2025-11-21T06:11:22.943169+00:00 mail postfix/postfix-script[71931]: starting the Postfix mail system
2025-11-21T06:11:22.983110+00:00 mail postfix/master[71932]: fatal: chmod socket private/smtpd: Invalid argument
2025-11-21T06:11:29.907795+00:00 mail postfix/postfix-script[72013]: starting the Postfix mail system
2025-11-21T06:11:29.965513+00:00 mail postfix/master[72014]: fatal: chmod socket private/smtpd: Invalid argument
2025-11-21T06:11:36.030158+00:00 mail postfix/postfix-script[72092]: starting the Postfix mail system
2025-11-21T06:11:36.055186+00:00 mail postfix/master[72093]: fatal: chmod socket private/smtpd: Invalid argument
2025-11-21T06:11:43.048202+00:00 mail postfix/postfix-script[72171]: starting the Postfix mail system
2025-11-21T06:11:43.110714+00:00 mail postfix/master[72172]: fatal: chmod socket private/smtpd: Invalid argument
2025-11-21T06:11:48.849223+00:00 mail postfix/postfix-script[72250]: starting the Postfix mail system
2025-11-21T06:11:48.864891+00:00 mail postfix/master[72251]: fatal: chmod socket private/smtpd: Invalid argument
2025-11-21T06:11:54.490932+00:00 mail postfix/postfix-script[72329]: starting the Postfix mail system
2025-11-21T06:11:54.507442+00:00 mail postfix/master[72330]: fatal: chmod socket private/smtpd: Invalid argument
2025-11-21T06:12:00.398652+00:00 mail postfix/postfix-script[72408]: starting the Postfix mail system
2025-11-21T06:12:00.432775+00:00 mail postfix/master[72409]: fatal: chmod socket private/smtpd: Invalid argument
2025-11-21T06:12:06.367003+00:00 mail postfix/postfix-script[72484]: starting the Postfix mail system
2025-11-21T06:12:06.380779+00:00 mail postfix/master[72485]: fatal: chmod socket private/smtpd: Invalid argument
2025-11-21T06:12:13.448693+00:00 mail postfix/postfix-script[72566]: starting the Postfix mail system
2025-11-21T06:12:13.464919+00:00 mail postfix/master[72567]: fatal: chmod socket private/smtpd: Invalid argument
2025-11-21T06:12:19.290909+00:00 mail postfix/postfix-script[72645]: starting the Postfix mail system
2025-11-21T06:12:19.307971+00:00 mail postfix/master[72646]: fatal: chmod socket private/smtpd: Invalid argument
2025-11-21T06:12:25.018244+00:00 mail postfix/postfix-script[72724]: starting the Postfix mail system
2025-11-21T06:12:25.031977+00:00 mail postfix/master[72725]: fatal: chmod socket private/smtpd: Invalid argument
2025-11-21T06:12:31.195279+00:00 mail postfix/postfix-script[72803]: starting the Postfix mail system
2025-11-21T06:12:31.205086+00:00 mail postfix/master[72804]: fatal: chmod socket private/smtpd: Invalid argument
2025-11-21T06:12:37.585025+00:00 mail postfix/postfix-script[72882]: starting the Postfix mail system
2025-11-21T06:12:37.597348+00:00 mail postfix/master[72883]: fatal: chmod socket private/smtpd: Invalid argument
2025-11-21T06:12:43.498847+00:00 mail postfix/postfix-script[72961]: starting the Postfix mail system
2025-11-21T06:12:43.508810+00:00 mail postfix/master[72962]: fatal: chmod socket private/smtpd: Invalid argument
2025-11-21T06:12:49.845134+00:00 mail postfix/postfix-script[73040]: starting the Postfix mail system
2025-11-21T06:12:49.863401+00:00 mail postfix/master[73041]: fatal: chmod socket private/smtpd: Invalid argument
2025-11-21T06:12:55.983173+00:00 mail postfix/postfix-script[73119]: starting the Postfix mail system
2025-11-21T06:12:55.992288+00:00 mail postfix/master[73120]: fatal: chmod socket private/smtpd: Invalid argument
2025-11-21T06:13:02.894049+00:00 mail postfix/postfix-script[73198]: starting the Postfix mail system
2025-11-21T06:13:02.910213+00:00 mail postfix/master[73199]: fatal: chmod socket private/smtpd: Invalid argument
2025-11-21T06:13:08.751965+00:00 mail postfix/postfix-script[73277]: starting the Postfix mail system
2025-11-21T06:13:08.766913+00:00 mail postfix/master[73278]: fatal: chmod socket private/smtpd: Invalid argument
2025-11-21T06:13:16.576844+00:00 mail postfix/postfix-script[73359]: starting the Postfix mail system
2025-11-21T06:13:16.649175+00:00 mail postfix/master[73360]: fatal: chmod socket private/smtpd: Invalid argument
2025-11-21T06:13:22.474258+00:00 mail postfix/postfix-script[73438]: starting the Postfix mail system
2025-11-21T06:13:22.493017+00:00 mail postfix/master[73439]: fatal: chmod socket private/smtpd: Invalid argument
2025-11-21T06:13:28.193470+00:00 mail postfix/postfix-script[73517]: starting the Postfix mail system
2025-11-21T06:13:28.209263+00:00 mail postfix/master[73518]: fatal: chmod socket private/smtpd: Invalid argument
2025-11-21T06:13:34.405082+00:00 mail postfix/postfix-script[73596]: starting the Postfix mail system
2025-11-21T06:13:34.417830+00:00 mail postfix/master[73597]: fatal: chmod socket private/smtpd: Invalid argument
2025-11-21T06:13:40.447929+00:00 mail postfix/postfix-script[73675]: starting the Postfix mail system
2025-11-21T06:13:40.457611+00:00 mail postfix/master[73676]: fatal: chmod socket private/smtpd: Invalid argument
2025-11-21T06:13:47.307523+00:00 mail postfix/postfix-script[73754]: starting the Postfix mail system
2025-11-21T06:13:47.322480+00:00 mail postfix/master[73755]: fatal: chmod socket private/smtpd: Invalid argument
2025-11-21T06:13:53.076701+00:00 mail postfix/postfix-script[73833]: starting the Postfix mail system
2025-11-21T06:13:53.089613+00:00 mail postfix/master[73834]: fatal: chmod socket private/smtpd: Invalid argument
2025-11-21T06:14:00.256181+00:00 mail postfix/postfix-script[73914]: starting the Postfix mail system
2025-11-21T06:14:00.396744+00:00 mail postfix/master[73916]: fatal: chmod socket private/smtpd: Invalid argument
2025-11-21T06:14:06.991043+00:00 mail postfix/postfix-script[73994]: starting the Postfix mail system
2025-11-21T06:14:07.013112+00:00 mail postfix/master[73995]: fatal: chmod socket private/smtpd: Invalid argument
2025-11-21T06:14:14.054181+00:00 mail postfix/postfix-script[74073]: starting the Postfix mail system
2025-11-21T06:14:14.074673+00:00 mail postfix/master[74074]: fatal: chmod socket private/smtpd: Invalid argument
2025-11-21T06:14:19.610319+00:00 mail postfix/postfix-script[74152]: starting the Postfix mail system
2025-11-21T06:14:19.634340+00:00 mail postfix/master[74153]: fatal: chmod socket private/smtpd: Invalid argument
2025-11-21T06:14:26.094435+00:00 mail postfix/postfix-script[74231]: starting the Postfix mail system
2025-11-21T06:14:26.127862+00:00 mail postfix/master[74232]: fatal: chmod socket private/smtpd: Invalid argument
2025-11-21T06:14:32.424852+00:00 mail postfix/postfix-script[74310]: starting the Postfix mail system
2025-11-21T06:14:32.512687+00:00 mail postfix/master[74311]: fatal: chmod socket private/smtpd: Invalid argument
2025-11-21T06:14:38.959677+00:00 mail postfix/postfix-script[74389]: starting the Postfix mail system
2025-11-21T06:14:38.992673+00:00 mail postfix/master[74390]: fatal: chmod socket private/smtpd: Invalid argument
2025-11-21T06:14:45.572964+00:00 mail postfix/postfix-script[74471]: starting the Postfix mail system
2025-11-21T06:14:45.658551+00:00 mail postfix/master[74472]: fatal: chmod socket private/smtpd: Invalid argument
2025-11-21T06:14:52.607010+00:00 mail postfix/postfix-script[74550]: starting the Postfix mail system
2025-11-21T06:14:52.642031+00:00 mail postfix/master[74551]: fatal: chmod socket private/smtpd: Invalid argument
2025-11-21T06:14:59.131895+00:00 mail postfix/postfix-script[74629]: starting the Postfix mail system
2025-11-21T06:14:59.159292+00:00 mail postfix/master[74630]: fatal: chmod socket private/smtpd: Invalid argument
2025-11-21T06:15:05.029600+00:00 mail postfix/postfix-script[74708]: starting the Postfix mail system
2025-11-21T06:15:05.095549+00:00 mail postfix/master[74709]: fatal: chmod socket private/smtpd: Invalid argument
2025-11-21T06:15:12.193666+00:00 mail postfix/postfix-script[74787]: starting the Postfix mail system
2025-11-21T06:15:12.220090+00:00 mail postfix/master[74790]: fatal: chmod socket private/smtpd: Invalid argument
2025-11-21T06:15:17.858785+00:00 mail postfix/postfix-script[74866]: starting the Postfix mail system
2025-11-21T06:15:17.879823+00:00 mail postfix/master[74867]: fatal: chmod socket private/smtpd: Invalid argument
2025-11-21T06:15:24.470652+00:00 mail postfix/postfix-script[74945]: starting the Postfix mail system
2025-11-21T06:15:24.519094+00:00 mail postfix/master[74946]: fatal: chmod socket private/smtpd: Invalid argument
2025-11-21T06:15:31.756523+00:00 mail postfix/postfix-script[75027]: starting the Postfix mail system
2025-11-21T06:15:31.786212+00:00 mail postfix/master[75028]: fatal: chmod socket private/smtpd: Invalid argument
2025-11-21T06:15:37.748262+00:00 mail postfix/postfix-script[75106]: starting the Postfix mail system
2025-11-21T06:15:37.808672+00:00 mail postfix/master[75107]: fatal: chmod socket private/smtpd: Invalid argument
2025-11-21T06:15:44.495067+00:00 mail postfix/postfix-script[75185]: starting the Postfix mail system
2025-11-21T06:15:44.527629+00:00 mail postfix/master[75186]: fatal: chmod socket private/smtpd: Invalid argument
2025-11-21T06:15:50.806902+00:00 mail postfix/postfix-script[75264]: starting the Postfix mail system
2025-11-21T06:15:50.831500+00:00 mail postfix/master[75265]: fatal: chmod socket private/smtpd: Invalid argument
2025-11-21T06:15:57.333658+00:00 mail postfix/postfix-script[75346]: starting the Postfix mail system
2025-11-21T06:15:57.418762+00:00 mail postfix/master[75347]: fatal: chmod socket private/smtpd: Invalid argument
2025-11-21T06:16:03.150961+00:00 mail postfix/postfix-script[75422]: starting the Postfix mail system
2025-11-21T06:16:03.176318+00:00 mail postfix/master[75423]: fatal: chmod socket private/smtpd: Invalid argument
2025-11-21T06:16:09.173643+00:00 mail postfix/postfix-script[75501]: starting the Postfix mail system
2025-11-21T06:16:09.193523+00:00 mail postfix/master[75502]: fatal: chmod socket private/smtpd: Invalid argument
2025-11-21T06:16:15.658936+00:00 mail postfix/postfix-script[75580]: starting the Postfix mail system
2025-11-21T06:16:15.689671+00:00 mail postfix/master[75582]: fatal: chmod socket private/smtpd: Invalid argument
2025-11-21T06:16:22.599528+00:00 mail postfix/postfix-script[75662]: starting the Postfix mail system
2025-11-21T06:16:22.621203+00:00 mail postfix/master[75663]: fatal: chmod socket private/smtpd: Invalid argument
2025-11-21T06:16:29.503467+00:00 mail postfix/postfix-script[75741]: starting the Postfix mail system
2025-11-21T06:16:29.531664+00:00 mail postfix/master[75742]: fatal: chmod socket private/smtpd: Invalid argument
2025-11-21T06:16:35.067020+00:00 mail postfix/postfix-script[75820]: starting the Postfix mail system
2025-11-21T06:16:35.111407+00:00 mail postfix/master[75821]: fatal: chmod socket private/smtpd: Invalid argument
2025-11-21T06:16:45.090020+00:00 mail postfix/postfix-script[75905]: starting the Postfix mail system
2025-11-21T06:16:45.151769+00:00 mail postfix/master[75906]: fatal: chmod socket private/smtpd: Invalid argument
2025-11-21T06:16:54.813729+00:00 mail postfix/postfix-script[75990]: starting the Postfix mail system
2025-11-21T06:16:54.973779+00:00 mail postfix/master[75991]: fatal: chmod socket private/smtpd: Invalid argument
2025-11-21T06:17:01.058703+00:00 mail postfix/postfix-script[76069]: starting the Postfix mail system
2025-11-21T06:17:01.082394+00:00 mail postfix/master[76070]: fatal: chmod socket private/smtpd: Invalid argument
2025-11-21T06:17:07.560060+00:00 mail postfix/postfix-script[76151]: starting the Postfix mail system
2025-11-21T06:17:07.581826+00:00 mail postfix/master[76152]: fatal: chmod socket private/smtpd: Invalid argument
2025-11-21T06:17:13.818957+00:00 mail postfix/postfix-script[76230]: starting the Postfix mail system
2025-11-21T06:17:14.091476+00:00 mail postfix/master[76231]: fatal: chmod socket private/smtpd: Invalid argument
2025-11-21T06:17:20.797139+00:00 mail postfix/postfix-script[76309]: starting the Postfix mail system
2025-11-21T06:17:20.815917+00:00 mail postfix/master[76310]: fatal: chmod socket private/smtpd: Invalid argument
2025-11-21T06:17:27.986849+00:00 mail postfix/postfix-script[76391]: starting the Postfix mail system
2025-11-21T06:17:28.123680+00:00 mail postfix/master[76392]: fatal: chmod socket private/smtpd: Invalid argument
2025-11-21T06:17:33.555277+00:00 mail postfix/postfix-script[76467]: starting the Postfix mail system
2025-11-21T06:17:33.579791+00:00 mail postfix/master[76468]: fatal: chmod socket private/smtpd: Invalid argument
2025-11-21T06:17:42.009540+00:00 mail postfix/postfix-script[76549]: starting the Postfix mail system
2025-11-21T06:17:42.055804+00:00 mail postfix/master[76550]: fatal: chmod socket private/smtpd: Invalid argument
2025-11-21T06:17:49.308550+00:00 mail postfix/postfix-script[76631]: starting the Postfix mail system
2025-11-21T06:17:49.373369+00:00 mail postfix/master[76632]: fatal: chmod socket private/smtpd: Invalid argument
2025-11-21T06:17:56.938529+00:00 mail postfix/postfix-script[76713]: starting the Postfix mail system
2025-11-21T06:17:57.081054+00:00 mail postfix/master[76714]: fatal: chmod socket private/smtpd: Invalid argument
2025-11-21T06:18:06.373584+00:00 mail postfix/postfix-script[76800]: starting the Postfix mail system
2025-11-21T06:18:06.411685+00:00 mail postfix/master[76801]: fatal: chmod socket private/smtpd: Invalid argument
2025-11-21T06:18:19.201409+00:00 mail postfix/postfix-script[76890]: starting the Postfix mail system
2025-11-21T06:18:19.253741+00:00 mail postfix/master[76891]: fatal: chmod socket private/smtpd: Invalid argument
2025-11-21T06:18:30.543818+00:00 mail postfix/postfix-script[76978]: starting the Postfix mail system
2025-11-21T06:18:30.720580+00:00 mail postfix/master[76979]: fatal: chmod socket private/smtpd: Invalid argument
2025-11-21T06:18:38.091572+00:00 mail postfix/postfix-script[77060]: starting the Postfix mail system
2025-11-21T06:18:38.260860+00:00 mail postfix/master[77061]: fatal: chmod socket private/smtpd: Invalid argument
2025-11-21T06:18:48.879052+00:00 mail postfix/postfix-script[77146]: starting the Postfix mail system
2025-11-21T06:18:48.906457+00:00 mail postfix/master[77147]: fatal: chmod socket private/smtpd: Invalid argument
2025-11-21T06:19:00.381819+00:00 mail postfix/postfix-script[77231]: starting the Postfix mail system
2025-11-21T06:19:00.412019+00:00 mail postfix/master[77232]: fatal: chmod socket private/smtpd: Invalid argument
2025-11-21T06:19:11.485157+00:00 mail postfix/postfix-script[77319]: starting the Postfix mail system
2025-11-21T06:19:11.562486+00:00 mail postfix/master[77320]: fatal: chmod socket private/smtpd: Invalid argument
2025-11-21T06:19:20.765142+00:00 mail postfix/postfix-script[77401]: starting the Postfix mail system
2025-11-21T06:19:20.794761+00:00 mail postfix/master[77402]: fatal: chmod socket private/smtpd: Invalid argument
2025-11-21T06:19:27.802263+00:00 mail postfix/postfix-script[77483]: starting the Postfix mail system
2025-11-21T06:19:27.827628+00:00 mail postfix/master[77484]: fatal: chmod socket private/smtpd: Invalid argument
2025-11-21T06:19:34.477223+00:00 mail postfix/postfix-script[77562]: starting the Postfix mail system
2025-11-21T06:19:34.501861+00:00 mail postfix/master[77563]: fatal: chmod socket private/smtpd: Invalid argument
2025-11-21T06:19:43.186710+00:00 mail postfix/postfix-script[77644]: starting the Postfix mail system
2025-11-21T06:19:43.211854+00:00 mail postfix/master[77645]: fatal: chmod socket private/smtpd: Invalid argument
2025-11-21T06:19:47.896746+00:00 mail postfix/postfix-script[77720]: starting the Postfix mail system
2025-11-21T06:19:48.034788+00:00 mail postfix/master[77721]: fatal: chmod socket private/smtpd: Invalid argument
2025-11-21T06:19:54.573260+00:00 mail postfix/postfix-script[77802]: starting the Postfix mail system
2025-11-21T06:19:54.594200+00:00 mail postfix/master[77803]: fatal: chmod socket private/smtpd: Invalid argument
2025-11-21T06:20:01.880674+00:00 mail postfix/postfix-script[77881]: starting the Postfix mail system
2025-11-21T06:20:02.016784+00:00 mail postfix/master[77882]: fatal: chmod socket private/smtpd: Invalid argument
2025-11-21T06:20:08.589343+00:00 mail postfix/postfix-script[77960]: starting the Postfix mail system
2025-11-21T06:20:08.612348+00:00 mail postfix/master[77961]: fatal: chmod socket private/smtpd: Invalid argument
2025-11-21T06:20:14.821242+00:00 mail postfix/postfix-script[78039]: starting the Postfix mail system
2025-11-21T06:20:14.842888+00:00 mail postfix/master[78040]: fatal: chmod socket private/smtpd: Invalid argument
2025-11-21T06:20:20.733307+00:00 mail postfix/postfix-script[78118]: starting the Postfix mail system
2025-11-21T06:20:20.756568+00:00 mail postfix/master[78119]: fatal: chmod socket private/smtpd: Invalid argument
2025-11-21T06:20:26.989778+00:00 mail postfix/postfix-script[78197]: starting the Postfix mail system
2025-11-21T06:20:27.018208+00:00 mail postfix/master[78198]: fatal: chmod socket private/smtpd: Invalid argument
2025-11-21T06:20:33.338756+00:00 mail postfix/postfix-script[78279]: starting the Postfix mail system
2025-11-21T06:20:33.363727+00:00 mail postfix/master[78280]: fatal: chmod socket private/smtpd: Invalid argument
2025-11-21T06:20:41.474086+00:00 mail postfix/postfix-script[78358]: starting the Postfix mail system
2025-11-21T06:20:41.493598+00:00 mail postfix/master[78359]: fatal: chmod socket private/smtpd: Invalid argument
2025-11-21T06:20:48.138287+00:00 mail postfix/postfix-script[78440]: starting the Postfix mail system
2025-11-21T06:20:48.293933+00:00 mail postfix/master[78441]: fatal: chmod socket private/smtpd: Invalid argument
2025-11-21T06:20:54.598623+00:00 mail postfix/postfix-script[78519]: starting the Postfix mail system
2025-11-21T06:20:54.617076+00:00 mail postfix/master[78520]: fatal: chmod socket private/smtpd: Invalid argument
2025-11-21T06:20:59.939000+00:00 mail postfix/postfix-script[78598]: starting the Postfix mail system
2025-11-21T06:20:59.967129+00:00 mail postfix/master[78599]: fatal: chmod socket private/smtpd: Invalid argument
2025-11-21T06:21:05.019263+00:00 mail postfix/postfix-script[78674]: starting the Postfix mail system
2025-11-21T06:21:05.040641+00:00 mail postfix/master[78675]: fatal: chmod socket private/smtpd: Invalid argument
2025-11-21T06:21:11.537266+00:00 mail postfix/postfix-script[78753]: starting the Postfix mail system
2025-11-21T06:21:11.599193+00:00 mail postfix/master[78754]: fatal: chmod socket private/smtpd: Invalid argument
2025-11-21T06:21:18.800026+00:00 mail postfix/postfix-script[78835]: starting the Postfix mail system
2025-11-21T06:21:18.816715+00:00 mail postfix/master[78836]: fatal: chmod socket private/smtpd: Invalid argument
2025-11-21T06:21:25.399833+00:00 mail postfix/postfix-script[78914]: starting the Postfix mail system
2025-11-21T06:21:25.419250+00:00 mail postfix/master[78915]: fatal: chmod socket private/smtpd: Invalid argument
2025-11-21T06:21:32.148937+00:00 mail postfix/postfix-script[78993]: starting the Postfix mail system
2025-11-21T06:21:32.169016+00:00 mail postfix/master[78994]: fatal: chmod socket private/smtpd: Invalid argument
2025-11-21T06:21:38.109959+00:00 mail postfix/postfix-script[79072]: starting the Postfix mail system
2025-11-21T06:21:38.129838+00:00 mail postfix/master[79073]: fatal: chmod socket private/smtpd: Invalid argument
2025-11-21T06:21:44.599264+00:00 mail postfix/postfix-script[79151]: starting the Postfix mail system
2025-11-21T06:21:44.615213+00:00 mail postfix/master[79152]: fatal: chmod socket private/smtpd: Invalid argument
2025-11-21T06:21:50.109408+00:00 mail postfix/postfix-script[79230]: starting the Postfix mail system
2025-11-21T06:21:50.121131+00:00 mail postfix/master[79231]: fatal: chmod socket private/smtpd: Invalid argument
2025-11-21T06:21:56.195820+00:00 mail postfix/postfix-script[79309]: starting the Postfix mail system
2025-11-21T06:21:56.207204+00:00 mail postfix/master[79310]: fatal: chmod socket private/smtpd: Invalid argument
2025-11-21T06:22:02.279326+00:00 mail postfix/postfix-script[79388]: starting the Postfix mail system
2025-11-21T06:22:02.290028+00:00 mail postfix/master[79389]: fatal: chmod socket private/smtpd: Invalid argument
2025-11-21T06:22:08.301246+00:00 mail postfix/postfix-script[79467]: starting the Postfix mail system
2025-11-21T06:22:08.310079+00:00 mail postfix/master[79468]: fatal: chmod socket private/smtpd: Invalid argument
2025-11-21T06:22:14.346747+00:00 mail postfix/postfix-script[79546]: starting the Postfix mail system
2025-11-21T06:22:14.352743+00:00 mail postfix/master[79547]: fatal: chmod socket private/smtpd: Invalid argument
2025-11-21T06:22:20.443950+00:00 mail postfix/postfix-script[79625]: starting the Postfix mail system
2025-11-21T06:22:20.450717+00:00 mail postfix/master[79626]: fatal: chmod socket private/smtpd: Invalid argument
2025-11-21T06:22:26.510959+00:00 mail postfix/postfix-script[79704]: starting the Postfix mail system
2025-11-21T06:22:26.527827+00:00 mail postfix/master[79705]: fatal: chmod socket private/smtpd: Invalid argument
2025-11-21T06:22:32.598855+00:00 mail postfix/postfix-script[79783]: starting the Postfix mail system
2025-11-21T06:22:32.605289+00:00 mail postfix/master[79784]: fatal: chmod socket private/smtpd: Invalid argument
2025-11-21T06:22:38.873969+00:00 mail postfix/postfix-script[79862]: starting the Postfix mail system
2025-11-21T06:22:38.881843+00:00 mail postfix/master[79863]: fatal: chmod socket private/smtpd: Invalid argument
2025-11-21T06:22:44.851817+00:00 mail postfix/postfix-script[79941]: starting the Postfix mail system
2025-11-21T06:22:44.860490+00:00 mail postfix/master[79942]: fatal: chmod socket private/smtpd: Invalid argument
2025-11-21T06:22:51.068146+00:00 mail postfix/postfix-script[80020]: starting the Postfix mail system
2025-11-21T06:22:51.076803+00:00 mail postfix/master[80021]: fatal: chmod socket private/smtpd: Invalid argument
2025-11-21T06:22:57.077261+00:00 mail postfix/postfix-script[80099]: starting the Postfix mail system
2025-11-21T06:22:57.083211+00:00 mail postfix/master[80100]: fatal: chmod socket private/smtpd: Invalid argument
2025-11-21T06:23:03.321235+00:00 mail postfix/postfix-script[80178]: starting the Postfix mail system
2025-11-21T06:23:03.335436+00:00 mail postfix/master[80179]: fatal: chmod socket private/smtpd: Invalid argument
2025-11-21T06:23:09.321388+00:00 mail postfix/postfix-script[80257]: starting the Postfix mail system
2025-11-21T06:23:09.335043+00:00 mail postfix/master[80258]: fatal: chmod socket private/smtpd: Invalid argument
2025-11-21T06:23:16.895841+00:00 mail postfix/postfix-script[80339]: starting the Postfix mail system
2025-11-21T06:23:16.979840+00:00 mail postfix/master[80340]: fatal: chmod socket private/smtpd: Invalid argument
2025-11-21T06:23:23.734445+00:00 mail postfix/postfix-script[80418]: starting the Postfix mail system
2025-11-21T06:23:23.751616+00:00 mail postfix/master[80419]: fatal: chmod socket private/smtpd: Invalid argument
2025-11-21T06:23:28.992738+00:00 mail postfix/postfix-script[80497]: starting the Postfix mail system
2025-11-21T06:23:28.999979+00:00 mail postfix/master[80498]: fatal: chmod socket private/smtpd: Invalid argument
2025-11-21T06:23:35.524173+00:00 mail postfix/postfix-script[80576]: starting the Postfix mail system
2025-11-21T06:23:35.556838+00:00 mail postfix/master[80577]: fatal: chmod socket private/smtpd: Invalid argument
2025-11-21T06:23:41.415299+00:00 mail postfix/postfix-script[80655]: starting the Postfix mail system
2025-11-21T06:23:41.441484+00:00 mail postfix/master[80656]: fatal: chmod socket private/smtpd: Invalid argument
2025-11-21T06:23:47.417907+00:00 mail postfix/postfix-script[80734]: starting the Postfix mail system
2025-11-21T06:23:47.426964+00:00 mail postfix/master[80735]: fatal: chmod socket private/smtpd: Invalid argument
2025-11-21T06:23:53.588361+00:00 mail postfix/postfix-script[80813]: starting the Postfix mail system
2025-11-21T06:23:53.596653+00:00 mail postfix/master[80814]: fatal: chmod socket private/smtpd: Invalid argument
2025-11-21T06:23:59.563539+00:00 mail postfix/postfix-script[80892]: starting the Postfix mail system
2025-11-21T06:23:59.570233+00:00 mail postfix/master[80893]: fatal: chmod socket private/smtpd: Invalid argument
2025-11-21T06:24:06.007511+00:00 mail postfix/postfix-script[80971]: starting the Postfix mail system
2025-11-21T06:24:06.025175+00:00 mail postfix/master[80972]: fatal: chmod socket private/smtpd: Invalid argument
2025-11-21T06:24:13.343652+00:00 mail postfix/postfix-script[81053]: starting the Postfix mail system
2025-11-21T06:24:13.421870+00:00 mail postfix/master[81054]: fatal: chmod socket private/smtpd: Invalid argument
2025-11-21T06:24:19.319461+00:00 mail postfix/postfix-script[81132]: starting the Postfix mail system
2025-11-21T06:24:19.336203+00:00 mail postfix/master[81133]: fatal: chmod socket private/smtpd: Invalid argument
2025-11-21T06:24:27.714791+00:00 mail postfix/postfix-script[81214]: starting the Postfix mail system
2025-11-21T06:24:27.751314+00:00 mail postfix/master[81215]: fatal: chmod socket private/smtpd: Invalid argument
2025-11-21T06:24:33.371345+00:00 mail postfix/postfix-script[81293]: starting the Postfix mail system
2025-11-21T06:24:33.417429+00:00 mail postfix/master[81294]: fatal: chmod socket private/smtpd: Invalid argument
2025-11-21T06:24:40.895100+00:00 mail postfix/postfix-script[81372]: starting the Postfix mail system
2025-11-21T06:24:40.978762+00:00 mail postfix/master[81373]: fatal: chmod socket private/smtpd: Invalid argument
2025-11-21T06:24:47.276885+00:00 mail postfix/postfix-script[81451]: starting the Postfix mail system
2025-11-21T06:24:47.311219+00:00 mail postfix/master[81452]: fatal: chmod socket private/smtpd: Invalid argument
2025-11-21T06:24:54.561411+00:00 mail postfix/postfix-script[81533]: starting the Postfix mail system
2025-11-21T06:24:54.607011+00:00 mail postfix/master[81534]: fatal: chmod socket private/smtpd: Invalid argument
2025-11-21T06:24:59.330292+00:00 mail postfix/postfix-script[81609]: starting the Postfix mail system
2025-11-21T06:24:59.378935+00:00 mail postfix/master[81610]: fatal: chmod socket private/smtpd: Invalid argument
2025-11-21T06:25:05.839914+00:00 mail postfix/postfix-script[81699]: starting the Postfix mail system
2025-11-21T06:25:05.866161+00:00 mail postfix/master[81700]: fatal: chmod socket private/smtpd: Invalid argument
2025-11-21T06:25:13.046387+00:00 mail postfix/postfix-script[81781]: starting the Postfix mail system
2025-11-21T06:25:13.079556+00:00 mail postfix/master[81782]: fatal: chmod socket private/smtpd: Invalid argument
2025-11-21T06:25:19.574654+00:00 mail postfix/postfix-script[81860]: starting the Postfix mail system
2025-11-21T06:25:19.608770+00:00 mail postfix/master[81861]: fatal: chmod socket private/smtpd: Invalid argument
2025-11-21T06:25:28.570829+00:00 mail postfix/postfix-script[81942]: starting the Postfix mail system
2025-11-21T06:25:28.613736+00:00 mail postfix/master[81943]: fatal: chmod socket private/smtpd: Invalid argument
2025-11-21T06:25:33.954250+00:00 mail postfix/postfix-script[82021]: starting the Postfix mail system
2025-11-21T06:25:34.002664+00:00 mail postfix/master[82022]: fatal: chmod socket private/smtpd: Invalid argument
2025-11-21T06:25:43.331550+00:00 mail postfix/postfix-script[82103]: starting the Postfix mail system
2025-11-21T06:25:43.422175+00:00 mail postfix/master[82107]: fatal: chmod socket private/smtpd: Invalid argument
2025-11-21T06:25:51.323629+00:00 mail postfix/postfix-script[82185]: starting the Postfix mail system
2025-11-21T06:25:51.344850+00:00 mail postfix/master[82186]: fatal: chmod socket private/smtpd: Invalid argument
2025-11-21T06:25:57.416801+00:00 mail postfix/postfix-script[82264]: starting the Postfix mail system
2025-11-21T06:25:57.430367+00:00 mail postfix/master[82265]: fatal: chmod socket private/smtpd: Invalid argument
2025-11-21T06:26:03.267199+00:00 mail postfix/postfix-script[82343]: starting the Postfix mail system
2025-11-21T06:26:03.277824+00:00 mail postfix/master[82344]: fatal: chmod socket private/smtpd: Invalid argument
2025-11-21T06:26:09.257847+00:00 mail postfix/postfix-script[82422]: starting the Postfix mail system
2025-11-21T06:26:09.266425+00:00 mail postfix/master[82423]: fatal: chmod socket private/smtpd: Invalid argument
2025-11-21T06:26:15.373360+00:00 mail postfix/postfix-script[82501]: starting the Postfix mail system
2025-11-21T06:26:15.381527+00:00 mail postfix/master[82502]: fatal: chmod socket private/smtpd: Invalid argument
2025-11-21T06:26:21.343709+00:00 mail postfix/postfix-script[82580]: starting the Postfix mail system
2025-11-21T06:26:21.352139+00:00 mail postfix/master[82581]: fatal: chmod socket private/smtpd: Invalid argument
2025-11-21T06:26:27.426377+00:00 mail postfix/postfix-script[82659]: starting the Postfix mail system
2025-11-21T06:26:27.435705+00:00 mail postfix/master[82660]: fatal: chmod socket private/smtpd: Invalid argument
2025-11-21T06:26:33.465873+00:00 mail postfix/postfix-script[82738]: starting the Postfix mail system
2025-11-21T06:26:33.472277+00:00 mail postfix/master[82739]: fatal: chmod socket private/smtpd: Invalid argument
2025-11-21T06:26:39.567236+00:00 mail postfix/postfix-script[82817]: starting the Postfix mail system
2025-11-21T06:26:39.572960+00:00 mail postfix/master[82818]: fatal: chmod socket private/smtpd: Invalid argument
2025-11-21T06:26:45.647373+00:00 mail postfix/postfix-script[82896]: starting the Postfix mail system
2025-11-21T06:26:45.653589+00:00 mail postfix/master[82897]: fatal: chmod socket private/smtpd: Invalid argument
2025-11-21T06:26:51.732392+00:00 mail postfix/postfix-script[82975]: starting the Postfix mail system
2025-11-21T06:26:51.738732+00:00 mail postfix/master[82976]: fatal: chmod socket private/smtpd: Invalid argument
2025-11-21T06:26:57.873656+00:00 mail postfix/postfix-script[83054]: starting the Postfix mail system
2025-11-21T06:26:57.879817+00:00 mail postfix/master[83055]: fatal: chmod socket private/smtpd: Invalid argument
2025-11-21T06:27:03.934918+00:00 mail postfix/postfix-script[83133]: starting the Postfix mail system
2025-11-21T06:27:03.940733+00:00 mail postfix/master[83134]: fatal: chmod socket private/smtpd: Invalid argument
2025-11-21T06:27:10.171923+00:00 mail postfix/postfix-script[83215]: starting the Postfix mail system
2025-11-21T06:27:10.177801+00:00 mail postfix/master[83216]: fatal: chmod socket private/smtpd: Invalid argument
2025-11-21T06:27:16.092468+00:00 mail postfix/postfix-script[83294]: starting the Postfix mail system
2025-11-21T06:27:16.098225+00:00 mail postfix/master[83295]: fatal: chmod socket private/smtpd: Invalid argument
2025-11-21T06:27:22.190214+00:00 mail postfix/postfix-script[83373]: starting the Postfix mail system
2025-11-21T06:27:22.195872+00:00 mail postfix/master[83374]: fatal: chmod socket private/smtpd: Invalid argument
2025-11-21T06:27:28.259347+00:00 mail postfix/postfix-script[83452]: starting the Postfix mail system
2025-11-21T06:27:28.266858+00:00 mail postfix/master[83453]: fatal: chmod socket private/smtpd: Invalid argument
2025-11-21T06:27:34.335598+00:00 mail postfix/postfix-script[83531]: starting the Postfix mail system
2025-11-21T06:27:34.340593+00:00 mail postfix/master[83532]: fatal: chmod socket private/smtpd: Invalid argument
2025-11-21T06:27:40.486021+00:00 mail postfix/postfix-script[83610]: starting the Postfix mail system
2025-11-21T06:27:40.492118+00:00 mail postfix/master[83611]: fatal: chmod socket private/smtpd: Invalid argument
2025-11-21T06:27:46.497911+00:00 mail postfix/postfix-script[83689]: starting the Postfix mail system
2025-11-21T06:27:46.505142+00:00 mail postfix/master[83690]: fatal: chmod socket private/smtpd: Invalid argument
2025-11-21T06:27:52.598462+00:00 mail postfix/postfix-script[83768]: starting the Postfix mail system
2025-11-21T06:27:52.604615+00:00 mail postfix/master[83769]: fatal: chmod socket private/smtpd: Invalid argument
2025-11-21T06:27:58.714662+00:00 mail postfix/postfix-script[83847]: starting the Postfix mail system
2025-11-21T06:27:58.719663+00:00 mail postfix/master[83848]: fatal: chmod socket private/smtpd: Invalid argument
2025-11-21T06:28:04.768217+00:00 mail postfix/postfix-script[83926]: starting the Postfix mail system
2025-11-21T06:28:04.774982+00:00 mail postfix/master[83927]: fatal: chmod socket private/smtpd: Invalid argument
2025-11-21T06:28:10.869022+00:00 mail postfix/postfix-script[84005]: starting the Postfix mail system
2025-11-21T06:28:10.874163+00:00 mail postfix/master[84006]: fatal: chmod socket private/smtpd: Invalid argument
2025-11-21T06:28:17.029598+00:00 mail postfix/postfix-script[84084]: starting the Postfix mail system
2025-11-21T06:28:17.036321+00:00 mail postfix/master[84085]: fatal: chmod socket private/smtpd: Invalid argument
2025-11-21T06:28:23.113315+00:00 mail postfix/postfix-script[84163]: starting the Postfix mail system
2025-11-21T06:28:23.118084+00:00 mail postfix/master[84164]: fatal: chmod socket private/smtpd: Invalid argument
2025-11-21T06:28:29.249347+00:00 mail postfix/postfix-script[84242]: starting the Postfix mail system
2025-11-21T06:28:29.258178+00:00 mail postfix/master[84243]: fatal: chmod socket private/smtpd: Invalid argument
2025-11-21T06:28:35.291238+00:00 mail postfix/postfix-script[84321]: starting the Postfix mail system
2025-11-21T06:28:35.297832+00:00 mail postfix/master[84322]: fatal: chmod socket private/smtpd: Invalid argument
2025-11-21T06:28:41.357839+00:00 mail postfix/postfix-script[84400]: starting the Postfix mail system
2025-11-21T06:28:41.364168+00:00 mail postfix/master[84401]: fatal: chmod socket private/smtpd: Invalid argument
2025-11-21T06:28:47.431853+00:00 mail postfix/postfix-script[84479]: starting the Postfix mail system
2025-11-21T06:28:47.438293+00:00 mail postfix/master[84480]: fatal: chmod socket private/smtpd: Invalid argument
2025-11-21T06:28:53.518097+00:00 mail postfix/postfix-script[84558]: starting the Postfix mail system
2025-11-21T06:28:53.523578+00:00 mail postfix/master[84559]: fatal: chmod socket private/smtpd: Invalid argument
2025-11-21T06:28:59.599053+00:00 mail postfix/postfix-script[84637]: starting the Postfix mail system
2025-11-21T06:28:59.604798+00:00 mail postfix/master[84638]: fatal: chmod socket private/smtpd: Invalid argument
2025-11-21T06:29:05.664060+00:00 mail postfix/postfix-script[84716]: starting the Postfix mail system
2025-11-21T06:29:05.669158+00:00 mail postfix/master[84717]: fatal: chmod socket private/smtpd: Invalid argument
2025-11-21T06:29:11.750615+00:00 mail postfix/postfix-script[84795]: starting the Postfix mail system
2025-11-21T06:29:11.759150+00:00 mail postfix/master[84796]: fatal: chmod socket private/smtpd: Invalid argument
2025-11-21T06:29:17.812775+00:00 mail postfix/postfix-script[84874]: starting the Postfix mail system
2025-11-21T06:29:17.818791+00:00 mail postfix/master[84875]: fatal: chmod socket private/smtpd: Invalid argument
2025-11-21T06:29:23.944993+00:00 mail postfix/postfix-script[85061]: starting the Postfix mail system
2025-11-21T06:29:23.951697+00:00 mail postfix/master[85062]: fatal: chmod socket private/smtpd: Invalid argument
2025-11-21T06:29:30.006784+00:00 mail postfix/postfix-script[85140]: starting the Postfix mail system
2025-11-21T06:29:30.014697+00:00 mail postfix/master[85141]: fatal: chmod socket private/smtpd: Invalid argument
2025-11-21T06:29:36.043907+00:00 mail postfix/postfix-script[85219]: starting the Postfix mail system
2025-11-21T06:29:36.050079+00:00 mail postfix/master[85220]: fatal: chmod socket private/smtpd: Invalid argument
2025-11-21T06:29:42.185105+00:00 mail postfix/postfix-script[85298]: starting the Postfix mail system
2025-11-21T06:29:42.191031+00:00 mail postfix/master[85299]: fatal: chmod socket private/smtpd: Invalid argument
2025-11-21T06:29:48.234799+00:00 mail postfix/postfix-script[85377]: starting the Postfix mail system
2025-11-21T06:29:48.241024+00:00 mail postfix/master[85378]: fatal: chmod socket private/smtpd: Invalid argument
2025-11-21T06:29:54.277233+00:00 mail postfix/postfix-script[85456]: starting the Postfix mail system
2025-11-21T06:29:54.282844+00:00 mail postfix/master[85457]: fatal: chmod socket private/smtpd: Invalid argument
2025-11-21T06:30:00.378585+00:00 mail postfix/postfix-script[85535]: starting the Postfix mail system
2025-11-21T06:30:00.384628+00:00 mail postfix/master[85536]: fatal: chmod socket private/smtpd: Invalid argument
2025-11-21T06:30:06.439804+00:00 mail postfix/postfix-script[85614]: starting the Postfix mail system
2025-11-21T06:30:06.446280+00:00 mail postfix/master[85615]: fatal: chmod socket private/smtpd: Invalid argument
2025-11-21T06:30:12.563054+00:00 mail postfix/postfix-script[85693]: starting the Postfix mail system
2025-11-21T06:30:12.568298+00:00 mail postfix/master[85694]: fatal: chmod socket private/smtpd: Invalid argument
2025-11-21T06:30:18.599406+00:00 mail postfix/postfix-script[85772]: starting the Postfix mail system
2025-11-21T06:30:18.605637+00:00 mail postfix/master[85773]: fatal: chmod socket private/smtpd: Invalid argument
2025-11-21T06:30:24.733973+00:00 mail postfix/postfix-script[85851]: starting the Postfix mail system
2025-11-21T06:30:24.742916+00:00 mail postfix/master[85852]: fatal: chmod socket private/smtpd: Invalid argument
2025-11-21T06:30:30.768838+00:00 mail postfix/postfix-script[85930]: starting the Postfix mail system
2025-11-21T06:30:30.776625+00:00 mail postfix/master[85931]: fatal: chmod socket private/smtpd: Invalid argument
2025-11-21T06:30:36.844726+00:00 mail postfix/postfix-script[86009]: starting the Postfix mail system
2025-11-21T06:30:36.850468+00:00 mail postfix/master[86010]: fatal: chmod socket private/smtpd: Invalid argument
2025-11-21T06:30:42.911489+00:00 mail postfix/postfix-script[86088]: starting the Postfix mail system
2025-11-21T06:30:42.917690+00:00 mail postfix/master[86089]: fatal: chmod socket private/smtpd: Invalid argument
2025-11-21T06:30:48.992178+00:00 mail postfix/postfix-script[86167]: starting the Postfix mail system
2025-11-21T06:30:48.997963+00:00 mail postfix/master[86168]: fatal: chmod socket private/smtpd: Invalid argument
2025-11-21T06:30:55.128780+00:00 mail postfix/postfix-script[86246]: starting the Postfix mail system
2025-11-21T06:30:55.135544+00:00 mail postfix/master[86247]: fatal: chmod socket private/smtpd: Invalid argument
2025-11-21T06:31:01.153792+00:00 mail postfix/postfix-script[86325]: starting the Postfix mail system
2025-11-21T06:31:01.159118+00:00 mail postfix/master[86326]: fatal: chmod socket private/smtpd: Invalid argument
2025-11-21T06:31:07.275620+00:00 mail postfix/postfix-script[86404]: starting the Postfix mail system
2025-11-21T06:31:07.281720+00:00 mail postfix/master[86405]: fatal: chmod socket private/smtpd: Invalid argument
2025-11-21T06:31:13.330523+00:00 mail postfix/postfix-script[86483]: starting the Postfix mail system
2025-11-21T06:31:13.335536+00:00 mail postfix/master[86484]: fatal: chmod socket private/smtpd: Invalid argument
2025-11-21T06:31:19.471336+00:00 mail postfix/postfix-script[86562]: starting the Postfix mail system
2025-11-21T06:31:19.479762+00:00 mail postfix/master[86563]: fatal: chmod socket private/smtpd: Invalid argument
2025-11-21T06:31:25.561809+00:00 mail postfix/postfix-script[86641]: starting the Postfix mail system
2025-11-21T06:31:25.569834+00:00 mail postfix/master[86642]: fatal: chmod socket private/smtpd: Invalid argument
2025-11-21T06:31:31.562489+00:00 mail postfix/postfix-script[86720]: starting the Postfix mail system
2025-11-21T06:31:31.568794+00:00 mail postfix/master[86721]: fatal: chmod socket private/smtpd: Invalid argument
2025-11-21T06:31:37.622089+00:00 mail postfix/postfix-script[86799]: starting the Postfix mail system
2025-11-21T06:31:37.627553+00:00 mail postfix/master[86800]: fatal: chmod socket private/smtpd: Invalid argument
2025-11-21T06:31:43.687255+00:00 mail postfix/postfix-script[86879]: starting the Postfix mail system
2025-11-21T06:31:43.693979+00:00 mail postfix/master[86882]: fatal: chmod socket private/smtpd: Invalid argument
2025-11-21T06:31:49.750677+00:00 mail postfix/postfix-script[86960]: starting the Postfix mail system
2025-11-21T06:31:49.758292+00:00 mail postfix/master[86961]: fatal: chmod socket private/smtpd: Invalid argument
2025-11-21T06:31:55.896140+00:00 mail postfix/postfix-script[87039]: starting the Postfix mail system
2025-11-21T06:31:55.903991+00:00 mail postfix/master[87040]: fatal: chmod socket private/smtpd: Invalid argument
2025-11-21T06:32:01.894060+00:00 mail postfix/postfix-script[87118]: starting the Postfix mail system
2025-11-21T06:32:01.900107+00:00 mail postfix/master[87119]: fatal: chmod socket private/smtpd: Invalid argument
2025-11-21T06:32:07.954926+00:00 mail postfix/postfix-script[87197]: starting the Postfix mail system
2025-11-21T06:32:07.960009+00:00 mail postfix/master[87198]: fatal: chmod socket private/smtpd: Invalid argument
2025-11-21T06:32:14.025137+00:00 mail postfix/postfix-script[87276]: starting the Postfix mail system
2025-11-21T06:32:14.030683+00:00 mail postfix/master[87277]: fatal: chmod socket private/smtpd: Invalid argument
2025-11-21T06:32:20.100002+00:00 mail postfix/postfix-script[87355]: starting the Postfix mail system
2025-11-21T06:32:20.105544+00:00 mail postfix/master[87356]: fatal: chmod socket private/smtpd: Invalid argument
2025-11-21T06:32:26.211260+00:00 mail postfix/postfix-script[87434]: starting the Postfix mail system
2025-11-21T06:32:26.216425+00:00 mail postfix/master[87435]: fatal: chmod socket private/smtpd: Invalid argument
2025-11-21T06:32:32.251891+00:00 mail postfix/postfix-script[87513]: starting the Postfix mail system
2025-11-21T06:32:32.258111+00:00 mail postfix/master[87514]: fatal: chmod socket private/smtpd: Invalid argument
2025-11-21T06:32:38.330134+00:00 mail postfix/postfix-script[87592]: starting the Postfix mail system
2025-11-21T06:32:38.335659+00:00 mail postfix/master[87593]: fatal: chmod socket private/smtpd: Invalid argument
2025-11-21T06:32:44.413972+00:00 mail postfix/postfix-script[87671]: starting the Postfix mail system
2025-11-21T06:32:44.420453+00:00 mail postfix/master[87672]: fatal: chmod socket private/smtpd: Invalid argument
2025-11-21T06:32:50.478204+00:00 mail postfix/postfix-script[87750]: starting the Postfix mail system
2025-11-21T06:32:50.486137+00:00 mail postfix/master[87751]: fatal: chmod socket private/smtpd: Invalid argument
2025-11-21T06:32:56.621379+00:00 mail postfix/postfix-script[87829]: starting the Postfix mail system
2025-11-21T06:32:56.630368+00:00 mail postfix/master[87830]: fatal: chmod socket private/smtpd: Invalid argument
2025-11-21T06:33:02.640279+00:00 mail postfix/postfix-script[87908]: starting the Postfix mail system
2025-11-21T06:33:02.646410+00:00 mail postfix/master[87909]: fatal: chmod socket private/smtpd: Invalid argument
2025-11-21T06:33:09.835884+00:00 mail postfix/postfix-script[87987]: starting the Postfix mail system
2025-11-21T06:33:09.842860+00:00 mail postfix/master[87988]: fatal: chmod socket private/smtpd: Invalid argument
2025-11-21T06:33:15.496857+00:00 mail postfix/postfix-script[88066]: starting the Postfix mail system
2025-11-21T06:33:15.503079+00:00 mail postfix/master[88067]: fatal: chmod socket private/smtpd: Invalid argument
2025-11-21T06:33:21.586769+00:00 mail postfix/postfix-script[88145]: starting the Postfix mail system
2025-11-21T06:33:21.592528+00:00 mail postfix/master[88146]: fatal: chmod socket private/smtpd: Invalid argument
2025-11-21T06:33:27.655734+00:00 mail postfix/postfix-script[88224]: starting the Postfix mail system
2025-11-21T06:33:27.661251+00:00 mail postfix/master[88225]: fatal: chmod socket private/smtpd: Invalid argument
2025-11-21T06:33:33.743790+00:00 mail postfix/postfix-script[88303]: starting the Postfix mail system
2025-11-21T06:33:33.749675+00:00 mail postfix/master[88304]: fatal: chmod socket private/smtpd: Invalid argument
2025-11-21T06:33:39.829531+00:00 mail postfix/postfix-script[88382]: starting the Postfix mail system
2025-11-21T06:33:39.834839+00:00 mail postfix/master[88383]: fatal: chmod socket private/smtpd: Invalid argument
2025-11-21T06:33:45.908034+00:00 mail postfix/postfix-script[88461]: starting the Postfix mail system
2025-11-21T06:33:45.913122+00:00 mail postfix/master[88462]: fatal: chmod socket private/smtpd: Invalid argument
2025-11-21T06:33:51.988219+00:00 mail postfix/postfix-script[88540]: starting the Postfix mail system
2025-11-21T06:33:51.995225+00:00 mail postfix/master[88541]: fatal: chmod socket private/smtpd: Invalid argument
2025-11-21T06:33:58.061690+00:00 mail postfix/postfix-script[88619]: starting the Postfix mail system
2025-11-21T06:33:58.066772+00:00 mail postfix/master[88620]: fatal: chmod socket private/smtpd: Invalid argument
2025-11-21T06:34:04.145809+00:00 mail postfix/postfix-script[88698]: starting the Postfix mail system
2025-11-21T06:34:04.151511+00:00 mail postfix/master[88699]: fatal: chmod socket private/smtpd: Invalid argument
2025-11-21T06:34:10.263641+00:00 mail postfix/postfix-script[88777]: starting the Postfix mail system
2025-11-21T06:34:10.270870+00:00 mail postfix/master[88778]: fatal: chmod socket private/smtpd: Invalid argument
2025-11-21T06:34:16.280978+00:00 mail postfix/postfix-script[88856]: starting the Postfix mail system
2025-11-21T06:34:16.286897+00:00 mail postfix/master[88857]: fatal: chmod socket private/smtpd: Invalid argument
2025-11-21T06:34:22.382851+00:00 mail postfix/postfix-script[88935]: starting the Postfix mail system
2025-11-21T06:34:22.388923+00:00 mail postfix/master[88936]: fatal: chmod socket private/smtpd: Invalid argument
2025-11-21T06:34:28.448480+00:00 mail postfix/postfix-script[89014]: starting the Postfix mail system
2025-11-21T06:34:28.454441+00:00 mail postfix/master[89015]: fatal: chmod socket private/smtpd: Invalid argument
2025-11-21T06:34:34.509034+00:00 mail postfix/postfix-script[89093]: starting the Postfix mail system
2025-11-21T06:34:34.514831+00:00 mail postfix/master[89094]: fatal: chmod socket private/smtpd: Invalid argument
2025-11-21T06:34:40.645656+00:00 mail postfix/postfix-script[89172]: starting the Postfix mail system
2025-11-21T06:34:40.655758+00:00 mail postfix/master[89173]: fatal: chmod socket private/smtpd: Invalid argument
2025-11-21T06:34:46.680771+00:00 mail postfix/postfix-script[89251]: starting the Postfix mail system
2025-11-21T06:34:46.687267+00:00 mail postfix/master[89252]: fatal: chmod socket private/smtpd: Invalid argument
2025-11-21T06:34:52.751915+00:00 mail postfix/postfix-script[89330]: starting the Postfix mail system
2025-11-21T06:34:52.757305+00:00 mail postfix/master[89331]: fatal: chmod socket private/smtpd: Invalid argument
2025-11-21T06:34:58.837537+00:00 mail postfix/postfix-script[89412]: starting the Postfix mail system
2025-11-21T06:34:58.843507+00:00 mail postfix/master[89413]: fatal: chmod socket private/smtpd: Invalid argument
2025-11-21T06:35:05.001545+00:00 mail postfix/postfix-script[89491]: starting the Postfix mail system
2025-11-21T06:35:05.007619+00:00 mail postfix/master[89492]: fatal: chmod socket private/smtpd: Invalid argument
2025-11-21T06:35:11.012937+00:00 mail postfix/postfix-script[89570]: starting the Postfix mail system
2025-11-21T06:35:11.019176+00:00 mail postfix/master[89571]: fatal: chmod socket private/smtpd: Invalid argument
2025-11-21T06:35:17.090350+00:00 mail postfix/postfix-script[89649]: starting the Postfix mail system
2025-11-21T06:35:17.096878+00:00 mail postfix/master[89650]: fatal: chmod socket private/smtpd: Invalid argument
2025-11-21T06:35:23.174549+00:00 mail postfix/postfix-script[89728]: starting the Postfix mail system
2025-11-21T06:35:23.180103+00:00 mail postfix/master[89729]: fatal: chmod socket private/smtpd: Invalid argument
2025-11-21T06:35:29.254286+00:00 mail postfix/postfix-script[89807]: starting the Postfix mail system
2025-11-21T06:35:29.260537+00:00 mail postfix/master[89808]: fatal: chmod socket private/smtpd: Invalid argument
2025-11-21T06:35:35.339068+00:00 mail postfix/postfix-script[89886]: starting the Postfix mail system
2025-11-21T06:35:35.344055+00:00 mail postfix/master[89887]: fatal: chmod socket private/smtpd: Invalid argument
2025-11-21T06:35:41.417492+00:00 mail postfix/postfix-script[89965]: starting the Postfix mail system
2025-11-21T06:35:41.423706+00:00 mail postfix/master[89966]: fatal: chmod socket private/smtpd: Invalid argument
2025-11-21T06:35:47.500825+00:00 mail postfix/postfix-script[90044]: starting the Postfix mail system
2025-11-21T06:35:47.506701+00:00 mail postfix/master[90045]: fatal: chmod socket private/smtpd: Invalid argument
2025-11-21T06:35:53.580368+00:00 mail postfix/postfix-script[90123]: starting the Postfix mail system
2025-11-21T06:35:53.586140+00:00 mail postfix/master[90124]: fatal: chmod socket private/smtpd: Invalid argument
2025-11-21T06:35:59.652700+00:00 mail postfix/postfix-script[90202]: starting the Postfix mail system
2025-11-21T06:35:59.659488+00:00 mail postfix/master[90203]: fatal: chmod socket private/smtpd: Invalid argument
2025-11-21T06:36:05.734253+00:00 mail postfix/postfix-script[90281]: starting the Postfix mail system
2025-11-21T06:36:05.739929+00:00 mail postfix/master[90282]: fatal: chmod socket private/smtpd: Invalid argument
2025-11-21T06:36:11.829531+00:00 mail postfix/postfix-script[90360]: starting the Postfix mail system
2025-11-21T06:36:11.835267+00:00 mail postfix/master[90361]: fatal: chmod socket private/smtpd: Invalid argument
2025-11-21T06:36:17.908828+00:00 mail postfix/postfix-script[90439]: starting the Postfix mail system
2025-11-21T06:36:17.914936+00:00 mail postfix/master[90440]: fatal: chmod socket private/smtpd: Invalid argument
2025-11-21T06:36:24.087962+00:00 mail postfix/postfix-script[90518]: starting the Postfix mail system
2025-11-21T06:36:24.092831+00:00 mail postfix/master[90519]: fatal: chmod socket private/smtpd: Invalid argument
2025-11-21T06:36:30.094356+00:00 mail postfix/postfix-script[90597]: starting the Postfix mail system
2025-11-21T06:36:30.101040+00:00 mail postfix/master[90598]: fatal: chmod socket private/smtpd: Invalid argument
2025-11-21T06:36:36.250256+00:00 mail postfix/postfix-script[90676]: starting the Postfix mail system
2025-11-21T06:36:36.257065+00:00 mail postfix/master[90677]: fatal: chmod socket private/smtpd: Invalid argument
2025-11-21T06:36:42.235814+00:00 mail postfix/postfix-script[90755]: starting the Postfix mail system
2025-11-21T06:36:42.242602+00:00 mail postfix/master[90756]: fatal: chmod socket private/smtpd: Invalid argument
2025-11-21T06:36:48.397325+00:00 mail postfix/postfix-script[90834]: starting the Postfix mail system
2025-11-21T06:36:48.402612+00:00 mail postfix/master[90835]: fatal: chmod socket private/smtpd: Invalid argument
2025-11-21T06:36:54.400770+00:00 mail postfix/postfix-script[90913]: starting the Postfix mail system
2025-11-21T06:36:54.406039+00:00 mail postfix/master[90914]: fatal: chmod socket private/smtpd: Invalid argument
2025-11-21T06:37:00.529239+00:00 mail postfix/postfix-script[90992]: starting the Postfix mail system
2025-11-21T06:37:00.535446+00:00 mail postfix/master[90993]: fatal: chmod socket private/smtpd: Invalid argument
2025-11-21T06:37:06.595079+00:00 mail postfix/postfix-script[91071]: starting the Postfix mail system
2025-11-21T06:37:06.602428+00:00 mail postfix/master[91072]: fatal: chmod socket private/smtpd: Invalid argument
2025-11-21T06:37:12.676971+00:00 mail postfix/postfix-script[91150]: starting the Postfix mail system
2025-11-21T06:37:12.681954+00:00 mail postfix/master[91151]: fatal: chmod socket private/smtpd: Invalid argument
2025-11-21T06:37:18.748523+00:00 mail postfix/postfix-script[91229]: starting the Postfix mail system
2025-11-21T06:37:18.756660+00:00 mail postfix/master[91230]: fatal: chmod socket private/smtpd: Invalid argument
2025-11-21T06:37:24.901449+00:00 mail postfix/postfix-script[91308]: starting the Postfix mail system
2025-11-21T06:37:24.907901+00:00 mail postfix/master[91309]: fatal: chmod socket private/smtpd: Invalid argument
2025-11-21T06:37:30.946407+00:00 mail postfix/postfix-script[91387]: starting the Postfix mail system
2025-11-21T06:37:30.951410+00:00 mail postfix/master[91388]: fatal: chmod socket private/smtpd: Invalid argument
2025-11-21T06:37:36.996513+00:00 mail postfix/postfix-script[91466]: starting the Postfix mail system
2025-11-21T06:37:37.001301+00:00 mail postfix/master[91467]: fatal: chmod socket private/smtpd: Invalid argument
2025-11-21T06:37:43.097776+00:00 mail postfix/postfix-script[91545]: starting the Postfix mail system
2025-11-21T06:37:43.104435+00:00 mail postfix/master[91546]: fatal: chmod socket private/smtpd: Invalid argument
2025-11-21T06:37:49.169994+00:00 mail postfix/postfix-script[91624]: starting the Postfix mail system
2025-11-21T06:37:49.175193+00:00 mail postfix/master[91625]: fatal: chmod socket private/smtpd: Invalid argument
2025-11-21T06:37:55.244151+00:00 mail postfix/postfix-script[91703]: starting the Postfix mail system
2025-11-21T06:37:55.251127+00:00 mail postfix/master[91704]: fatal: chmod socket private/smtpd: Invalid argument
2025-11-21T06:38:01.334707+00:00 mail postfix/postfix-script[91782]: starting the Postfix mail system
2025-11-21T06:38:01.340447+00:00 mail postfix/master[91783]: fatal: chmod socket private/smtpd: Invalid argument
2025-11-21T06:38:07.412514+00:00 mail postfix/postfix-script[91861]: starting the Postfix mail system
2025-11-21T06:38:07.418997+00:00 mail postfix/master[91862]: fatal: chmod socket private/smtpd: Invalid argument
2025-11-21T06:38:13.502197+00:00 mail postfix/postfix-script[91940]: starting the Postfix mail system
2025-11-21T06:38:13.507865+00:00 mail postfix/master[91941]: fatal: chmod socket private/smtpd: Invalid argument
2025-11-21T06:38:19.629760+00:00 mail postfix/postfix-script[92019]: starting the Postfix mail system
2025-11-21T06:38:19.638167+00:00 mail postfix/master[92020]: fatal: chmod socket private/smtpd: Invalid argument
2025-11-21T06:38:25.662174+00:00 mail postfix/postfix-script[92098]: starting the Postfix mail system
2025-11-21T06:38:25.668690+00:00 mail postfix/master[92099]: fatal: chmod socket private/smtpd: Invalid argument
2025-11-21T06:38:31.741581+00:00 mail postfix/postfix-script[92177]: starting the Postfix mail system
2025-11-21T06:38:31.747456+00:00 mail postfix/master[92178]: fatal: chmod socket private/smtpd: Invalid argument
2025-11-21T06:38:37.812079+00:00 mail postfix/postfix-script[92256]: starting the Postfix mail system
2025-11-21T06:38:37.817025+00:00 mail postfix/master[92257]: fatal: chmod socket private/smtpd: Invalid argument
2025-11-21T06:38:43.893611+00:00 mail postfix/postfix-script[92335]: starting the Postfix mail system
2025-11-21T06:38:43.899508+00:00 mail postfix/master[92336]: fatal: chmod socket private/smtpd: Invalid argument
2025-11-21T06:38:49.979409+00:00 mail postfix/postfix-script[92414]: starting the Postfix mail system
2025-11-21T06:38:49.984305+00:00 mail postfix/master[92415]: fatal: chmod socket private/smtpd: Invalid argument
2025-11-21T06:38:56.053869+00:00 mail postfix/postfix-script[92493]: starting the Postfix mail system
2025-11-21T06:38:56.058770+00:00 mail postfix/master[92494]: fatal: chmod socket private/smtpd: Invalid argument
2025-11-21T06:39:02.149400+00:00 mail postfix/postfix-script[92572]: starting the Postfix mail system
2025-11-21T06:39:02.155049+00:00 mail postfix/master[92573]: fatal: chmod socket private/smtpd: Invalid argument
2025-11-21T06:39:08.222302+00:00 mail postfix/postfix-script[92654]: starting the Postfix mail system
2025-11-21T06:39:08.227631+00:00 mail postfix/master[92655]: fatal: chmod socket private/smtpd: Invalid argument
2025-11-21T06:39:14.379624+00:00 mail postfix/postfix-script[92733]: starting the Postfix mail system
2025-11-21T06:39:14.384603+00:00 mail postfix/master[92734]: fatal: chmod socket private/smtpd: Invalid argument
2025-11-21T06:39:20.446735+00:00 mail postfix/postfix-script[92812]: starting the Postfix mail system
2025-11-21T06:39:20.451707+00:00 mail postfix/master[92813]: fatal: chmod socket private/smtpd: Invalid argument
2025-11-21T06:39:26.540306+00:00 mail postfix/postfix-script[92891]: starting the Postfix mail system
2025-11-21T06:39:26.545249+00:00 mail postfix/master[92892]: fatal: chmod socket private/smtpd: Invalid argument
2025-11-21T06:39:32.614741+00:00 mail postfix/postfix-script[92970]: starting the Postfix mail system
2025-11-21T06:39:32.620806+00:00 mail postfix/master[92971]: fatal: chmod socket private/smtpd: Invalid argument
2025-11-21T06:39:38.755302+00:00 mail postfix/postfix-script[93049]: starting the Postfix mail system
2025-11-21T06:39:38.762813+00:00 mail postfix/master[93050]: fatal: chmod socket private/smtpd: Invalid argument
2025-11-21T06:39:44.781368+00:00 mail postfix/postfix-script[93128]: starting the Postfix mail system
2025-11-21T06:39:44.786580+00:00 mail postfix/master[93129]: fatal: chmod socket private/smtpd: Invalid argument
2025-11-21T06:39:50.875532+00:00 mail postfix/postfix-script[93207]: starting the Postfix mail system
2025-11-21T06:39:50.880585+00:00 mail postfix/master[93208]: fatal: chmod socket private/smtpd: Invalid argument
2025-11-21T06:39:56.939168+00:00 mail postfix/postfix-script[93286]: starting the Postfix mail system
2025-11-21T06:39:56.945358+00:00 mail postfix/master[93287]: fatal: chmod socket private/smtpd: Invalid argument
2025-11-21T06:40:03.030674+00:00 mail postfix/postfix-script[93365]: starting the Postfix mail system
2025-11-21T06:40:03.036593+00:00 mail postfix/master[93366]: fatal: chmod socket private/smtpd: Invalid argument
2025-11-21T06:40:09.111978+00:00 mail postfix/postfix-script[93444]: starting the Postfix mail system
2025-11-21T06:40:09.117216+00:00 mail postfix/master[93445]: fatal: chmod socket private/smtpd: Invalid argument
2025-11-21T06:40:15.187261+00:00 mail postfix/postfix-script[93523]: starting the Postfix mail system
2025-11-21T06:40:15.192427+00:00 mail postfix/master[93524]: fatal: chmod socket private/smtpd: Invalid argument
2025-11-21T06:40:21.278659+00:00 mail postfix/postfix-script[93602]: starting the Postfix mail system
2025-11-21T06:40:21.283452+00:00 mail postfix/master[93603]: fatal: chmod socket private/smtpd: Invalid argument
2025-11-21T06:40:27.357839+00:00 mail postfix/postfix-script[93681]: starting the Postfix mail system
2025-11-21T06:40:27.363546+00:00 mail postfix/master[93682]: fatal: chmod socket private/smtpd: Invalid argument
2025-11-21T06:40:33.415813+00:00 mail postfix/postfix-script[93760]: starting the Postfix mail system
2025-11-21T06:40:33.421558+00:00 mail postfix/master[93761]: fatal: chmod socket private/smtpd: Invalid argument
2025-11-21T06:40:39.500750+00:00 mail postfix/postfix-script[93839]: starting the Postfix mail system
2025-11-21T06:40:39.505770+00:00 mail postfix/master[93840]: fatal: chmod socket private/smtpd: Invalid argument
2025-11-21T06:40:45.597036+00:00 mail postfix/postfix-script[93918]: starting the Postfix mail system
2025-11-21T06:40:45.602704+00:00 mail postfix/master[93919]: fatal: chmod socket private/smtpd: Invalid argument
2025-11-21T06:40:51.671457+00:00 mail postfix/postfix-script[93997]: starting the Postfix mail system
2025-11-21T06:40:51.676294+00:00 mail postfix/master[93998]: fatal: chmod socket private/smtpd: Invalid argument
2025-11-21T06:40:57.746342+00:00 mail postfix/postfix-script[94076]: starting the Postfix mail system
2025-11-21T06:40:57.751313+00:00 mail postfix/master[94077]: fatal: chmod socket private/smtpd: Invalid argument
2025-11-21T06:41:03.834492+00:00 mail postfix/postfix-script[94155]: starting the Postfix mail system
2025-11-21T06:41:03.839530+00:00 mail postfix/master[94156]: fatal: chmod socket private/smtpd: Invalid argument
2025-11-21T06:41:09.916076+00:00 mail postfix/postfix-script[94234]: starting the Postfix mail system
2025-11-21T06:41:09.922340+00:00 mail postfix/master[94235]: fatal: chmod socket private/smtpd: Invalid argument
2025-11-21T06:41:16.065120+00:00 mail postfix/postfix-script[94313]: starting the Postfix mail system
2025-11-21T06:41:16.070463+00:00 mail postfix/master[94314]: fatal: chmod socket private/smtpd: Invalid argument
2025-11-21T06:41:22.147687+00:00 mail postfix/postfix-script[94392]: starting the Postfix mail system
2025-11-21T06:41:22.153956+00:00 mail postfix/master[94393]: fatal: chmod socket private/smtpd: Invalid argument
2025-11-21T06:41:28.236334+00:00 mail postfix/postfix-script[94471]: starting the Postfix mail system
2025-11-21T06:41:28.241840+00:00 mail postfix/master[94472]: fatal: chmod socket private/smtpd: Invalid argument
2025-11-21T06:41:34.319563+00:00 mail postfix/postfix-script[94550]: starting the Postfix mail system
2025-11-21T06:41:34.324500+00:00 mail postfix/master[94551]: fatal: chmod socket private/smtpd: Invalid argument
2025-11-21T06:41:40.400029+00:00 mail postfix/postfix-script[94629]: starting the Postfix mail system
2025-11-21T06:41:40.405192+00:00 mail postfix/master[94630]: fatal: chmod socket private/smtpd: Invalid argument
2025-11-21T06:41:46.471330+00:00 mail postfix/postfix-script[94708]: starting the Postfix mail system
2025-11-21T06:41:46.477501+00:00 mail postfix/master[94709]: fatal: chmod socket private/smtpd: Invalid argument
2025-11-21T06:41:52.549367+00:00 mail postfix/postfix-script[94787]: starting the Postfix mail system
2025-11-21T06:41:52.554903+00:00 mail postfix/master[94788]: fatal: chmod socket private/smtpd: Invalid argument
2025-11-21T06:41:58.636533+00:00 mail postfix/postfix-script[94866]: starting the Postfix mail system
2025-11-21T06:41:58.641808+00:00 mail postfix/master[94867]: fatal: chmod socket private/smtpd: Invalid argument
2025-11-21T06:42:04.771752+00:00 mail postfix/postfix-script[94945]: starting the Postfix mail system
2025-11-21T06:42:04.778572+00:00 mail postfix/master[94946]: fatal: chmod socket private/smtpd: Invalid argument
2025-11-21T06:42:10.855763+00:00 mail postfix/postfix-script[95024]: starting the Postfix mail system
2025-11-21T06:42:10.862362+00:00 mail postfix/master[95025]: fatal: chmod socket private/smtpd: Invalid argument
2025-11-21T06:42:16.888920+00:00 mail postfix/postfix-script[95103]: starting the Postfix mail system
2025-11-21T06:42:16.895137+00:00 mail postfix/master[95104]: fatal: chmod socket private/smtpd: Invalid argument
2025-11-21T06:42:22.965455+00:00 mail postfix/postfix-script[95182]: starting the Postfix mail system
2025-11-21T06:42:22.970652+00:00 mail postfix/master[95183]: fatal: chmod socket private/smtpd: Invalid argument
2025-11-21T06:42:29.043345+00:00 mail postfix/postfix-script[95261]: starting the Postfix mail system
2025-11-21T06:42:29.049074+00:00 mail postfix/master[95262]: fatal: chmod socket private/smtpd: Invalid argument
2025-11-21T06:42:35.139264+00:00 mail postfix/postfix-script[95340]: starting the Postfix mail system
2025-11-21T06:42:35.144406+00:00 mail postfix/master[95341]: fatal: chmod socket private/smtpd: Invalid argument
2025-11-21T06:42:41.198616+00:00 mail postfix/postfix-script[95419]: starting the Postfix mail system
2025-11-21T06:42:41.204037+00:00 mail postfix/master[95420]: fatal: chmod socket private/smtpd: Invalid argument
2025-11-21T06:42:47.359005+00:00 mail postfix/postfix-script[95498]: starting the Postfix mail system
2025-11-21T06:42:47.364098+00:00 mail postfix/master[95499]: fatal: chmod socket private/smtpd: Invalid argument
2025-11-21T06:42:53.374077+00:00 mail postfix/postfix-script[95577]: starting the Postfix mail system
2025-11-21T06:42:53.379680+00:00 mail postfix/master[95578]: fatal: chmod socket private/smtpd: Invalid argument
2025-11-21T06:42:59.453322+00:00 mail postfix/postfix-script[95656]: starting the Postfix mail system
2025-11-21T06:42:59.459029+00:00 mail postfix/master[95657]: fatal: chmod socket private/smtpd: Invalid argument
2025-11-21T06:43:05.531435+00:00 mail postfix/postfix-script[95735]: starting the Postfix mail system
2025-11-21T06:43:05.537103+00:00 mail postfix/master[95736]: fatal: chmod socket private/smtpd: Invalid argument
2025-11-21T06:43:11.617751+00:00 mail postfix/postfix-script[95817]: starting the Postfix mail system
2025-11-21T06:43:11.623191+00:00 mail postfix/master[95818]: fatal: chmod socket private/smtpd: Invalid argument
2025-11-21T06:43:17.803626+00:00 mail postfix/postfix-script[95896]: starting the Postfix mail system
2025-11-21T06:43:17.810597+00:00 mail postfix/master[95897]: fatal: chmod socket private/smtpd: Invalid argument
2025-11-21T06:43:23.888883+00:00 mail postfix/postfix-script[95975]: starting the Postfix mail system
2025-11-21T06:43:23.893927+00:00 mail postfix/master[95976]: fatal: chmod socket private/smtpd: Invalid argument
2025-11-21T06:43:30.060743+00:00 mail postfix/postfix-script[96054]: starting the Postfix mail system
2025-11-21T06:43:30.068652+00:00 mail postfix/master[96055]: fatal: chmod socket private/smtpd: Invalid argument
2025-11-21T06:43:36.350061+00:00 mail postfix/postfix-script[96133]: starting the Postfix mail system
2025-11-21T06:43:36.367400+00:00 mail postfix/master[96134]: fatal: chmod socket private/smtpd: Invalid argument
2025-11-21T06:43:42.276081+00:00 mail postfix/postfix-script[96212]: starting the Postfix mail system
2025-11-21T06:43:42.284502+00:00 mail postfix/master[96213]: fatal: chmod socket private/smtpd: Invalid argument
2025-11-21T06:43:48.381902+00:00 mail postfix/postfix-script[96291]: starting the Postfix mail system
2025-11-21T06:43:48.389643+00:00 mail postfix/master[96292]: fatal: chmod socket private/smtpd: Invalid argument
2025-11-21T06:43:54.547317+00:00 mail postfix/postfix-script[96370]: starting the Postfix mail system
2025-11-21T06:43:54.552876+00:00 mail postfix/master[96371]: fatal: chmod socket private/smtpd: Invalid argument
2025-11-21T06:44:00.504558+00:00 mail postfix/postfix-script[96449]: starting the Postfix mail system
2025-11-21T06:44:00.510281+00:00 mail postfix/master[96450]: fatal: chmod socket private/smtpd: Invalid argument
2025-11-21T06:44:06.673913+00:00 mail postfix/postfix-script[96528]: starting the Postfix mail system
2025-11-21T06:44:06.681699+00:00 mail postfix/master[96529]: fatal: chmod socket private/smtpd: Invalid argument
2025-11-21T06:44:12.732585+00:00 mail postfix/postfix-script[96607]: starting the Postfix mail system
2025-11-21T06:44:12.741526+00:00 mail postfix/master[96608]: fatal: chmod socket private/smtpd: Invalid argument
2025-11-21T06:44:18.795674+00:00 mail postfix/postfix-script[96686]: starting the Postfix mail system
2025-11-21T06:44:18.804536+00:00 mail postfix/master[96687]: fatal: chmod socket private/smtpd: Invalid argument
2025-11-21T06:44:24.878566+00:00 mail postfix/postfix-script[96765]: starting the Postfix mail system
2025-11-21T06:44:24.887494+00:00 mail postfix/master[96766]: fatal: chmod socket private/smtpd: Invalid argument
2025-11-21T06:44:31.084753+00:00 mail postfix/postfix-script[96844]: starting the Postfix mail system
2025-11-21T06:44:31.110030+00:00 mail postfix/master[96845]: fatal: chmod socket private/smtpd: Invalid argument
2025-11-21T06:44:37.164674+00:00 mail postfix/postfix-script[96923]: starting the Postfix mail system
2025-11-21T06:44:37.170068+00:00 mail postfix/master[96924]: fatal: chmod socket private/smtpd: Invalid argument
2025-11-21T06:44:43.079281+00:00 mail postfix/postfix-script[97002]: starting the Postfix mail system
2025-11-21T06:44:43.085818+00:00 mail postfix/master[97003]: fatal: chmod socket private/smtpd: Invalid argument
2025-11-21T06:44:49.167361+00:00 mail postfix/postfix-script[97081]: starting the Postfix mail system
2025-11-21T06:44:49.174182+00:00 mail postfix/master[97082]: fatal: chmod socket private/smtpd: Invalid argument
2025-11-21T06:44:55.329195+00:00 mail postfix/postfix-script[97160]: starting the Postfix mail system
2025-11-21T06:44:55.337478+00:00 mail postfix/master[97161]: fatal: chmod socket private/smtpd: Invalid argument
2025-11-21T06:45:01.442671+00:00 mail postfix/postfix-script[97239]: starting the Postfix mail system
2025-11-21T06:45:01.447944+00:00 mail postfix/master[97240]: fatal: chmod socket private/smtpd: Invalid argument
2025-11-21T06:45:07.437831+00:00 mail postfix/postfix-script[97318]: starting the Postfix mail system
2025-11-21T06:45:07.444237+00:00 mail postfix/master[97319]: fatal: chmod socket private/smtpd: Invalid argument
2025-11-21T06:45:13.550506+00:00 mail postfix/postfix-script[97397]: starting the Postfix mail system
2025-11-21T06:45:13.555551+00:00 mail postfix/master[97398]: fatal: chmod socket private/smtpd: Invalid argument
2025-11-21T06:45:19.608684+00:00 mail postfix/postfix-script[97476]: starting the Postfix mail system
2025-11-21T06:45:19.615891+00:00 mail postfix/master[97477]: fatal: chmod socket private/smtpd: Invalid argument
2025-11-21T06:45:25.668030+00:00 mail postfix/postfix-script[97555]: starting the Postfix mail system
2025-11-21T06:45:25.673111+00:00 mail postfix/master[97556]: fatal: chmod socket private/smtpd: Invalid argument
2025-11-21T06:45:31.749679+00:00 mail postfix/postfix-script[97634]: starting the Postfix mail system
2025-11-21T06:45:31.755336+00:00 mail postfix/master[97635]: fatal: chmod socket private/smtpd: Invalid argument
2025-11-21T06:45:37.838990+00:00 mail postfix/postfix-script[97713]: starting the Postfix mail system
2025-11-21T06:45:37.844884+00:00 mail postfix/master[97714]: fatal: chmod socket private/smtpd: Invalid argument
2025-11-21T06:45:43.987803+00:00 mail postfix/postfix-script[97792]: starting the Postfix mail system
2025-11-21T06:45:43.994539+00:00 mail postfix/master[97793]: fatal: chmod socket private/smtpd: Invalid argument
2025-11-21T06:45:50.076622+00:00 mail postfix/postfix-script[97871]: starting the Postfix mail system
2025-11-21T06:45:50.083514+00:00 mail postfix/master[97872]: fatal: chmod socket private/smtpd: Invalid argument
2025-11-21T06:45:56.122284+00:00 mail postfix/postfix-script[97950]: starting the Postfix mail system
2025-11-21T06:45:56.128797+00:00 mail postfix/master[97951]: fatal: chmod socket private/smtpd: Invalid argument
2025-11-21T06:46:02.175511+00:00 mail postfix/postfix-script[98029]: starting the Postfix mail system
2025-11-21T06:46:02.183303+00:00 mail postfix/master[98030]: fatal: chmod socket private/smtpd: Invalid argument
2025-11-21T06:46:08.275026+00:00 mail postfix/postfix-script[98108]: starting the Postfix mail system
2025-11-21T06:46:08.282892+00:00 mail postfix/master[98109]: fatal: chmod socket private/smtpd: Invalid argument
2025-11-21T06:46:14.361550+00:00 mail postfix/postfix-script[98187]: starting the Postfix mail system
2025-11-21T06:46:14.366727+00:00 mail postfix/master[98188]: fatal: chmod socket private/smtpd: Invalid argument
2025-11-21T06:46:20.459079+00:00 mail postfix/postfix-script[98266]: starting the Postfix mail system
2025-11-21T06:46:20.464527+00:00 mail postfix/master[98267]: fatal: chmod socket private/smtpd: Invalid argument
2025-11-21T06:46:26.530482+00:00 mail postfix/postfix-script[98345]: starting the Postfix mail system
2025-11-21T06:46:26.537484+00:00 mail postfix/master[98346]: fatal: chmod socket private/smtpd: Invalid argument
2025-11-21T06:46:32.665712+00:00 mail postfix/postfix-script[98424]: starting the Postfix mail system
2025-11-21T06:46:32.670824+00:00 mail postfix/master[98425]: fatal: chmod socket private/smtpd: Invalid argument
2025-11-21T06:46:38.692240+00:00 mail postfix/postfix-script[98503]: starting the Postfix mail system
2025-11-21T06:46:38.697278+00:00 mail postfix/master[98504]: fatal: chmod socket private/smtpd: Invalid argument
2025-11-21T06:46:44.773433+00:00 mail postfix/postfix-script[98582]: starting the Postfix mail system
2025-11-21T06:46:44.780628+00:00 mail postfix/master[98583]: fatal: chmod socket private/smtpd: Invalid argument
2025-11-21T06:46:50.868271+00:00 mail postfix/postfix-script[98661]: starting the Postfix mail system
2025-11-21T06:46:50.873857+00:00 mail postfix/master[98662]: fatal: chmod socket private/smtpd: Invalid argument
2025-11-21T06:46:56.953878+00:00 mail postfix/postfix-script[98740]: starting the Postfix mail system
2025-11-21T06:46:56.959351+00:00 mail postfix/master[98741]: fatal: chmod socket private/smtpd: Invalid argument
2025-11-21T06:47:03.040203+00:00 mail postfix/postfix-script[98822]: starting the Postfix mail system
2025-11-21T06:47:03.045610+00:00 mail postfix/master[98823]: fatal: chmod socket private/smtpd: Invalid argument
2025-11-21T06:47:09.214301+00:00 mail postfix/postfix-script[98901]: starting the Postfix mail system
2025-11-21T06:47:09.219494+00:00 mail postfix/master[98902]: fatal: chmod socket private/smtpd: Invalid argument
2025-11-21T06:47:15.232766+00:00 mail postfix/postfix-script[98980]: starting the Postfix mail system
2025-11-21T06:47:15.239195+00:00 mail postfix/master[98981]: fatal: chmod socket private/smtpd: Invalid argument
2025-11-21T06:47:21.329550+00:00 mail postfix/postfix-script[99059]: starting the Postfix mail system
2025-11-21T06:47:21.337137+00:00 mail postfix/master[99060]: fatal: chmod socket private/smtpd: Invalid argument
2025-11-21T06:47:27.399657+00:00 mail postfix/postfix-script[99138]: starting the Postfix mail system
2025-11-21T06:47:27.404598+00:00 mail postfix/master[99139]: fatal: chmod socket private/smtpd: Invalid argument
2025-11-21T06:47:33.489646+00:00 mail postfix/postfix-script[99217]: starting the Postfix mail system
2025-11-21T06:47:33.494637+00:00 mail postfix/master[99218]: fatal: chmod socket private/smtpd: Invalid argument
2025-11-21T06:47:39.563229+00:00 mail postfix/postfix-script[99296]: starting the Postfix mail system
2025-11-21T06:47:39.568869+00:00 mail postfix/master[99297]: fatal: chmod socket private/smtpd: Invalid argument
2025-11-21T06:47:45.634573+00:00 mail postfix/postfix-script[99375]: starting the Postfix mail system
2025-11-21T06:47:45.640445+00:00 mail postfix/master[99376]: fatal: chmod socket private/smtpd: Invalid argument
2025-11-21T06:47:51.739153+00:00 mail postfix/postfix-script[99454]: starting the Postfix mail system
2025-11-21T06:47:51.744329+00:00 mail postfix/master[99455]: fatal: chmod socket private/smtpd: Invalid argument
2025-11-21T06:47:57.809134+00:00 mail postfix/postfix-script[99533]: starting the Postfix mail system
2025-11-21T06:47:57.814260+00:00 mail postfix/master[99534]: fatal: chmod socket private/smtpd: Invalid argument
2025-11-21T06:48:03.917981+00:00 mail postfix/postfix-script[99612]: starting the Postfix mail system
2025-11-21T06:48:03.923932+00:00 mail postfix/master[99613]: fatal: chmod socket private/smtpd: Invalid argument
2025-11-21T06:48:10.182760+00:00 mail postfix/postfix-script[99691]: starting the Postfix mail system
2025-11-21T06:48:10.190031+00:00 mail postfix/master[99692]: fatal: chmod socket private/smtpd: Invalid argument
2025-11-21T06:48:16.333130+00:00 mail postfix/postfix-script[99770]: starting the Postfix mail system
2025-11-21T06:48:16.342448+00:00 mail postfix/master[99771]: fatal: chmod socket private/smtpd: Invalid argument
2025-11-21T06:48:22.372712+00:00 mail postfix/postfix-script[99849]: starting the Postfix mail system
2025-11-21T06:48:22.382761+00:00 mail postfix/master[99850]: fatal: chmod socket private/smtpd: Invalid argument
2025-11-21T06:48:28.423598+00:00 mail postfix/postfix-script[99928]: starting the Postfix mail system
2025-11-21T06:48:28.429380+00:00 mail postfix/master[99929]: fatal: chmod socket private/smtpd: Invalid argument
2025-11-21T06:48:34.794248+00:00 mail postfix/postfix-script[308]: starting the Postfix mail system
2025-11-21T06:48:34.800918+00:00 mail postfix/master[309]: fatal: chmod socket private/smtpd: Invalid argument
2025-11-21T06:48:40.845951+00:00 mail postfix/postfix-script[390]: starting the Postfix mail system
2025-11-21T06:48:40.855189+00:00 mail postfix/master[391]: fatal: chmod socket private/smtpd: Invalid argument
2025-11-21T06:48:46.759602+00:00 mail postfix/postfix-script[469]: starting the Postfix mail system
2025-11-21T06:48:46.768354+00:00 mail postfix/master[470]: fatal: chmod socket private/smtpd: Invalid argument
2025-11-21T06:48:53.512332+00:00 mail postfix/postfix-script[548]: starting the Postfix mail system
2025-11-21T06:48:53.528980+00:00 mail postfix/master[549]: fatal: chmod socket private/smtpd: Invalid argument
2025-11-21T06:48:59.040427+00:00 mail postfix/postfix-script[627]: starting the Postfix mail system
2025-11-21T06:48:59.046868+00:00 mail postfix/master[628]: fatal: chmod socket private/smtpd: Invalid argument
2025-11-21T06:49:05.154235+00:00 mail postfix/postfix-script[706]: starting the Postfix mail system
2025-11-21T06:49:05.161623+00:00 mail postfix/master[707]: fatal: chmod socket private/smtpd: Invalid argument
2025-11-21T06:49:11.379625+00:00 mail postfix/postfix-script[785]: starting the Postfix mail system
2025-11-21T06:49:11.391099+00:00 mail postfix/master[786]: fatal: chmod socket private/smtpd: Invalid argument
2025-11-21T06:49:17.358646+00:00 mail postfix/postfix-script[864]: starting the Postfix mail system
2025-11-21T06:49:17.366460+00:00 mail postfix/master[865]: fatal: chmod socket private/smtpd: Invalid argument
2025-11-21T06:49:23.522007+00:00 mail postfix/postfix-script[943]: starting the Postfix mail system
2025-11-21T06:49:23.527182+00:00 mail postfix/master[944]: fatal: chmod socket private/smtpd: Invalid argument
2025-11-21T06:49:29.788961+00:00 mail postfix/postfix-script[1022]: starting the Postfix mail system
2025-11-21T06:49:29.799672+00:00 mail postfix/master[1023]: fatal: chmod socket private/smtpd: Invalid argument
2025-11-21T06:49:36.690565+00:00 mail postfix/postfix-script[1104]: starting the Postfix mail system
2025-11-21T06:49:36.746593+00:00 mail postfix/master[1105]: fatal: chmod socket private/smtpd: Invalid argument
2025-11-21T06:49:42.207743+00:00 mail postfix/postfix-script[1180]: starting the Postfix mail system
2025-11-21T06:49:42.216107+00:00 mail postfix/master[1181]: fatal: chmod socket private/smtpd: Invalid argument
2025-11-21T06:49:48.796622+00:00 mail postfix/postfix-script[1262]: starting the Postfix mail system
2025-11-21T06:49:48.807653+00:00 mail postfix/master[1263]: fatal: chmod socket private/smtpd: Invalid argument
2025-11-21T06:49:54.688475+00:00 mail postfix/postfix-script[1341]: starting the Postfix mail system
2025-11-21T06:49:54.701970+00:00 mail postfix/master[1342]: fatal: chmod socket private/smtpd: Invalid argument
2025-11-21T06:50:01.632245+00:00 mail postfix/postfix-script[1420]: starting the Postfix mail system
2025-11-21T06:50:01.648620+00:00 mail postfix/master[1421]: fatal: chmod socket private/smtpd: Invalid argument
2025-11-21T06:50:06.898360+00:00 mail postfix/postfix-script[1499]: starting the Postfix mail system
2025-11-21T06:50:06.911541+00:00 mail postfix/master[1500]: fatal: chmod socket private/smtpd: Invalid argument
2025-11-21T06:50:13.414328+00:00 mail postfix/postfix-script[1578]: starting the Postfix mail system
2025-11-21T06:50:13.428278+00:00 mail postfix/master[1579]: fatal: chmod socket private/smtpd: Invalid argument
2025-11-21T06:50:19.324191+00:00 mail postfix/postfix-script[1657]: starting the Postfix mail system
2025-11-21T06:50:19.331750+00:00 mail postfix/master[1658]: fatal: chmod socket private/smtpd: Invalid argument
2025-11-21T06:50:25.524714+00:00 mail postfix/postfix-script[1736]: starting the Postfix mail system
2025-11-21T06:50:25.536689+00:00 mail postfix/master[1737]: fatal: chmod socket private/smtpd: Invalid argument
2025-11-21T06:50:31.534768+00:00 mail postfix/postfix-script[1815]: starting the Postfix mail system
2025-11-21T06:50:31.543836+00:00 mail postfix/master[1816]: fatal: chmod socket private/smtpd: Invalid argument
2025-11-21T06:50:37.570214+00:00 mail postfix/postfix-script[1894]: starting the Postfix mail system
2025-11-21T06:50:37.575223+00:00 mail postfix/master[1895]: fatal: chmod socket private/smtpd: Invalid argument
2025-11-21T06:50:43.728799+00:00 mail postfix/postfix-script[1973]: starting the Postfix mail system
2025-11-21T06:50:43.738266+00:00 mail postfix/master[1974]: fatal: chmod socket private/smtpd: Invalid argument
2025-11-21T06:50:50.317204+00:00 mail postfix/postfix-script[2052]: starting the Postfix mail system
2025-11-21T06:50:50.358222+00:00 mail postfix/master[2053]: fatal: chmod socket private/smtpd: Invalid argument
2025-11-21T06:50:57.623392+00:00 mail postfix/postfix-script[2134]: starting the Postfix mail system
2025-11-21T06:50:57.639102+00:00 mail postfix/master[2135]: fatal: chmod socket private/smtpd: Invalid argument
2025-11-21T06:51:03.304050+00:00 mail postfix/postfix-script[2213]: starting the Postfix mail system
2025-11-21T06:51:03.321900+00:00 mail postfix/master[2214]: fatal: chmod socket private/smtpd: Invalid argument
2025-11-21T06:51:08.796258+00:00 mail postfix/postfix-script[2289]: starting the Postfix mail system
2025-11-21T06:51:08.808588+00:00 mail postfix/master[2290]: fatal: chmod socket private/smtpd: Invalid argument
2025-11-21T06:51:15.236536+00:00 mail postfix/postfix-script[2368]: starting the Postfix mail system
2025-11-21T06:51:15.247927+00:00 mail postfix/master[2369]: fatal: chmod socket private/smtpd: Invalid argument
2025-11-21T06:51:22.603980+00:00 mail postfix/postfix-script[2450]: starting the Postfix mail system
2025-11-21T06:51:22.626010+00:00 mail postfix/master[2451]: fatal: chmod socket private/smtpd: Invalid argument
2025-11-21T06:51:27.827593+00:00 mail postfix/postfix-script[2529]: starting the Postfix mail system
2025-11-21T06:51:27.834707+00:00 mail postfix/master[2530]: fatal: chmod socket private/smtpd: Invalid argument
2025-11-21T06:51:33.897957+00:00 mail postfix/postfix-script[2608]: starting the Postfix mail system
2025-11-21T06:51:33.906226+00:00 mail postfix/master[2609]: fatal: chmod socket private/smtpd: Invalid argument
2025-11-21T06:51:39.987699+00:00 mail postfix/postfix-script[2687]: starting the Postfix mail system
2025-11-21T06:51:39.997540+00:00 mail postfix/master[2688]: fatal: chmod socket private/smtpd: Invalid argument
2025-11-21T06:51:46.055985+00:00 mail postfix/postfix-script[2766]: starting the Postfix mail system
2025-11-21T06:51:46.063271+00:00 mail postfix/master[2767]: fatal: chmod socket private/smtpd: Invalid argument
2025-11-21T06:51:52.139480+00:00 mail postfix/postfix-script[2845]: starting the Postfix mail system
2025-11-21T06:51:52.146198+00:00 mail postfix/master[2846]: fatal: chmod socket private/smtpd: Invalid argument
2025-11-21T06:51:58.211425+00:00 mail postfix/postfix-script[2924]: starting the Postfix mail system
2025-11-21T06:51:58.219045+00:00 mail postfix/master[2925]: fatal: chmod socket private/smtpd: Invalid argument
2025-11-21T06:52:04.364041+00:00 mail postfix/postfix-script[3003]: starting the Postfix mail system
2025-11-21T06:52:04.398779+00:00 mail postfix/master[3004]: fatal: chmod socket private/smtpd: Invalid argument
2025-11-21T06:52:10.987635+00:00 mail postfix/postfix-script[3082]: starting the Postfix mail system
2025-11-21T06:52:11.021472+00:00 mail postfix/master[3083]: fatal: chmod socket private/smtpd: Invalid argument
2025-11-21T06:52:17.295032+00:00 mail postfix/postfix-script[3161]: starting the Postfix mail system
2025-11-21T06:52:17.307014+00:00 mail postfix/master[3162]: fatal: chmod socket private/smtpd: Invalid argument
2025-11-21T06:52:23.197778+00:00 mail postfix/postfix-script[3240]: starting the Postfix mail system
2025-11-21T06:52:23.210515+00:00 mail postfix/master[3241]: fatal: chmod socket private/smtpd: Invalid argument
2025-11-21T06:52:30.061646+00:00 mail postfix/postfix-script[3319]: starting the Postfix mail system
2025-11-21T06:52:30.075699+00:00 mail postfix/master[3320]: fatal: chmod socket private/smtpd: Invalid argument
2025-11-21T06:52:35.614067+00:00 mail postfix/postfix-script[3398]: starting the Postfix mail system
2025-11-21T06:52:35.622348+00:00 mail postfix/master[3399]: fatal: chmod socket private/smtpd: Invalid argument
2025-11-21T06:52:41.670834+00:00 mail postfix/postfix-script[3477]: starting the Postfix mail system
2025-11-21T06:52:41.677780+00:00 mail postfix/master[3478]: fatal: chmod socket private/smtpd: Invalid argument
2025-11-21T06:52:48.520659+00:00 mail postfix/postfix-script[3556]: starting the Postfix mail system
2025-11-21T06:52:48.530426+00:00 mail postfix/master[3557]: fatal: chmod socket private/smtpd: Invalid argument
2025-11-21T06:52:54.526653+00:00 mail postfix/postfix-script[3635]: starting the Postfix mail system
2025-11-21T06:52:54.542248+00:00 mail postfix/master[3636]: fatal: chmod socket private/smtpd: Invalid argument
2025-11-21T06:53:00.031590+00:00 mail postfix/postfix-script[3714]: starting the Postfix mail system
2025-11-21T06:53:00.046033+00:00 mail postfix/master[3715]: fatal: chmod socket private/smtpd: Invalid argument
2025-11-21T06:53:06.719139+00:00 mail postfix/postfix-script[3793]: starting the Postfix mail system
2025-11-21T06:53:06.733583+00:00 mail postfix/master[3794]: fatal: chmod socket private/smtpd: Invalid argument
2025-11-21T06:53:12.002168+00:00 mail postfix/postfix-script[3872]: starting the Postfix mail system
2025-11-21T06:53:12.010828+00:00 mail postfix/master[3873]: fatal: chmod socket private/smtpd: Invalid argument
2025-11-21T06:53:18.819395+00:00 mail postfix/postfix-script[3951]: starting the Postfix mail system
2025-11-21T06:53:18.841159+00:00 mail postfix/master[3952]: fatal: chmod socket private/smtpd: Invalid argument
2025-11-21T06:53:24.479311+00:00 mail postfix/postfix-script[4030]: starting the Postfix mail system
2025-11-21T06:53:24.488765+00:00 mail postfix/master[4031]: fatal: chmod socket private/smtpd: Invalid argument
2025-11-21T06:53:30.337338+00:00 mail postfix/postfix-script[4109]: starting the Postfix mail system
2025-11-21T06:53:30.344784+00:00 mail postfix/master[4110]: fatal: chmod socket private/smtpd: Invalid argument
2025-11-21T06:53:36.882401+00:00 mail postfix/postfix-script[4188]: starting the Postfix mail system
2025-11-21T06:53:36.901353+00:00 mail postfix/master[4189]: fatal: chmod socket private/smtpd: Invalid argument
2025-11-21T06:53:43.211504+00:00 mail postfix/postfix-script[4267]: starting the Postfix mail system
2025-11-21T06:53:43.223443+00:00 mail postfix/master[4268]: fatal: chmod socket private/smtpd: Invalid argument
2025-11-21T06:53:48.927998+00:00 mail postfix/postfix-script[4346]: starting the Postfix mail system
2025-11-21T06:53:48.934732+00:00 mail postfix/master[4347]: fatal: chmod socket private/smtpd: Invalid argument
2025-11-21T06:53:54.997954+00:00 mail postfix/postfix-script[4425]: starting the Postfix mail system
2025-11-21T06:53:55.003418+00:00 mail postfix/master[4426]: fatal: chmod socket private/smtpd: Invalid argument
2025-11-21T06:54:01.115331+00:00 mail postfix/postfix-script[4504]: starting the Postfix mail system
2025-11-21T06:54:01.122452+00:00 mail postfix/master[4505]: fatal: chmod socket private/smtpd: Invalid argument
2025-11-21T06:54:07.267907+00:00 mail postfix/postfix-script[4583]: starting the Postfix mail system
2025-11-21T06:54:07.274631+00:00 mail postfix/master[4584]: fatal: chmod socket private/smtpd: Invalid argument
2025-11-21T06:54:13.391215+00:00 mail postfix/postfix-script[4662]: starting the Postfix mail system
2025-11-21T06:54:13.400660+00:00 mail postfix/master[4663]: fatal: chmod socket private/smtpd: Invalid argument
2025-11-21T06:54:19.652889+00:00 mail postfix/postfix-script[4741]: starting the Postfix mail system
2025-11-21T06:54:19.675076+00:00 mail postfix/master[4742]: fatal: chmod socket private/smtpd: Invalid argument
2025-11-21T06:54:25.671182+00:00 mail postfix/postfix-script[4820]: starting the Postfix mail system
2025-11-21T06:54:25.680967+00:00 mail postfix/master[4821]: fatal: chmod socket private/smtpd: Invalid argument
2025-11-21T06:54:31.738400+00:00 mail postfix/postfix-script[4899]: starting the Postfix mail system
2025-11-21T06:54:31.744664+00:00 mail postfix/master[4900]: fatal: chmod socket private/smtpd: Invalid argument
2025-11-21T06:54:37.814265+00:00 mail postfix/postfix-script[4978]: starting the Postfix mail system
2025-11-21T06:54:37.819425+00:00 mail postfix/master[4979]: fatal: chmod socket private/smtpd: Invalid argument
2025-11-21T06:54:43.944196+00:00 mail postfix/postfix-script[5057]: starting the Postfix mail system
2025-11-21T06:54:43.951755+00:00 mail postfix/master[5058]: fatal: chmod socket private/smtpd: Invalid argument
2025-11-21T06:54:50.016622+00:00 mail postfix/postfix-script[5136]: starting the Postfix mail system
2025-11-21T06:54:50.024045+00:00 mail postfix/master[5137]: fatal: chmod socket private/smtpd: Invalid argument
2025-11-21T06:54:55.491190+00:00 mail postfix/postfix-script[5215]: starting the Postfix mail system
2025-11-21T06:54:55.503361+00:00 mail postfix/master[5216]: fatal: chmod socket private/smtpd: Invalid argument
2025-11-21T06:55:01.673475+00:00 mail postfix/postfix-script[5294]: starting the Postfix mail system
2025-11-21T06:55:01.688530+00:00 mail postfix/master[5295]: fatal: chmod socket private/smtpd: Invalid argument
2025-11-21T06:55:08.240953+00:00 mail postfix/postfix-script[5373]: starting the Postfix mail system
2025-11-21T06:55:08.250780+00:00 mail postfix/master[5374]: fatal: chmod socket private/smtpd: Invalid argument
2025-11-21T06:55:14.432690+00:00 mail postfix/postfix-script[5452]: starting the Postfix mail system
2025-11-21T06:55:14.446602+00:00 mail postfix/master[5453]: fatal: chmod socket private/smtpd: Invalid argument
2025-11-21T06:55:19.290250+00:00 mail postfix/postfix-script[5531]: starting the Postfix mail system
2025-11-21T06:55:19.301628+00:00 mail postfix/master[5532]: fatal: chmod socket private/smtpd: Invalid argument
2025-11-21T06:55:25.950217+00:00 mail postfix/postfix-script[5610]: starting the Postfix mail system
2025-11-21T06:55:25.969774+00:00 mail postfix/master[5611]: fatal: chmod socket private/smtpd: Invalid argument
2025-11-21T06:55:32.610996+00:00 mail postfix/postfix-script[5689]: starting the Postfix mail system
2025-11-21T06:55:32.629500+00:00 mail postfix/master[5690]: fatal: chmod socket private/smtpd: Invalid argument
2025-11-21T06:55:38.612715+00:00 mail postfix/postfix-script[5768]: starting the Postfix mail system
2025-11-21T06:55:38.630304+00:00 mail postfix/master[5769]: fatal: chmod socket private/smtpd: Invalid argument
2025-11-21T06:55:44.826574+00:00 mail postfix/postfix-script[5847]: starting the Postfix mail system
2025-11-21T06:55:44.838263+00:00 mail postfix/master[5848]: fatal: chmod socket private/smtpd: Invalid argument
2025-11-21T06:55:51.332879+00:00 mail postfix/postfix-script[5926]: starting the Postfix mail system
2025-11-21T06:55:51.346899+00:00 mail postfix/master[5927]: fatal: chmod socket private/smtpd: Invalid argument
2025-11-21T06:55:56.859263+00:00 mail postfix/postfix-script[6005]: starting the Postfix mail system
2025-11-21T06:55:56.866036+00:00 mail postfix/master[6006]: fatal: chmod socket private/smtpd: Invalid argument
2025-11-21T06:56:03.064637+00:00 mail postfix/postfix-script[6084]: starting the Postfix mail system
2025-11-21T06:56:03.072364+00:00 mail postfix/master[6085]: fatal: chmod socket private/smtpd: Invalid argument
2025-11-21T06:56:09.478725+00:00 mail postfix/postfix-script[6163]: starting the Postfix mail system
2025-11-21T06:56:09.492695+00:00 mail postfix/master[6164]: fatal: chmod socket private/smtpd: Invalid argument
2025-11-21T06:56:15.485142+00:00 mail postfix/postfix-script[6242]: starting the Postfix mail system
2025-11-21T06:56:15.494845+00:00 mail postfix/master[6243]: fatal: chmod socket private/smtpd: Invalid argument
2025-11-21T06:56:22.454809+00:00 mail postfix/postfix-script[6324]: starting the Postfix mail system
2025-11-21T06:56:22.471219+00:00 mail postfix/master[6325]: fatal: chmod socket private/smtpd: Invalid argument
2025-11-21T06:56:29.142914+00:00 mail postfix/postfix-script[6403]: starting the Postfix mail system
2025-11-21T06:56:29.161559+00:00 mail postfix/master[6404]: fatal: chmod socket private/smtpd: Invalid argument
2025-11-21T06:56:36.404082+00:00 mail postfix/postfix-script[6482]: starting the Postfix mail system
2025-11-21T06:56:36.423142+00:00 mail postfix/master[6483]: fatal: chmod socket private/smtpd: Invalid argument
2025-11-21T06:56:43.064779+00:00 mail postfix/postfix-script[6564]: starting the Postfix mail system
2025-11-21T06:56:43.091336+00:00 mail postfix/master[6565]: fatal: chmod socket private/smtpd: Invalid argument
2025-11-21T06:56:49.106042+00:00 mail postfix/postfix-script[6643]: starting the Postfix mail system
2025-11-21T06:56:49.120656+00:00 mail postfix/master[6644]: fatal: chmod socket private/smtpd: Invalid argument
2025-11-21T06:56:56.974687+00:00 mail postfix/postfix-script[6722]: starting the Postfix mail system
2025-11-21T06:56:56.997077+00:00 mail postfix/master[6723]: fatal: chmod socket private/smtpd: Invalid argument
2025-11-21T06:57:03.063202+00:00 mail postfix/postfix-script[6801]: starting the Postfix mail system
2025-11-21T06:57:03.088313+00:00 mail postfix/master[6802]: fatal: chmod socket private/smtpd: Invalid argument
2025-11-21T06:57:08.565712+00:00 mail postfix/postfix-script[6880]: starting the Postfix mail system
2025-11-21T06:57:08.629021+00:00 mail postfix/master[6881]: fatal: chmod socket private/smtpd: Invalid argument
2025-11-21T06:57:15.654417+00:00 mail postfix/postfix-script[6959]: starting the Postfix mail system
2025-11-21T06:57:15.675461+00:00 mail postfix/master[6960]: fatal: chmod socket private/smtpd: Invalid argument
2025-11-21T06:57:21.763739+00:00 mail postfix/postfix-script[7038]: starting the Postfix mail system
2025-11-21T06:57:21.780596+00:00 mail postfix/master[7039]: fatal: chmod socket private/smtpd: Invalid argument
2025-11-21T06:57:28.936722+00:00 mail postfix/postfix-script[7120]: starting the Postfix mail system
2025-11-21T06:57:28.990525+00:00 mail postfix/master[7121]: fatal: chmod socket private/smtpd: Invalid argument
2025-11-21T06:57:34.524653+00:00 mail postfix/postfix-script[7196]: starting the Postfix mail system
2025-11-21T06:57:34.536714+00:00 mail postfix/master[7197]: fatal: chmod socket private/smtpd: Invalid argument
2025-11-21T06:57:40.708468+00:00 mail postfix/postfix-script[7278]: starting the Postfix mail system
2025-11-21T06:57:40.726598+00:00 mail postfix/master[7279]: fatal: chmod socket private/smtpd: Invalid argument
2025-11-21T06:57:46.904253+00:00 mail postfix/postfix-script[7357]: starting the Postfix mail system
2025-11-21T06:57:46.915839+00:00 mail postfix/master[7358]: fatal: chmod socket private/smtpd: Invalid argument
2025-11-21T06:57:53.008100+00:00 mail postfix/postfix-script[7436]: starting the Postfix mail system
2025-11-21T06:57:53.020651+00:00 mail postfix/master[7437]: fatal: chmod socket private/smtpd: Invalid argument
2025-11-21T06:57:58.939605+00:00 mail postfix/postfix-script[7515]: starting the Postfix mail system
2025-11-21T06:57:58.954520+00:00 mail postfix/master[7516]: fatal: chmod socket private/smtpd: Invalid argument
2025-11-21T06:58:05.639091+00:00 mail postfix/postfix-script[7594]: starting the Postfix mail system
2025-11-21T06:58:05.654429+00:00 mail postfix/master[7595]: fatal: chmod socket private/smtpd: Invalid argument
2025-11-21T06:58:11.607649+00:00 mail postfix/postfix-script[7673]: starting the Postfix mail system
2025-11-21T06:58:11.622646+00:00 mail postfix/master[7674]: fatal: chmod socket private/smtpd: Invalid argument
2025-11-21T06:58:17.687987+00:00 mail postfix/postfix-script[7752]: starting the Postfix mail system
2025-11-21T06:58:17.698339+00:00 mail postfix/master[7753]: fatal: chmod socket private/smtpd: Invalid argument
2025-11-21T06:58:24.304442+00:00 mail postfix/postfix-script[7831]: starting the Postfix mail system
2025-11-21T06:58:24.319779+00:00 mail postfix/master[7832]: fatal: chmod socket private/smtpd: Invalid argument
2025-11-21T06:58:29.972616+00:00 mail postfix/postfix-script[7910]: starting the Postfix mail system
2025-11-21T06:58:29.980692+00:00 mail postfix/master[7911]: fatal: chmod socket private/smtpd: Invalid argument
2025-11-21T06:58:36.343634+00:00 mail postfix/postfix-script[7989]: starting the Postfix mail system
2025-11-21T06:58:36.354163+00:00 mail postfix/master[7990]: fatal: chmod socket private/smtpd: Invalid argument
2025-11-21T06:58:42.191744+00:00 mail postfix/postfix-script[8068]: starting the Postfix mail system
2025-11-21T06:58:42.202508+00:00 mail postfix/master[8069]: fatal: chmod socket private/smtpd: Invalid argument
2025-11-21T06:58:48.220466+00:00 mail postfix/postfix-script[8147]: starting the Postfix mail system
2025-11-21T06:58:48.228127+00:00 mail postfix/master[8148]: fatal: chmod socket private/smtpd: Invalid argument
2025-11-21T06:58:54.330951+00:00 mail postfix/postfix-script[8226]: starting the Postfix mail system
2025-11-21T06:58:54.339863+00:00 mail postfix/master[8227]: fatal: chmod socket private/smtpd: Invalid argument
2025-11-21T06:59:00.396421+00:00 mail postfix/postfix-script[8305]: starting the Postfix mail system
2025-11-21T06:59:00.402381+00:00 mail postfix/master[8306]: fatal: chmod socket private/smtpd: Invalid argument
2025-11-21T06:59:07.158279+00:00 mail postfix/postfix-script[8384]: starting the Postfix mail system
2025-11-21T06:59:07.173117+00:00 mail postfix/master[8385]: fatal: chmod socket private/smtpd: Invalid argument
2025-11-21T06:59:12.850679+00:00 mail postfix/postfix-script[8463]: starting the Postfix mail system
2025-11-21T06:59:12.856819+00:00 mail postfix/master[8464]: fatal: chmod socket private/smtpd: Invalid argument
2025-11-21T06:59:18.891511+00:00 mail postfix/postfix-script[8542]: starting the Postfix mail system
2025-11-21T06:59:18.896943+00:00 mail postfix/master[8543]: fatal: chmod socket private/smtpd: Invalid argument
2025-11-21T06:59:24.990615+00:00 mail postfix/postfix-script[8621]: starting the Postfix mail system
2025-11-21T06:59:24.996759+00:00 mail postfix/master[8622]: fatal: chmod socket private/smtpd: Invalid argument
2025-11-21T06:59:31.056945+00:00 mail postfix/postfix-script[8700]: starting the Postfix mail system
2025-11-21T06:59:31.062130+00:00 mail postfix/master[8701]: fatal: chmod socket private/smtpd: Invalid argument
2025-11-21T06:59:37.955083+00:00 mail postfix/postfix-script[8782]: starting the Postfix mail system
2025-11-21T06:59:37.980487+00:00 mail postfix/master[8783]: fatal: chmod socket private/smtpd: Invalid argument
2025-11-21T06:59:43.504602+00:00 mail postfix/postfix-script[8858]: starting the Postfix mail system
2025-11-21T06:59:43.511068+00:00 mail postfix/master[8859]: fatal: chmod socket private/smtpd: Invalid argument
2025-11-21T06:59:49.542951+00:00 mail postfix/postfix-script[8937]: starting the Postfix mail system
2025-11-21T06:59:49.549018+00:00 mail postfix/master[8938]: fatal: chmod socket private/smtpd: Invalid argument
2025-11-21T06:59:55.625450+00:00 mail postfix/postfix-script[9016]: starting the Postfix mail system
2025-11-21T06:59:55.630489+00:00 mail postfix/master[9017]: fatal: chmod socket private/smtpd: Invalid argument
2025-11-21T07:00:01.832503+00:00 mail postfix/postfix-script[9095]: starting the Postfix mail system
2025-11-21T07:00:01.837485+00:00 mail postfix/master[9096]: fatal: chmod socket private/smtpd: Invalid argument
2025-11-21T07:00:08.189551+00:00 mail postfix/postfix-script[9177]: starting the Postfix mail system
2025-11-21T07:00:08.197575+00:00 mail postfix/master[9178]: fatal: chmod socket private/smtpd: Invalid argument
2025-11-21T07:00:15.053010+00:00 mail postfix/postfix-script[9256]: starting the Postfix mail system
2025-11-21T07:00:15.076614+00:00 mail postfix/master[9257]: fatal: chmod socket private/smtpd: Invalid argument
2025-11-21T07:00:20.346906+00:00 mail postfix/postfix-script[9335]: starting the Postfix mail system
2025-11-21T07:00:20.353743+00:00 mail postfix/master[9336]: fatal: chmod socket private/smtpd: Invalid argument
2025-11-21T07:00:26.511070+00:00 mail postfix/postfix-script[9414]: starting the Postfix mail system
2025-11-21T07:00:26.518769+00:00 mail postfix/master[9415]: fatal: chmod socket private/smtpd: Invalid argument
2025-11-21T07:00:32.645919+00:00 mail postfix/postfix-script[9493]: starting the Postfix mail system
2025-11-21T07:00:32.653370+00:00 mail postfix/master[9494]: fatal: chmod socket private/smtpd: Invalid argument
2025-11-21T07:00:38.704400+00:00 mail postfix/postfix-script[9572]: starting the Postfix mail system
2025-11-21T07:00:38.712015+00:00 mail postfix/master[9573]: fatal: chmod socket private/smtpd: Invalid argument
2025-11-21T07:00:45.399369+00:00 mail postfix/postfix-script[9651]: starting the Postfix mail system
2025-11-21T07:00:45.415444+00:00 mail postfix/master[9652]: fatal: chmod socket private/smtpd: Invalid argument
2025-11-21T07:00:51.108883+00:00 mail postfix/postfix-script[9730]: starting the Postfix mail system
2025-11-21T07:00:51.117328+00:00 mail postfix/master[9731]: fatal: chmod socket private/smtpd: Invalid argument
2025-11-21T07:00:57.223918+00:00 mail postfix/postfix-script[9809]: starting the Postfix mail system
2025-11-21T07:00:57.231363+00:00 mail postfix/master[9810]: fatal: chmod socket private/smtpd: Invalid argument
2025-11-21T07:01:03.271341+00:00 mail postfix/postfix-script[9888]: starting the Postfix mail system
2025-11-21T07:01:03.276369+00:00 mail postfix/master[9889]: fatal: chmod socket private/smtpd: Invalid argument
2025-11-21T07:01:09.400717+00:00 mail postfix/postfix-script[9967]: starting the Postfix mail system
2025-11-21T07:01:09.406277+00:00 mail postfix/master[9968]: fatal: chmod socket private/smtpd: Invalid argument
2025-11-21T07:01:16.027559+00:00 mail postfix/postfix-script[10046]: starting the Postfix mail system
2025-11-21T07:01:16.039762+00:00 mail postfix/master[10047]: fatal: chmod socket private/smtpd: Invalid argument
2025-11-21T07:01:21.705672+00:00 mail postfix/postfix-script[10125]: starting the Postfix mail system
2025-11-21T07:01:21.712331+00:00 mail postfix/master[10126]: fatal: chmod socket private/smtpd: Invalid argument
2025-11-21T07:01:27.793674+00:00 mail postfix/postfix-script[10204]: starting the Postfix mail system
2025-11-21T07:01:27.799989+00:00 mail postfix/master[10205]: fatal: chmod socket private/smtpd: Invalid argument
2025-11-21T07:01:33.878910+00:00 mail postfix/postfix-script[10283]: starting the Postfix mail system
2025-11-21T07:01:33.885143+00:00 mail postfix/master[10284]: fatal: chmod socket private/smtpd: Invalid argument
2025-11-21T07:01:39.970447+00:00 mail postfix/postfix-script[10362]: starting the Postfix mail system
2025-11-21T07:01:39.977569+00:00 mail postfix/master[10363]: fatal: chmod socket private/smtpd: Invalid argument
2025-11-21T07:01:46.666348+00:00 mail postfix/postfix-script[10441]: starting the Postfix mail system
2025-11-21T07:01:46.684907+00:00 mail postfix/master[10442]: fatal: chmod socket private/smtpd: Invalid argument
2025-11-21T07:01:52.227690+00:00 mail postfix/postfix-script[10520]: starting the Postfix mail system
2025-11-21T07:01:52.232708+00:00 mail postfix/master[10521]: fatal: chmod socket private/smtpd: Invalid argument
2025-11-21T07:01:58.359335+00:00 mail postfix/postfix-script[10599]: starting the Postfix mail system
2025-11-21T07:01:58.365547+00:00 mail postfix/master[10600]: fatal: chmod socket private/smtpd: Invalid argument
2025-11-21T07:02:04.598022+00:00 mail postfix/postfix-script[10678]: starting the Postfix mail system
2025-11-21T07:02:04.604096+00:00 mail postfix/master[10679]: fatal: chmod socket private/smtpd: Invalid argument
2025-11-21T07:02:10.672883+00:00 mail postfix/postfix-script[10757]: starting the Postfix mail system
2025-11-21T07:02:10.680608+00:00 mail postfix/master[10758]: fatal: chmod socket private/smtpd: Invalid argument
2025-11-21T07:02:16.729688+00:00 mail postfix/postfix-script[10836]: starting the Postfix mail system
2025-11-21T07:02:16.737420+00:00 mail postfix/master[10837]: fatal: chmod socket private/smtpd: Invalid argument
2025-11-21T07:02:23.086647+00:00 mail postfix/postfix-script[10915]: starting the Postfix mail system
2025-11-21T07:02:23.100025+00:00 mail postfix/master[10916]: fatal: chmod socket private/smtpd: Invalid argument
2025-11-21T07:02:29.299532+00:00 mail postfix/postfix-script[10994]: starting the Postfix mail system
2025-11-21T07:02:29.328106+00:00 mail postfix/master[10995]: fatal: chmod socket private/smtpd: Invalid argument
2025-11-21T07:02:35.647246+00:00 mail postfix/postfix-script[11076]: starting the Postfix mail system
2025-11-21T07:02:35.655282+00:00 mail postfix/master[11077]: fatal: chmod socket private/smtpd: Invalid argument
2025-11-21T07:02:42.075737+00:00 mail postfix/postfix-script[11155]: starting the Postfix mail system
2025-11-21T07:02:42.127086+00:00 mail postfix/master[11156]: fatal: chmod socket private/smtpd: Invalid argument
2025-11-21T07:02:47.738912+00:00 mail postfix/postfix-script[11234]: starting the Postfix mail system
2025-11-21T07:02:47.747615+00:00 mail postfix/master[11235]: fatal: chmod socket private/smtpd: Invalid argument
2025-11-21T07:02:54.464371+00:00 mail postfix/postfix-script[11313]: starting the Postfix mail system
2025-11-21T07:02:54.484177+00:00 mail postfix/master[11314]: fatal: chmod socket private/smtpd: Invalid argument
2025-11-21T07:03:00.128324+00:00 mail postfix/postfix-script[11392]: starting the Postfix mail system
2025-11-21T07:03:00.139646+00:00 mail postfix/master[11393]: fatal: chmod socket private/smtpd: Invalid argument
2025-11-21T07:03:06.643778+00:00 mail postfix/postfix-script[11471]: starting the Postfix mail system
2025-11-21T07:03:06.657675+00:00 mail postfix/master[11472]: fatal: chmod socket private/smtpd: Invalid argument
2025-11-21T07:03:13.132558+00:00 mail postfix/postfix-script[11550]: starting the Postfix mail system
2025-11-21T07:03:13.150358+00:00 mail postfix/master[11551]: fatal: chmod socket private/smtpd: Invalid argument
2025-11-21T07:03:18.573700+00:00 mail postfix/postfix-script[11629]: starting the Postfix mail system
2025-11-21T07:03:18.584117+00:00 mail postfix/master[11630]: fatal: chmod socket private/smtpd: Invalid argument
2025-11-21T07:03:24.780094+00:00 mail postfix/postfix-script[11708]: starting the Postfix mail system
2025-11-21T07:03:24.789371+00:00 mail postfix/master[11709]: fatal: chmod socket private/smtpd: Invalid argument
2025-11-21T07:03:30.789606+00:00 mail postfix/postfix-script[11787]: starting the Postfix mail system
2025-11-21T07:03:30.799969+00:00 mail postfix/master[11788]: fatal: chmod socket private/smtpd: Invalid argument
2025-11-21T07:03:37.068332+00:00 mail postfix/postfix-script[11866]: starting the Postfix mail system
2025-11-21T07:03:37.078513+00:00 mail postfix/master[11867]: fatal: chmod socket private/smtpd: Invalid argument
2025-11-21T07:03:43.777706+00:00 mail postfix/postfix-script[11945]: starting the Postfix mail system
2025-11-21T07:03:43.791527+00:00 mail postfix/master[11946]: fatal: chmod socket private/smtpd: Invalid argument
2025-11-21T07:03:49.519392+00:00 mail postfix/postfix-script[12024]: starting the Postfix mail system
2025-11-21T07:03:49.532214+00:00 mail postfix/master[12025]: fatal: chmod socket private/smtpd: Invalid argument
2025-11-21T07:03:55.580626+00:00 mail postfix/postfix-script[12103]: starting the Postfix mail system
2025-11-21T07:03:55.590635+00:00 mail postfix/master[12104]: fatal: chmod socket private/smtpd: Invalid argument
2025-11-21T07:04:01.670845+00:00 mail postfix/postfix-script[12182]: starting the Postfix mail system
2025-11-21T07:04:01.700911+00:00 mail postfix/master[12183]: fatal: chmod socket private/smtpd: Invalid argument
2025-11-21T07:04:08.141210+00:00 mail postfix/postfix-script[12261]: starting the Postfix mail system
2025-11-21T07:04:08.152151+00:00 mail postfix/master[12262]: fatal: chmod socket private/smtpd: Invalid argument
2025-11-21T07:04:14.527596+00:00 mail postfix/postfix-script[12343]: starting the Postfix mail system
2025-11-21T07:04:14.542792+00:00 mail postfix/master[12344]: fatal: chmod socket private/smtpd: Invalid argument
2025-11-21T07:04:20.339743+00:00 mail postfix/postfix-script[12422]: starting the Postfix mail system
2025-11-21T07:04:20.348339+00:00 mail postfix/master[12423]: fatal: chmod socket private/smtpd: Invalid argument
2025-11-21T07:04:26.550498+00:00 mail postfix/postfix-script[12501]: starting the Postfix mail system
2025-11-21T07:04:26.563641+00:00 mail postfix/master[12502]: fatal: chmod socket private/smtpd: Invalid argument
2025-11-21T07:04:32.674867+00:00 mail postfix/postfix-script[12580]: starting the Postfix mail system
2025-11-21T07:04:32.682502+00:00 mail postfix/master[12581]: fatal: chmod socket private/smtpd: Invalid argument
2025-11-21T07:04:38.725331+00:00 mail postfix/postfix-script[12659]: starting the Postfix mail system
2025-11-21T07:04:38.733824+00:00 mail postfix/master[12660]: fatal: chmod socket private/smtpd: Invalid argument
2025-11-21T07:04:44.746375+00:00 mail postfix/postfix-script[12738]: starting the Postfix mail system
2025-11-21T07:04:44.753175+00:00 mail postfix/master[12739]: fatal: chmod socket private/smtpd: Invalid argument
2025-11-21T07:04:50.864692+00:00 mail postfix/postfix-script[12817]: starting the Postfix mail system
2025-11-21T07:04:50.879172+00:00 mail postfix/master[12818]: fatal: chmod socket private/smtpd: Invalid argument
2025-11-21T07:04:56.952556+00:00 mail postfix/postfix-script[12896]: starting the Postfix mail system
2025-11-21T07:04:56.960420+00:00 mail postfix/master[12897]: fatal: chmod socket private/smtpd: Invalid argument
2025-11-21T07:05:03.181108+00:00 mail postfix/postfix-script[12975]: starting the Postfix mail system
2025-11-21T07:05:03.194397+00:00 mail postfix/master[12976]: fatal: chmod socket private/smtpd: Invalid argument
2025-11-21T07:05:09.161294+00:00 mail postfix/postfix-script[13054]: starting the Postfix mail system
2025-11-21T07:05:09.169512+00:00 mail postfix/master[13055]: fatal: chmod socket private/smtpd: Invalid argument
2025-11-21T07:05:15.268859+00:00 mail postfix/postfix-script[13133]: starting the Postfix mail system
2025-11-21T07:05:15.279996+00:00 mail postfix/master[13134]: fatal: chmod socket private/smtpd: Invalid argument
2025-11-21T07:05:21.395958+00:00 mail postfix/postfix-script[13212]: starting the Postfix mail system
2025-11-21T07:05:21.404022+00:00 mail postfix/master[13213]: fatal: chmod socket private/smtpd: Invalid argument
2025-11-21T07:05:27.477168+00:00 mail postfix/postfix-script[13291]: starting the Postfix mail system
2025-11-21T07:05:27.484348+00:00 mail postfix/master[13292]: fatal: chmod socket private/smtpd: Invalid argument
2025-11-21T07:05:33.604913+00:00 mail postfix/postfix-script[13370]: starting the Postfix mail system
2025-11-21T07:05:33.614740+00:00 mail postfix/master[13371]: fatal: chmod socket private/smtpd: Invalid argument
2025-11-21T07:05:39.697166+00:00 mail postfix/postfix-script[13449]: starting the Postfix mail system
2025-11-21T07:05:39.705486+00:00 mail postfix/master[13450]: fatal: chmod socket private/smtpd: Invalid argument
2025-11-21T07:05:45.754853+00:00 mail postfix/postfix-script[13528]: starting the Postfix mail system
2025-11-21T07:05:45.763176+00:00 mail postfix/master[13529]: fatal: chmod socket private/smtpd: Invalid argument
2025-11-21T07:05:51.916451+00:00 mail postfix/postfix-script[13607]: starting the Postfix mail system
2025-11-21T07:05:51.931539+00:00 mail postfix/master[13608]: fatal: chmod socket private/smtpd: Invalid argument
2025-11-21T07:05:57.939353+00:00 mail postfix/postfix-script[13686]: starting the Postfix mail system
2025-11-21T07:05:57.949190+00:00 mail postfix/master[13687]: fatal: chmod socket private/smtpd: Invalid argument
2025-11-21T07:06:04.052074+00:00 mail postfix/postfix-script[13765]: starting the Postfix mail system
2025-11-21T07:06:04.062425+00:00 mail postfix/master[13766]: fatal: chmod socket private/smtpd: Invalid argument
2025-11-21T07:06:10.147200+00:00 mail postfix/postfix-script[13844]: starting the Postfix mail system
2025-11-21T07:06:10.157334+00:00 mail postfix/master[13845]: fatal: chmod socket private/smtpd: Invalid argument
2025-11-21T07:06:16.226335+00:00 mail postfix/postfix-script[13923]: starting the Postfix mail system
2025-11-21T07:06:16.234340+00:00 mail postfix/master[13924]: fatal: chmod socket private/smtpd: Invalid argument
2025-11-21T07:06:22.315377+00:00 mail postfix/postfix-script[14002]: starting the Postfix mail system
2025-11-21T07:06:22.324771+00:00 mail postfix/master[14003]: fatal: chmod socket private/smtpd: Invalid argument
2025-11-21T07:06:28.442383+00:00 mail postfix/postfix-script[14081]: starting the Postfix mail system
2025-11-21T07:06:28.451905+00:00 mail postfix/master[14082]: fatal: chmod socket private/smtpd: Invalid argument
2025-11-21T07:06:34.519275+00:00 mail postfix/postfix-script[14160]: starting the Postfix mail system
2025-11-21T07:06:34.527564+00:00 mail postfix/master[14161]: fatal: chmod socket private/smtpd: Invalid argument
2025-11-21T07:06:40.683347+00:00 mail postfix/postfix-script[14239]: starting the Postfix mail system
2025-11-21T07:06:40.691575+00:00 mail postfix/master[14240]: fatal: chmod socket private/smtpd: Invalid argument
2025-11-21T07:06:46.878291+00:00 mail postfix/postfix-script[14318]: starting the Postfix mail system
2025-11-21T07:06:46.887000+00:00 mail postfix/master[14319]: fatal: chmod socket private/smtpd: Invalid argument
2025-11-21T07:06:52.899777+00:00 mail postfix/postfix-script[14397]: starting the Postfix mail system
2025-11-21T07:06:52.911868+00:00 mail postfix/master[14398]: fatal: chmod socket private/smtpd: Invalid argument
2025-11-21T07:06:59.041255+00:00 mail postfix/postfix-script[14476]: starting the Postfix mail system
2025-11-21T07:06:59.049232+00:00 mail postfix/master[14477]: fatal: chmod socket private/smtpd: Invalid argument
2025-11-21T07:07:05.149615+00:00 mail postfix/postfix-script[14555]: starting the Postfix mail system
2025-11-21T07:07:05.161719+00:00 mail postfix/master[14556]: fatal: chmod socket private/smtpd: Invalid argument
2025-11-21T07:07:11.008074+00:00 mail postfix/postfix-script[14634]: starting the Postfix mail system
2025-11-21T07:07:11.013275+00:00 mail postfix/master[14635]: fatal: chmod socket private/smtpd: Invalid argument
2025-11-21T07:07:17.098426+00:00 mail postfix/postfix-script[14713]: starting the Postfix mail system
2025-11-21T07:07:17.103721+00:00 mail postfix/master[14714]: fatal: chmod socket private/smtpd: Invalid argument
2025-11-21T07:07:23.177280+00:00 mail postfix/postfix-script[14792]: starting the Postfix mail system
2025-11-21T07:07:23.241039+00:00 mail postfix/master[14793]: fatal: chmod socket private/smtpd: Invalid argument
2025-11-21T07:07:29.256462+00:00 mail postfix/postfix-script[14871]: starting the Postfix mail system
2025-11-21T07:07:29.261932+00:00 mail postfix/master[14872]: fatal: chmod socket private/smtpd: Invalid argument
2025-11-21T07:07:35.348025+00:00 mail postfix/postfix-script[14950]: starting the Postfix mail system
2025-11-21T07:07:35.354293+00:00 mail postfix/master[14951]: fatal: chmod socket private/smtpd: Invalid argument
2025-11-21T07:07:41.413490+00:00 mail postfix/postfix-script[15029]: starting the Postfix mail system
2025-11-21T07:07:41.419578+00:00 mail postfix/master[15030]: fatal: chmod socket private/smtpd: Invalid argument
2025-11-21T07:07:47.515560+00:00 mail postfix/postfix-script[15108]: starting the Postfix mail system
2025-11-21T07:07:47.521184+00:00 mail postfix/master[15109]: fatal: chmod socket private/smtpd: Invalid argument
2025-11-21T07:07:53.591494+00:00 mail postfix/postfix-script[15187]: starting the Postfix mail system
2025-11-21T07:07:53.597491+00:00 mail postfix/master[15188]: fatal: chmod socket private/smtpd: Invalid argument
2025-11-21T07:07:59.667601+00:00 mail postfix/postfix-script[15269]: starting the Postfix mail system
2025-11-21T07:07:59.673609+00:00 mail postfix/master[15270]: fatal: chmod socket private/smtpd: Invalid argument
2025-11-21T07:08:05.936606+00:00 mail postfix/postfix-script[15348]: starting the Postfix mail system
2025-11-21T07:08:05.946965+00:00 mail postfix/master[15349]: fatal: chmod socket private/smtpd: Invalid argument
2025-11-21T07:08:11.865463+00:00 mail postfix/postfix-script[15427]: starting the Postfix mail system
2025-11-21T07:08:11.874254+00:00 mail postfix/master[15428]: fatal: chmod socket private/smtpd: Invalid argument
2025-11-21T07:08:17.922958+00:00 mail postfix/postfix-script[15506]: starting the Postfix mail system
2025-11-21T07:08:17.929405+00:00 mail postfix/master[15507]: fatal: chmod socket private/smtpd: Invalid argument
2025-11-21T07:08:24.026596+00:00 mail postfix/postfix-script[15585]: starting the Postfix mail system
2025-11-21T07:08:24.032697+00:00 mail postfix/master[15586]: fatal: chmod socket private/smtpd: Invalid argument
2025-11-21T07:08:30.109301+00:00 mail postfix/postfix-script[15664]: starting the Postfix mail system
2025-11-21T07:08:30.114797+00:00 mail postfix/master[15665]: fatal: chmod socket private/smtpd: Invalid argument
2025-11-21T07:08:36.203784+00:00 mail postfix/postfix-script[15743]: starting the Postfix mail system
2025-11-21T07:08:36.209260+00:00 mail postfix/master[15744]: fatal: chmod socket private/smtpd: Invalid argument
2025-11-21T07:08:42.280278+00:00 mail postfix/postfix-script[15822]: starting the Postfix mail system
2025-11-21T07:08:42.286093+00:00 mail postfix/master[15823]: fatal: chmod socket private/smtpd: Invalid argument
2025-11-21T07:08:48.347340+00:00 mail postfix/postfix-script[15901]: starting the Postfix mail system
2025-11-21T07:08:48.352926+00:00 mail postfix/master[15902]: fatal: chmod socket private/smtpd: Invalid argument
2025-11-21T07:08:54.428392+00:00 mail postfix/postfix-script[15980]: starting the Postfix mail system
2025-11-21T07:08:54.433408+00:00 mail postfix/master[15981]: fatal: chmod socket private/smtpd: Invalid argument
2025-11-21T07:09:00.534798+00:00 mail postfix/postfix-script[16059]: starting the Postfix mail system
2025-11-21T07:09:00.539636+00:00 mail postfix/master[16060]: fatal: chmod socket private/smtpd: Invalid argument
2025-11-21T07:09:07.016069+00:00 mail postfix/postfix-script[16138]: starting the Postfix mail system
2025-11-21T07:09:07.043734+00:00 mail postfix/master[16139]: fatal: chmod socket private/smtpd: Invalid argument
2025-11-21T07:09:12.788474+00:00 mail postfix/postfix-script[16217]: starting the Postfix mail system
2025-11-21T07:09:12.793767+00:00 mail postfix/master[16218]: fatal: chmod socket private/smtpd: Invalid argument
2025-11-21T07:09:18.823530+00:00 mail postfix/postfix-script[16296]: starting the Postfix mail system
2025-11-21T07:09:18.829034+00:00 mail postfix/master[16297]: fatal: chmod socket private/smtpd: Invalid argument
2025-11-21T07:09:24.900417+00:00 mail postfix/postfix-script[16375]: starting the Postfix mail system
2025-11-21T07:09:24.907543+00:00 mail postfix/master[16376]: fatal: chmod socket private/smtpd: Invalid argument
2025-11-21T07:09:30.981446+00:00 mail postfix/postfix-script[16454]: starting the Postfix mail system
2025-11-21T07:09:30.988049+00:00 mail postfix/master[16455]: fatal: chmod socket private/smtpd: Invalid argument
2025-11-21T07:09:37.062122+00:00 mail postfix/postfix-script[16533]: starting the Postfix mail system
2025-11-21T07:09:37.068559+00:00 mail postfix/master[16534]: fatal: chmod socket private/smtpd: Invalid argument
2025-11-21T07:09:43.124065+00:00 mail postfix/postfix-script[16612]: starting the Postfix mail system
2025-11-21T07:09:43.129540+00:00 mail postfix/master[16613]: fatal: chmod socket private/smtpd: Invalid argument
2025-11-21T07:09:49.207166+00:00 mail postfix/postfix-script[16691]: starting the Postfix mail system
2025-11-21T07:09:49.214105+00:00 mail postfix/master[16692]: fatal: chmod socket private/smtpd: Invalid argument
2025-11-21T07:09:55.300330+00:00 mail postfix/postfix-script[16770]: starting the Postfix mail system
2025-11-21T07:09:55.306184+00:00 mail postfix/master[16771]: fatal: chmod socket private/smtpd: Invalid argument
2025-11-21T07:10:01.382450+00:00 mail postfix/postfix-script[16849]: starting the Postfix mail system
2025-11-21T07:10:01.388616+00:00 mail postfix/master[16850]: fatal: chmod socket private/smtpd: Invalid argument
2025-11-21T07:10:07.462641+00:00 mail postfix/postfix-script[16928]: starting the Postfix mail system
2025-11-21T07:10:07.468302+00:00 mail postfix/master[16929]: fatal: chmod socket private/smtpd: Invalid argument
2025-11-21T07:10:13.524649+00:00 mail postfix/postfix-script[17007]: starting the Postfix mail system
2025-11-21T07:10:13.529892+00:00 mail postfix/master[17008]: fatal: chmod socket private/smtpd: Invalid argument
2025-11-21T07:10:19.581735+00:00 mail postfix/postfix-script[17086]: starting the Postfix mail system
2025-11-21T07:10:19.588063+00:00 mail postfix/master[17087]: fatal: chmod socket private/smtpd: Invalid argument
2025-11-21T07:10:25.655309+00:00 mail postfix/postfix-script[17165]: starting the Postfix mail system
2025-11-21T07:10:25.661526+00:00 mail postfix/master[17166]: fatal: chmod socket private/smtpd: Invalid argument
2025-11-21T07:10:31.744492+00:00 mail postfix/postfix-script[17244]: starting the Postfix mail system
2025-11-21T07:10:31.750118+00:00 mail postfix/master[17245]: fatal: chmod socket private/smtpd: Invalid argument
2025-11-21T07:10:37.824848+00:00 mail postfix/postfix-script[17323]: starting the Postfix mail system
2025-11-21T07:10:37.830607+00:00 mail postfix/master[17324]: fatal: chmod socket private/smtpd: Invalid argument
2025-11-21T07:10:44.177811+00:00 mail postfix/postfix-script[17402]: starting the Postfix mail system
2025-11-21T07:10:44.205770+00:00 mail postfix/master[17403]: fatal: chmod socket private/smtpd: Invalid argument
2025-11-21T07:10:50.042777+00:00 mail postfix/postfix-script[17481]: starting the Postfix mail system
2025-11-21T07:10:50.049121+00:00 mail postfix/master[17482]: fatal: chmod socket private/smtpd: Invalid argument
2025-11-21T07:10:56.132158+00:00 mail postfix/postfix-script[17560]: starting the Postfix mail system
2025-11-21T07:10:56.137344+00:00 mail postfix/master[17561]: fatal: chmod socket private/smtpd: Invalid argument
2025-11-21T07:11:02.221092+00:00 mail postfix/postfix-script[17639]: starting the Postfix mail system
2025-11-21T07:11:02.226374+00:00 mail postfix/master[17640]: fatal: chmod socket private/smtpd: Invalid argument
2025-11-21T07:11:08.297038+00:00 mail postfix/postfix-script[17718]: starting the Postfix mail system
2025-11-21T07:11:08.301955+00:00 mail postfix/master[17719]: fatal: chmod socket private/smtpd: Invalid argument
2025-11-21T07:11:14.447452+00:00 mail postfix/postfix-script[17797]: starting the Postfix mail system
2025-11-21T07:11:14.453412+00:00 mail postfix/master[17798]: fatal: chmod socket private/smtpd: Invalid argument
2025-11-21T07:11:20.462384+00:00 mail postfix/postfix-script[17876]: starting the Postfix mail system
2025-11-21T07:11:20.467279+00:00 mail postfix/master[17877]: fatal: chmod socket private/smtpd: Invalid argument
2025-11-21T07:11:26.687204+00:00 mail postfix/postfix-script[17955]: starting the Postfix mail system
2025-11-21T07:11:26.694789+00:00 mail postfix/master[17956]: fatal: chmod socket private/smtpd: Invalid argument
2025-11-21T07:11:32.647642+00:00 mail postfix/postfix-script[18034]: starting the Postfix mail system
2025-11-21T07:11:32.652653+00:00 mail postfix/master[18035]: fatal: chmod socket private/smtpd: Invalid argument
2025-11-21T07:11:38.739817+00:00 mail postfix/postfix-script[18113]: starting the Postfix mail system
2025-11-21T07:11:38.744883+00:00 mail postfix/master[18114]: fatal: chmod socket private/smtpd: Invalid argument
2025-11-21T07:11:44.809881+00:00 mail postfix/postfix-script[18192]: starting the Postfix mail system
2025-11-21T07:11:44.814886+00:00 mail postfix/master[18193]: fatal: chmod socket private/smtpd: Invalid argument
2025-11-21T07:11:50.901159+00:00 mail postfix/postfix-script[18271]: starting the Postfix mail system
2025-11-21T07:11:50.906239+00:00 mail postfix/master[18272]: fatal: chmod socket private/smtpd: Invalid argument
2025-11-21T07:11:56.990838+00:00 mail postfix/postfix-script[18350]: starting the Postfix mail system
2025-11-21T07:11:56.995835+00:00 mail postfix/master[18351]: fatal: chmod socket private/smtpd: Invalid argument
2025-11-21T07:12:03.134566+00:00 mail postfix/postfix-script[18429]: starting the Postfix mail system
2025-11-21T07:12:03.140579+00:00 mail postfix/master[18430]: fatal: chmod socket private/smtpd: Invalid argument
2025-11-21T07:12:09.152079+00:00 mail postfix/postfix-script[18508]: starting the Postfix mail system
2025-11-21T07:12:09.158124+00:00 mail postfix/master[18509]: fatal: chmod socket private/smtpd: Invalid argument
2025-11-21T07:12:15.247756+00:00 mail postfix/postfix-script[18587]: starting the Postfix mail system
2025-11-21T07:12:15.254082+00:00 mail postfix/master[18588]: fatal: chmod socket private/smtpd: Invalid argument
2025-11-21T07:12:21.393845+00:00 mail postfix/postfix-script[18669]: starting the Postfix mail system
2025-11-21T07:12:21.400026+00:00 mail postfix/master[18670]: fatal: chmod socket private/smtpd: Invalid argument
2025-11-21T07:12:27.832911+00:00 mail postfix/postfix-script[18748]: starting the Postfix mail system
2025-11-21T07:12:27.845737+00:00 mail postfix/master[18749]: fatal: chmod socket private/smtpd: Invalid argument
2025-11-21T07:12:34.412113+00:00 mail postfix/postfix-script[18827]: starting the Postfix mail system
2025-11-21T07:12:34.442377+00:00 mail postfix/master[18828]: fatal: chmod socket private/smtpd: Invalid argument
2025-11-21T07:12:41.179393+00:00 mail postfix/postfix-script[18906]: starting the Postfix mail system
2025-11-21T07:12:41.196582+00:00 mail postfix/master[18907]: fatal: chmod socket private/smtpd: Invalid argument
2025-11-21T07:12:46.826270+00:00 mail postfix/postfix-script[18985]: starting the Postfix mail system
2025-11-21T07:12:46.833974+00:00 mail postfix/master[18986]: fatal: chmod socket private/smtpd: Invalid argument
2025-11-21T07:12:53.468346+00:00 mail postfix/postfix-script[19064]: starting the Postfix mail system
2025-11-21T07:12:53.477519+00:00 mail postfix/master[19065]: fatal: chmod socket private/smtpd: Invalid argument
2025-11-21T07:12:59.135881+00:00 mail postfix/postfix-script[19143]: starting the Postfix mail system
2025-11-21T07:12:59.141655+00:00 mail postfix/master[19144]: fatal: chmod socket private/smtpd: Invalid argument
2025-11-21T07:13:05.203749+00:00 mail postfix/postfix-script[19222]: starting the Postfix mail system
2025-11-21T07:13:05.209959+00:00 mail postfix/master[19223]: fatal: chmod socket private/smtpd: Invalid argument
2025-11-21T07:13:11.278652+00:00 mail postfix/postfix-script[19301]: starting the Postfix mail system
2025-11-21T07:13:11.283623+00:00 mail postfix/master[19302]: fatal: chmod socket private/smtpd: Invalid argument
2025-11-21T07:13:17.414190+00:00 mail postfix/postfix-script[19380]: starting the Postfix mail system
2025-11-21T07:13:17.420443+00:00 mail postfix/master[19381]: fatal: chmod socket private/smtpd: Invalid argument
2025-11-21T07:13:24.263787+00:00 mail postfix/postfix-script[19462]: starting the Postfix mail system
2025-11-21T07:13:24.279121+00:00 mail postfix/master[19463]: fatal: chmod socket private/smtpd: Invalid argument
2025-11-21T07:13:29.812076+00:00 mail postfix/postfix-script[19538]: starting the Postfix mail system
2025-11-21T07:13:29.818163+00:00 mail postfix/master[19539]: fatal: chmod socket private/smtpd: Invalid argument
2025-11-21T07:13:36.337164+00:00 mail postfix/postfix-script[19620]: starting the Postfix mail system
2025-11-21T07:13:36.349329+00:00 mail postfix/master[19621]: fatal: chmod socket private/smtpd: Invalid argument
2025-11-21T07:13:42.131306+00:00 mail postfix/postfix-script[19699]: starting the Postfix mail system
2025-11-21T07:13:42.138847+00:00 mail postfix/master[19700]: fatal: chmod socket private/smtpd: Invalid argument
2025-11-21T07:13:48.305029+00:00 mail postfix/postfix-script[19778]: starting the Postfix mail system
2025-11-21T07:13:48.311076+00:00 mail postfix/master[19779]: fatal: chmod socket private/smtpd: Invalid argument
2025-11-21T07:13:54.395835+00:00 mail postfix/postfix-script[19857]: starting the Postfix mail system
2025-11-21T07:13:54.400845+00:00 mail postfix/master[19858]: fatal: chmod socket private/smtpd: Invalid argument
2025-11-21T07:14:00.477328+00:00 mail postfix/postfix-script[19936]: starting the Postfix mail system
2025-11-21T07:14:00.484792+00:00 mail postfix/master[19937]: fatal: chmod socket private/smtpd: Invalid argument
2025-11-21T07:14:06.571316+00:00 mail postfix/postfix-script[20015]: starting the Postfix mail system
2025-11-21T07:14:06.577702+00:00 mail postfix/master[20016]: fatal: chmod socket private/smtpd: Invalid argument
2025-11-21T07:14:12.639379+00:00 mail postfix/postfix-script[20094]: starting the Postfix mail system
2025-11-21T07:14:12.644983+00:00 mail postfix/master[20095]: fatal: chmod socket private/smtpd: Invalid argument
2025-11-21T07:14:18.750362+00:00 mail postfix/postfix-script[20173]: starting the Postfix mail system
2025-11-21T07:14:18.756954+00:00 mail postfix/master[20174]: fatal: chmod socket private/smtpd: Invalid argument
2025-11-21T07:14:24.811043+00:00 mail postfix/postfix-script[20252]: starting the Postfix mail system
2025-11-21T07:14:24.815988+00:00 mail postfix/master[20253]: fatal: chmod socket private/smtpd: Invalid argument
2025-11-21T07:14:31.285868+00:00 mail postfix/postfix-script[20331]: starting the Postfix mail system
2025-11-21T07:14:31.299763+00:00 mail postfix/master[20332]: fatal: chmod socket private/smtpd: Invalid argument
2025-11-21T07:14:37.171250+00:00 mail postfix/postfix-script[20410]: starting the Postfix mail system
2025-11-21T07:14:37.178019+00:00 mail postfix/master[20411]: fatal: chmod socket private/smtpd: Invalid argument
2025-11-21T07:14:43.242864+00:00 mail postfix/postfix-script[20489]: starting the Postfix mail system
2025-11-21T07:14:43.256344+00:00 mail postfix/master[20490]: fatal: chmod socket private/smtpd: Invalid argument
2025-11-21T07:14:49.585448+00:00 mail postfix/postfix-script[20568]: starting the Postfix mail system
2025-11-21T07:14:49.593336+00:00 mail postfix/master[20569]: fatal: chmod socket private/smtpd: Invalid argument
2025-11-21T07:14:55.626372+00:00 mail postfix/postfix-script[20647]: starting the Postfix mail system
2025-11-21T07:14:55.633932+00:00 mail postfix/master[20648]: fatal: chmod socket private/smtpd: Invalid argument
2025-11-21T07:15:01.662627+00:00 mail postfix/postfix-script[20726]: starting the Postfix mail system
2025-11-21T07:15:01.671790+00:00 mail postfix/master[20727]: fatal: chmod socket private/smtpd: Invalid argument
2025-11-21T07:15:07.747926+00:00 mail postfix/postfix-script[20805]: starting the Postfix mail system
2025-11-21T07:15:07.755121+00:00 mail postfix/master[20806]: fatal: chmod socket private/smtpd: Invalid argument
2025-11-21T07:15:13.852895+00:00 mail postfix/postfix-script[20884]: starting the Postfix mail system
2025-11-21T07:15:13.861029+00:00 mail postfix/master[20885]: fatal: chmod socket private/smtpd: Invalid argument
2025-11-21T07:15:19.939720+00:00 mail postfix/postfix-script[20963]: starting the Postfix mail system
2025-11-21T07:15:19.948515+00:00 mail postfix/master[20964]: fatal: chmod socket private/smtpd: Invalid argument
2025-11-21T07:15:26.038064+00:00 mail postfix/postfix-script[21042]: starting the Postfix mail system
2025-11-21T07:15:26.045734+00:00 mail postfix/master[21043]: fatal: chmod socket private/smtpd: Invalid argument
2025-11-21T07:15:32.115947+00:00 mail postfix/postfix-script[21121]: starting the Postfix mail system
2025-11-21T07:15:32.123598+00:00 mail postfix/master[21122]: fatal: chmod socket private/smtpd: Invalid argument
2025-11-21T07:15:38.217500+00:00 mail postfix/postfix-script[21200]: starting the Postfix mail system
2025-11-21T07:15:38.225754+00:00 mail postfix/master[21201]: fatal: chmod socket private/smtpd: Invalid argument
2025-11-21T07:15:44.314630+00:00 mail postfix/postfix-script[21279]: starting the Postfix mail system
2025-11-21T07:15:44.322262+00:00 mail postfix/master[21280]: fatal: chmod socket private/smtpd: Invalid argument
2025-11-21T07:15:50.583706+00:00 mail postfix/postfix-script[21358]: starting the Postfix mail system
2025-11-21T07:15:50.596480+00:00 mail postfix/master[21359]: fatal: chmod socket private/smtpd: Invalid argument
2025-11-21T07:15:56.541675+00:00 mail postfix/postfix-script[21437]: starting the Postfix mail system
2025-11-21T07:15:56.551066+00:00 mail postfix/master[21438]: fatal: chmod socket private/smtpd: Invalid argument
2025-11-21T07:16:02.638692+00:00 mail postfix/postfix-script[21516]: starting the Postfix mail system
2025-11-21T07:16:02.647764+00:00 mail postfix/master[21517]: fatal: chmod socket private/smtpd: Invalid argument
2025-11-21T07:16:08.739644+00:00 mail postfix/postfix-script[21595]: starting the Postfix mail system
2025-11-21T07:16:08.747812+00:00 mail postfix/master[21596]: fatal: chmod socket private/smtpd: Invalid argument
2025-11-21T07:16:14.839988+00:00 mail postfix/postfix-script[21674]: starting the Postfix mail system
2025-11-21T07:16:14.847827+00:00 mail postfix/master[21675]: fatal: chmod socket private/smtpd: Invalid argument
2025-11-21T07:16:20.924198+00:00 mail postfix/postfix-script[21753]: starting the Postfix mail system
2025-11-21T07:16:20.933074+00:00 mail postfix/master[21754]: fatal: chmod socket private/smtpd: Invalid argument
2025-11-21T07:16:27.071895+00:00 mail postfix/postfix-script[21832]: starting the Postfix mail system
2025-11-21T07:16:27.079075+00:00 mail postfix/master[21833]: fatal: chmod socket private/smtpd: Invalid argument
2025-11-21T07:16:33.243310+00:00 mail postfix/postfix-script[21914]: starting the Postfix mail system
2025-11-21T07:16:33.252619+00:00 mail postfix/master[21915]: fatal: chmod socket private/smtpd: Invalid argument
2025-11-21T07:16:39.225832+00:00 mail postfix/postfix-script[21993]: starting the Postfix mail system
2025-11-21T07:16:39.234121+00:00 mail postfix/master[21994]: fatal: chmod socket private/smtpd: Invalid argument
2025-11-21T07:16:45.375169+00:00 mail postfix/postfix-script[22072]: starting the Postfix mail system
2025-11-21T07:16:45.384523+00:00 mail postfix/master[22073]: fatal: chmod socket private/smtpd: Invalid argument
2025-11-21T07:16:51.652626+00:00 mail postfix/postfix-script[22151]: starting the Postfix mail system
2025-11-21T07:16:51.660585+00:00 mail postfix/master[22152]: fatal: chmod socket private/smtpd: Invalid argument
2025-11-21T07:16:57.560485+00:00 mail postfix/postfix-script[22230]: starting the Postfix mail system
2025-11-21T07:16:57.568681+00:00 mail postfix/master[22231]: fatal: chmod socket private/smtpd: Invalid argument
2025-11-21T07:17:03.681607+00:00 mail postfix/postfix-script[22312]: starting the Postfix mail system
2025-11-21T07:17:03.690548+00:00 mail postfix/master[22313]: fatal: chmod socket private/smtpd: Invalid argument
2025-11-21T07:17:09.774947+00:00 mail postfix/postfix-script[22391]: starting the Postfix mail system
2025-11-21T07:17:09.782521+00:00 mail postfix/master[22392]: fatal: chmod socket private/smtpd: Invalid argument
2025-11-21T07:17:15.964561+00:00 mail postfix/postfix-script[22470]: starting the Postfix mail system
2025-11-21T07:17:15.975070+00:00 mail postfix/master[22471]: fatal: chmod socket private/smtpd: Invalid argument
2025-11-21T07:17:22.384920+00:00 mail postfix/postfix-script[22549]: starting the Postfix mail system
2025-11-21T07:17:22.396492+00:00 mail postfix/master[22550]: fatal: chmod socket private/smtpd: Invalid argument
2025-11-21T07:17:28.765530+00:00 mail postfix/postfix-script[22628]: starting the Postfix mail system
2025-11-21T07:17:28.776933+00:00 mail postfix/master[22629]: fatal: chmod socket private/smtpd: Invalid argument
2025-11-21T07:17:34.809395+00:00 mail postfix/postfix-script[22707]: starting the Postfix mail system
2025-11-21T07:17:34.829536+00:00 mail postfix/master[22708]: fatal: chmod socket private/smtpd: Invalid argument
2025-11-21T07:17:40.596462+00:00 mail postfix/postfix-script[22786]: starting the Postfix mail system
2025-11-21T07:17:40.605479+00:00 mail postfix/master[22787]: fatal: chmod socket private/smtpd: Invalid argument
2025-11-21T07:17:46.824026+00:00 mail postfix/postfix-script[22865]: starting the Postfix mail system
2025-11-21T07:17:46.837519+00:00 mail postfix/master[22866]: fatal: chmod socket private/smtpd: Invalid argument
2025-11-21T07:17:52.802721+00:00 mail postfix/postfix-script[22944]: starting the Postfix mail system
2025-11-21T07:17:52.810065+00:00 mail postfix/master[22945]: fatal: chmod socket private/smtpd: Invalid argument
2025-11-21T07:17:58.983301+00:00 mail postfix/postfix-script[23023]: starting the Postfix mail system
2025-11-21T07:17:58.993128+00:00 mail postfix/master[23024]: fatal: chmod socket private/smtpd: Invalid argument
2025-11-21T07:18:05.446608+00:00 mail postfix/postfix-script[23102]: starting the Postfix mail system
2025-11-21T07:18:05.471050+00:00 mail postfix/master[23103]: fatal: chmod socket private/smtpd: Invalid argument
2025-11-21T07:18:11.738092+00:00 mail postfix/postfix-script[23181]: starting the Postfix mail system
2025-11-21T07:18:11.751802+00:00 mail postfix/master[23182]: fatal: chmod socket private/smtpd: Invalid argument
2025-11-21T07:18:17.993121+00:00 mail postfix/postfix-script[23263]: starting the Postfix mail system
2025-11-21T07:18:18.008338+00:00 mail postfix/master[23264]: fatal: chmod socket private/smtpd: Invalid argument
2025-11-21T07:18:23.887238+00:00 mail postfix/postfix-script[23339]: starting the Postfix mail system
2025-11-21T07:18:23.898343+00:00 mail postfix/master[23340]: fatal: chmod socket private/smtpd: Invalid argument
2025-11-21T07:18:29.969458+00:00 mail postfix/postfix-script[23418]: starting the Postfix mail system
2025-11-21T07:18:29.979772+00:00 mail postfix/master[23419]: fatal: chmod socket private/smtpd: Invalid argument
2025-11-21T07:18:36.322189+00:00 mail postfix/postfix-script[23500]: starting the Postfix mail system
2025-11-21T07:18:36.332208+00:00 mail postfix/master[23501]: fatal: chmod socket private/smtpd: Invalid argument
2025-11-21T07:18:42.214438+00:00 mail postfix/postfix-script[23579]: starting the Postfix mail system
2025-11-21T07:18:42.222845+00:00 mail postfix/master[23580]: fatal: chmod socket private/smtpd: Invalid argument
2025-11-21T07:18:48.453874+00:00 mail postfix/postfix-script[23658]: starting the Postfix mail system
2025-11-21T07:18:48.461633+00:00 mail postfix/master[23659]: fatal: chmod socket private/smtpd: Invalid argument
2025-11-21T07:18:54.444691+00:00 mail postfix/postfix-script[23737]: starting the Postfix mail system
2025-11-21T07:18:54.454575+00:00 mail postfix/master[23738]: fatal: chmod socket private/smtpd: Invalid argument
2025-11-21T07:19:00.644229+00:00 mail postfix/postfix-script[23816]: starting the Postfix mail system
2025-11-21T07:19:00.653379+00:00 mail postfix/master[23817]: fatal: chmod socket private/smtpd: Invalid argument
2025-11-21T07:19:06.755018+00:00 mail postfix/postfix-script[23895]: starting the Postfix mail system
2025-11-21T07:19:06.767943+00:00 mail postfix/master[23896]: fatal: chmod socket private/smtpd: Invalid argument
2025-11-21T07:19:12.803126+00:00 mail postfix/postfix-script[23974]: starting the Postfix mail system
2025-11-21T07:19:12.812254+00:00 mail postfix/master[23975]: fatal: chmod socket private/smtpd: Invalid argument
2025-11-21T07:19:18.941228+00:00 mail postfix/postfix-script[24053]: starting the Postfix mail system
2025-11-21T07:19:18.950303+00:00 mail postfix/master[24054]: fatal: chmod socket private/smtpd: Invalid argument
2025-11-21T07:19:24.951903+00:00 mail postfix/postfix-script[24132]: starting the Postfix mail system
2025-11-21T07:19:24.960548+00:00 mail postfix/master[24133]: fatal: chmod socket private/smtpd: Invalid argument
2025-11-21T07:19:31.057376+00:00 mail postfix/postfix-script[24211]: starting the Postfix mail system
2025-11-21T07:19:31.064600+00:00 mail postfix/master[24212]: fatal: chmod socket private/smtpd: Invalid argument
2025-11-21T07:19:37.210211+00:00 mail postfix/postfix-script[24290]: starting the Postfix mail system
2025-11-21T07:19:37.220677+00:00 mail postfix/master[24291]: fatal: chmod socket private/smtpd: Invalid argument
2025-11-21T07:19:43.280368+00:00 mail postfix/postfix-script[24369]: starting the Postfix mail system
2025-11-21T07:19:43.289170+00:00 mail postfix/master[24370]: fatal: chmod socket private/smtpd: Invalid argument
2025-11-21T07:19:49.360152+00:00 mail postfix/postfix-script[24448]: starting the Postfix mail system
2025-11-21T07:19:49.369997+00:00 mail postfix/master[24449]: fatal: chmod socket private/smtpd: Invalid argument
2025-11-21T07:19:55.488709+00:00 mail postfix/postfix-script[24527]: starting the Postfix mail system
2025-11-21T07:19:55.496572+00:00 mail postfix/master[24528]: fatal: chmod socket private/smtpd: Invalid argument
2025-11-21T07:20:01.504731+00:00 mail postfix/postfix-script[24606]: starting the Postfix mail system
2025-11-21T07:20:01.510976+00:00 mail postfix/master[24607]: fatal: chmod socket private/smtpd: Invalid argument
2025-11-21T07:20:07.589015+00:00 mail postfix/postfix-script[24685]: starting the Postfix mail system
2025-11-21T07:20:07.598938+00:00 mail postfix/master[24686]: fatal: chmod socket private/smtpd: Invalid argument
2025-11-21T07:20:13.738874+00:00 mail postfix/postfix-script[24764]: starting the Postfix mail system
2025-11-21T07:20:13.745640+00:00 mail postfix/master[24765]: fatal: chmod socket private/smtpd: Invalid argument
2025-11-21T07:20:19.770900+00:00 mail postfix/postfix-script[24843]: starting the Postfix mail system
2025-11-21T07:20:19.776605+00:00 mail postfix/master[24844]: fatal: chmod socket private/smtpd: Invalid argument
2025-11-21T07:20:25.855581+00:00 mail postfix/postfix-script[24922]: starting the Postfix mail system
2025-11-21T07:20:25.862048+00:00 mail postfix/master[24923]: fatal: chmod socket private/smtpd: Invalid argument
2025-11-21T07:20:32.151395+00:00 mail postfix/postfix-script[25001]: starting the Postfix mail system
2025-11-21T07:20:32.164183+00:00 mail postfix/master[25002]: fatal: chmod socket private/smtpd: Invalid argument
2025-11-21T07:20:38.982809+00:00 mail postfix/postfix-script[25080]: starting the Postfix mail system
2025-11-21T07:20:39.002635+00:00 mail postfix/master[25081]: fatal: chmod socket private/smtpd: Invalid argument
2025-11-21T07:20:44.898924+00:00 mail postfix/postfix-script[25159]: starting the Postfix mail system
2025-11-21T07:20:44.917375+00:00 mail postfix/master[25160]: fatal: chmod socket private/smtpd: Invalid argument
2025-11-21T07:20:51.132870+00:00 mail postfix/postfix-script[25238]: starting the Postfix mail system
2025-11-21T07:20:51.149392+00:00 mail postfix/master[25239]: fatal: chmod socket private/smtpd: Invalid argument
2025-11-21T07:20:56.844659+00:00 mail postfix/postfix-script[25317]: starting the Postfix mail system
2025-11-21T07:20:56.850606+00:00 mail postfix/master[25318]: fatal: chmod socket private/smtpd: Invalid argument
2025-11-21T07:21:03.217879+00:00 mail postfix/postfix-script[25396]: starting the Postfix mail system
2025-11-21T07:21:03.229901+00:00 mail postfix/master[25397]: fatal: chmod socket private/smtpd: Invalid argument
2025-11-21T07:21:08.574894+00:00 mail postfix/postfix-script[25475]: starting the Postfix mail system
2025-11-21T07:21:08.610596+00:00 mail postfix/master[25476]: fatal: chmod socket private/smtpd: Invalid argument
2025-11-21T07:21:14.267541+00:00 mail postfix/postfix-script[25554]: starting the Postfix mail system
2025-11-21T07:21:14.275395+00:00 mail postfix/master[25555]: fatal: chmod socket private/smtpd: Invalid argument
2025-11-21T07:21:20.424867+00:00 mail postfix/postfix-script[25633]: starting the Postfix mail system
2025-11-21T07:21:20.432959+00:00 mail postfix/master[25634]: fatal: chmod socket private/smtpd: Invalid argument
2025-11-21T07:21:26.566491+00:00 mail postfix/postfix-script[25712]: starting the Postfix mail system
2025-11-21T07:21:26.573726+00:00 mail postfix/master[25713]: fatal: chmod socket private/smtpd: Invalid argument
2025-11-21T07:21:32.656074+00:00 mail postfix/postfix-script[25791]: starting the Postfix mail system
2025-11-21T07:21:32.662408+00:00 mail postfix/master[25792]: fatal: chmod socket private/smtpd: Invalid argument
2025-11-21T07:21:38.666914+00:00 mail postfix/postfix-script[25870]: starting the Postfix mail system
2025-11-21T07:21:38.673091+00:00 mail postfix/master[25871]: fatal: chmod socket private/smtpd: Invalid argument
2025-11-21T07:21:44.803890+00:00 mail postfix/postfix-script[25949]: starting the Postfix mail system
2025-11-21T07:21:44.811138+00:00 mail postfix/master[25950]: fatal: chmod socket private/smtpd: Invalid argument
2025-11-21T07:21:51.391012+00:00 mail postfix/postfix-script[26028]: starting the Postfix mail system
2025-11-21T07:21:51.409784+00:00 mail postfix/master[26029]: fatal: chmod socket private/smtpd: Invalid argument
2025-11-21T07:21:57.086725+00:00 mail postfix/postfix-script[26107]: starting the Postfix mail system
2025-11-21T07:21:57.095591+00:00 mail postfix/master[26108]: fatal: chmod socket private/smtpd: Invalid argument
2025-11-21T07:22:02.548512+00:00 mail postfix/postfix-script[26186]: starting the Postfix mail system
2025-11-21T07:22:02.556353+00:00 mail postfix/master[26187]: fatal: chmod socket private/smtpd: Invalid argument
2025-11-21T07:22:08.417685+00:00 mail postfix/postfix-script[26265]: starting the Postfix mail system
2025-11-21T07:22:08.424923+00:00 mail postfix/master[26266]: fatal: chmod socket private/smtpd: Invalid argument
2025-11-21T07:22:14.433046+00:00 mail postfix/postfix-script[26344]: starting the Postfix mail system
2025-11-21T07:22:14.438337+00:00 mail postfix/master[26345]: fatal: chmod socket private/smtpd: Invalid argument
2025-11-21T07:22:20.484894+00:00 mail postfix/postfix-script[26423]: starting the Postfix mail system
2025-11-21T07:22:20.490762+00:00 mail postfix/master[26424]: fatal: chmod socket private/smtpd: Invalid argument
2025-11-21T07:22:26.977460+00:00 mail postfix/postfix-script[26502]: starting the Postfix mail system
2025-11-21T07:22:26.991361+00:00 mail postfix/master[26503]: fatal: chmod socket private/smtpd: Invalid argument
2025-11-21T07:22:32.735353+00:00 mail postfix/postfix-script[26581]: starting the Postfix mail system
2025-11-21T07:22:32.741094+00:00 mail postfix/master[26582]: fatal: chmod socket private/smtpd: Invalid argument
2025-11-21T07:22:38.170514+00:00 mail postfix/postfix-script[26660]: starting the Postfix mail system
2025-11-21T07:22:38.178057+00:00 mail postfix/master[26661]: fatal: chmod socket private/smtpd: Invalid argument
2025-11-21T07:22:44.004757+00:00 mail postfix/postfix-script[26736]: starting the Postfix mail system
2025-11-21T07:22:44.012933+00:00 mail postfix/master[26737]: fatal: chmod socket private/smtpd: Invalid argument
2025-11-21T07:22:50.487672+00:00 mail postfix/postfix-script[26818]: starting the Postfix mail system
2025-11-21T07:22:50.497106+00:00 mail postfix/master[26819]: fatal: chmod socket private/smtpd: Invalid argument
2025-11-21T07:22:56.409326+00:00 mail postfix/postfix-script[26897]: starting the Postfix mail system
2025-11-21T07:22:56.417616+00:00 mail postfix/master[26898]: fatal: chmod socket private/smtpd: Invalid argument
2025-11-21T07:23:02.862601+00:00 mail postfix/postfix-script[26976]: starting the Postfix mail system
2025-11-21T07:23:02.876236+00:00 mail postfix/master[26977]: fatal: chmod socket private/smtpd: Invalid argument
2025-11-21T07:23:08.915488+00:00 mail postfix/postfix-script[27055]: starting the Postfix mail system
2025-11-21T07:23:08.925738+00:00 mail postfix/master[27056]: fatal: chmod socket private/smtpd: Invalid argument
2025-11-21T07:23:14.934473+00:00 mail postfix/postfix-script[27134]: starting the Postfix mail system
2025-11-21T07:23:14.942226+00:00 mail postfix/master[27135]: fatal: chmod socket private/smtpd: Invalid argument
2025-11-21T07:23:21.034920+00:00 mail postfix/postfix-script[27213]: starting the Postfix mail system
2025-11-21T07:23:21.066704+00:00 mail postfix/master[27214]: fatal: chmod socket private/smtpd: Invalid argument
2025-11-21T07:23:27.680660+00:00 mail postfix/postfix-script[27292]: starting the Postfix mail system
2025-11-21T07:23:27.691660+00:00 mail postfix/master[27293]: fatal: chmod socket private/smtpd: Invalid argument
2025-11-21T07:23:34.082440+00:00 mail postfix/postfix-script[27371]: starting the Postfix mail system
2025-11-21T07:23:34.098592+00:00 mail postfix/master[27372]: fatal: chmod socket private/smtpd: Invalid argument
2025-11-21T07:23:40.297074+00:00 mail postfix/postfix-script[27450]: starting the Postfix mail system
2025-11-21T07:23:40.314153+00:00 mail postfix/master[27451]: fatal: chmod socket private/smtpd: Invalid argument
2025-11-21T07:23:46.136322+00:00 mail postfix/postfix-script[27529]: starting the Postfix mail system
2025-11-21T07:23:46.152813+00:00 mail postfix/master[27530]: fatal: chmod socket private/smtpd: Invalid argument
2025-11-21T07:23:51.769079+00:00 mail postfix/postfix-script[27608]: starting the Postfix mail system
2025-11-21T07:23:51.790616+00:00 mail postfix/master[27609]: fatal: chmod socket private/smtpd: Invalid argument
2025-11-21T07:23:57.847282+00:00 mail postfix/postfix-script[27687]: starting the Postfix mail system
2025-11-21T07:23:57.864502+00:00 mail postfix/master[27688]: fatal: chmod socket private/smtpd: Invalid argument
2025-11-21T07:24:03.750012+00:00 mail postfix/postfix-script[27766]: starting the Postfix mail system
2025-11-21T07:24:03.760665+00:00 mail postfix/master[27767]: fatal: chmod socket private/smtpd: Invalid argument
2025-11-21T07:24:10.049245+00:00 mail postfix/postfix-script[27845]: starting the Postfix mail system
2025-11-21T07:24:10.061415+00:00 mail postfix/master[27846]: fatal: chmod socket private/smtpd: Invalid argument
2025-11-21T07:24:16.015078+00:00 mail postfix/postfix-script[27924]: starting the Postfix mail system
2025-11-21T07:24:16.025851+00:00 mail postfix/master[27925]: fatal: chmod socket private/smtpd: Invalid argument
2025-11-21T07:24:22.181689+00:00 mail postfix/postfix-script[28003]: starting the Postfix mail system
2025-11-21T07:24:22.190412+00:00 mail postfix/master[28004]: fatal: chmod socket private/smtpd: Invalid argument
2025-11-21T07:24:28.289035+00:00 mail postfix/postfix-script[28082]: starting the Postfix mail system
2025-11-21T07:24:28.298609+00:00 mail postfix/master[28083]: fatal: chmod socket private/smtpd: Invalid argument
2025-11-21T07:24:34.771596+00:00 mail postfix/postfix-script[28161]: starting the Postfix mail system
2025-11-21T07:24:34.784282+00:00 mail postfix/master[28162]: fatal: chmod socket private/smtpd: Invalid argument
2025-11-21T07:24:40.898955+00:00 mail postfix/postfix-script[28240]: starting the Postfix mail system
2025-11-21T07:24:40.914348+00:00 mail postfix/master[28241]: fatal: chmod socket private/smtpd: Invalid argument
2025-11-21T07:24:46.761053+00:00 mail postfix/postfix-script[28319]: starting the Postfix mail system
2025-11-21T07:24:46.787722+00:00 mail postfix/master[28320]: fatal: chmod socket private/smtpd: Invalid argument
2025-11-21T07:24:53.549919+00:00 mail postfix/postfix-script[28401]: starting the Postfix mail system
2025-11-21T07:24:53.562625+00:00 mail postfix/master[28402]: fatal: chmod socket private/smtpd: Invalid argument
2025-11-21T07:24:59.497968+00:00 mail postfix/postfix-script[28477]: starting the Postfix mail system
2025-11-21T07:24:59.513249+00:00 mail postfix/master[28478]: fatal: chmod socket private/smtpd: Invalid argument
2025-11-21T07:25:05.454887+00:00 mail postfix/postfix-script[28556]: starting the Postfix mail system
2025-11-21T07:25:05.475938+00:00 mail postfix/master[28557]: fatal: chmod socket private/smtpd: Invalid argument
2025-11-21T07:25:11.757190+00:00 mail postfix/postfix-script[28635]: starting the Postfix mail system
2025-11-21T07:25:11.776923+00:00 mail postfix/master[28636]: fatal: chmod socket private/smtpd: Invalid argument
2025-11-21T07:25:18.699310+00:00 mail postfix/postfix-script[28717]: starting the Postfix mail system
2025-11-21T07:25:18.720318+00:00 mail postfix/master[28718]: fatal: chmod socket private/smtpd: Invalid argument
2025-11-21T07:25:26.205238+00:00 mail postfix/postfix-script[28796]: starting the Postfix mail system
2025-11-21T07:25:26.277662+00:00 mail postfix/master[28797]: fatal: chmod socket private/smtpd: Invalid argument
2025-11-21T07:25:32.448216+00:00 mail postfix/postfix-script[28875]: starting the Postfix mail system
2025-11-21T07:25:32.631383+00:00 mail postfix/master[28876]: fatal: chmod socket private/smtpd: Invalid argument
2025-11-21T07:25:39.227487+00:00 mail postfix/postfix-script[28957]: starting the Postfix mail system
2025-11-21T07:25:39.246839+00:00 mail postfix/master[28958]: fatal: chmod socket private/smtpd: Invalid argument
2025-11-21T07:25:45.272598+00:00 mail postfix/postfix-script[29036]: starting the Postfix mail system
2025-11-21T07:25:45.292102+00:00 mail postfix/master[29037]: fatal: chmod socket private/smtpd: Invalid argument
2025-11-21T07:25:52.247304+00:00 mail postfix/postfix-script[29115]: starting the Postfix mail system
2025-11-21T07:25:52.269930+00:00 mail postfix/master[29116]: fatal: chmod socket private/smtpd: Invalid argument
2025-11-21T07:25:58.587180+00:00 mail postfix/postfix-script[29194]: starting the Postfix mail system
2025-11-21T07:25:58.606712+00:00 mail postfix/master[29195]: fatal: chmod socket private/smtpd: Invalid argument
2025-11-21T07:26:04.787853+00:00 mail postfix/postfix-script[29273]: starting the Postfix mail system
2025-11-21T07:26:04.803686+00:00 mail postfix/master[29274]: fatal: chmod socket private/smtpd: Invalid argument
2025-11-21T07:26:10.239494+00:00 mail postfix/postfix-script[29352]: starting the Postfix mail system
2025-11-21T07:26:10.253640+00:00 mail postfix/master[29353]: fatal: chmod socket private/smtpd: Invalid argument
2025-11-21T07:26:16.507344+00:00 mail postfix/postfix-script[29431]: starting the Postfix mail system
2025-11-21T07:26:16.531440+00:00 mail postfix/master[29432]: fatal: chmod socket private/smtpd: Invalid argument
2025-11-21T07:26:23.073219+00:00 mail postfix/postfix-script[29510]: starting the Postfix mail system
2025-11-21T07:26:23.089196+00:00 mail postfix/master[29511]: fatal: chmod socket private/smtpd: Invalid argument
2025-11-21T07:26:28.436799+00:00 mail postfix/postfix-script[29589]: starting the Postfix mail system
2025-11-21T07:26:28.461397+00:00 mail postfix/master[29590]: fatal: chmod socket private/smtpd: Invalid argument
2025-11-21T07:26:35.350952+00:00 mail postfix/postfix-script[29668]: starting the Postfix mail system
2025-11-21T07:26:35.381161+00:00 mail postfix/master[29669]: fatal: chmod socket private/smtpd: Invalid argument
2025-11-21T07:26:43.010930+00:00 mail postfix/postfix-script[29750]: starting the Postfix mail system
2025-11-21T07:26:43.156635+00:00 mail postfix/master[29751]: fatal: chmod socket private/smtpd: Invalid argument
2025-11-21T07:26:48.345192+00:00 mail postfix/postfix-script[29829]: starting the Postfix mail system
2025-11-21T07:26:48.363314+00:00 mail postfix/master[29830]: fatal: chmod socket private/smtpd: Invalid argument
2025-11-21T07:26:55.839682+00:00 mail postfix/postfix-script[29908]: starting the Postfix mail system
2025-11-21T07:26:55.855592+00:00 mail postfix/master[29909]: fatal: chmod socket private/smtpd: Invalid argument
2025-11-21T07:27:02.339017+00:00 mail postfix/postfix-script[29990]: starting the Postfix mail system
2025-11-21T07:27:02.356682+00:00 mail postfix/master[29991]: fatal: chmod socket private/smtpd: Invalid argument
2025-11-21T07:27:08.564599+00:00 mail postfix/postfix-script[30069]: starting the Postfix mail system
2025-11-21T07:27:08.590173+00:00 mail postfix/master[30070]: fatal: chmod socket private/smtpd: Invalid argument
2025-11-21T07:27:14.722383+00:00 mail postfix/postfix-script[30148]: starting the Postfix mail system
2025-11-21T07:27:14.740024+00:00 mail postfix/master[30149]: fatal: chmod socket private/smtpd: Invalid argument
2025-11-21T07:27:21.118919+00:00 mail postfix/postfix-script[30227]: starting the Postfix mail system
2025-11-21T07:27:21.140915+00:00 mail postfix/master[30228]: fatal: chmod socket private/smtpd: Invalid argument
2025-11-21T07:27:27.570251+00:00 mail postfix/postfix-script[30306]: starting the Postfix mail system
2025-11-21T07:27:27.590580+00:00 mail postfix/master[30307]: fatal: chmod socket private/smtpd: Invalid argument
2025-11-21T07:27:34.499585+00:00 mail postfix/postfix-script[30385]: starting the Postfix mail system
2025-11-21T07:27:34.536111+00:00 mail postfix/master[30386]: fatal: chmod socket private/smtpd: Invalid argument
2025-11-21T07:27:40.378666+00:00 mail postfix/postfix-script[30464]: starting the Postfix mail system
2025-11-21T07:27:40.394345+00:00 mail postfix/master[30465]: fatal: chmod socket private/smtpd: Invalid argument
2025-11-21T07:27:46.529771+00:00 mail postfix/postfix-script[30543]: starting the Postfix mail system
2025-11-21T07:27:46.588633+00:00 mail postfix/master[30544]: fatal: chmod socket private/smtpd: Invalid argument
2025-11-21T07:27:53.413239+00:00 mail postfix/postfix-script[30622]: starting the Postfix mail system
2025-11-21T07:27:53.429975+00:00 mail postfix/master[30623]: fatal: chmod socket private/smtpd: Invalid argument
2025-11-21T07:27:59.800488+00:00 mail postfix/postfix-script[30704]: starting the Postfix mail system
2025-11-21T07:27:59.819558+00:00 mail postfix/master[30705]: fatal: chmod socket private/smtpd: Invalid argument
2025-11-21T07:28:05.701060+00:00 mail postfix/postfix-script[30780]: starting the Postfix mail system
2025-11-21T07:28:05.771305+00:00 mail postfix/master[30781]: fatal: chmod socket private/smtpd: Invalid argument
2025-11-21T07:28:12.064379+00:00 mail postfix/postfix-script[30862]: starting the Postfix mail system
2025-11-21T07:28:12.083821+00:00 mail postfix/master[30863]: fatal: chmod socket private/smtpd: Invalid argument
2025-11-21T07:28:18.311808+00:00 mail postfix/postfix-script[30941]: starting the Postfix mail system
2025-11-21T07:28:18.374077+00:00 mail postfix/master[30942]: fatal: chmod socket private/smtpd: Invalid argument
2025-11-21T07:28:24.135633+00:00 mail postfix/postfix-script[31017]: starting the Postfix mail system
2025-11-21T07:28:24.151571+00:00 mail postfix/master[31018]: fatal: chmod socket private/smtpd: Invalid argument
2025-11-21T07:28:30.252882+00:00 mail postfix/postfix-script[31096]: starting the Postfix mail system
2025-11-21T07:28:30.268000+00:00 mail postfix/master[31097]: fatal: chmod socket private/smtpd: Invalid argument
2025-11-21T07:28:36.435700+00:00 mail postfix/postfix-script[31175]: starting the Postfix mail system
2025-11-21T07:28:36.451365+00:00 mail postfix/master[31176]: fatal: chmod socket private/smtpd: Invalid argument
2025-11-21T07:28:42.709104+00:00 mail postfix/postfix-script[31257]: starting the Postfix mail system
2025-11-21T07:28:42.734330+00:00 mail postfix/master[31258]: fatal: chmod socket private/smtpd: Invalid argument
2025-11-21T07:28:49.365044+00:00 mail postfix/postfix-script[31336]: starting the Postfix mail system
2025-11-21T07:28:49.392200+00:00 mail postfix/master[31337]: fatal: chmod socket private/smtpd: Invalid argument
2025-11-21T07:28:54.887566+00:00 mail postfix/postfix-script[31412]: starting the Postfix mail system
2025-11-21T07:28:54.900580+00:00 mail postfix/master[31413]: fatal: chmod socket private/smtpd: Invalid argument
2025-11-21T07:29:01.988507+00:00 mail postfix/postfix-script[31494]: starting the Postfix mail system
2025-11-21T07:29:02.007996+00:00 mail postfix/master[31495]: fatal: chmod socket private/smtpd: Invalid argument
2025-11-21T07:29:08.055400+00:00 mail postfix/postfix-script[31573]: starting the Postfix mail system
2025-11-21T07:29:08.071134+00:00 mail postfix/master[31574]: fatal: chmod socket private/smtpd: Invalid argument
2025-11-21T07:29:13.874975+00:00 mail postfix/postfix-script[31652]: starting the Postfix mail system
2025-11-21T07:29:13.893338+00:00 mail postfix/master[31653]: fatal: chmod socket private/smtpd: Invalid argument
2025-11-21T07:29:20.937528+00:00 mail postfix/postfix-script[31731]: starting the Postfix mail system
2025-11-21T07:29:20.956048+00:00 mail postfix/master[31732]: fatal: chmod socket private/smtpd: Invalid argument
2025-11-21T07:29:27.196884+00:00 mail postfix/postfix-script[31810]: starting the Postfix mail system
2025-11-21T07:29:27.222686+00:00 mail postfix/master[31811]: fatal: chmod socket private/smtpd: Invalid argument
2025-11-21T07:29:33.409877+00:00 mail postfix/postfix-script[31889]: starting the Postfix mail system
2025-11-21T07:29:33.424340+00:00 mail postfix/master[31890]: fatal: chmod socket private/smtpd: Invalid argument
2025-11-21T07:29:39.992413+00:00 mail postfix/postfix-script[31971]: starting the Postfix mail system
2025-11-21T07:29:40.011033+00:00 mail postfix/master[31972]: fatal: chmod socket private/smtpd: Invalid argument
2025-11-21T07:29:46.606665+00:00 mail postfix/postfix-script[32050]: starting the Postfix mail system
2025-11-21T07:29:46.623513+00:00 mail postfix/master[32051]: fatal: chmod socket private/smtpd: Invalid argument
2025-11-21T07:29:52.842945+00:00 mail postfix/postfix-script[32129]: starting the Postfix mail system
2025-11-21T07:29:52.861659+00:00 mail postfix/master[32130]: fatal: chmod socket private/smtpd: Invalid argument
2025-11-21T07:29:59.351888+00:00 mail postfix/postfix-script[32208]: starting the Postfix mail system
2025-11-21T07:29:59.503415+00:00 mail postfix/master[32209]: fatal: chmod socket private/smtpd: Invalid argument
2025-11-21T07:30:05.780017+00:00 mail postfix/postfix-script[32287]: starting the Postfix mail system
2025-11-21T07:30:05.803360+00:00 mail postfix/master[32288]: fatal: chmod socket private/smtpd: Invalid argument
2025-11-21T07:30:11.727137+00:00 mail postfix/postfix-script[32366]: starting the Postfix mail system
2025-11-21T07:30:11.738413+00:00 mail postfix/master[32367]: fatal: chmod socket private/smtpd: Invalid argument
2025-11-21T07:30:17.896427+00:00 mail postfix/postfix-script[32445]: starting the Postfix mail system
2025-11-21T07:30:17.918279+00:00 mail postfix/master[32446]: fatal: chmod socket private/smtpd: Invalid argument
2025-11-21T07:30:24.962094+00:00 mail postfix/postfix-script[32527]: starting the Postfix mail system
2025-11-21T07:30:24.994322+00:00 mail postfix/master[32528]: fatal: chmod socket private/smtpd: Invalid argument
2025-11-21T07:30:30.905383+00:00 mail postfix/postfix-script[32606]: starting the Postfix mail system
2025-11-21T07:30:30.922447+00:00 mail postfix/master[32607]: fatal: chmod socket private/smtpd: Invalid argument
2025-11-21T07:30:36.999018+00:00 mail postfix/postfix-script[32685]: starting the Postfix mail system
2025-11-21T07:30:37.013918+00:00 mail postfix/master[32686]: fatal: chmod socket private/smtpd: Invalid argument
2025-11-21T07:30:44.294320+00:00 mail postfix/postfix-script[32764]: starting the Postfix mail system
2025-11-21T07:30:44.310188+00:00 mail postfix/master[32765]: fatal: chmod socket private/smtpd: Invalid argument
2025-11-21T07:30:50.369405+00:00 mail postfix/postfix-script[32843]: starting the Postfix mail system
2025-11-21T07:30:50.389039+00:00 mail postfix/master[32844]: fatal: chmod socket private/smtpd: Invalid argument
2025-11-21T07:30:57.992184+00:00 mail postfix/postfix-script[32925]: starting the Postfix mail system
2025-11-21T07:30:58.036951+00:00 mail postfix/master[32926]: fatal: chmod socket private/smtpd: Invalid argument
2025-11-21T07:31:04.204038+00:00 mail postfix/postfix-script[33004]: starting the Postfix mail system
2025-11-21T07:31:04.420178+00:00 mail postfix/master[33005]: fatal: chmod socket private/smtpd: Invalid argument
2025-11-21T07:31:12.390123+00:00 mail postfix/postfix-script[33086]: starting the Postfix mail system
2025-11-21T07:31:12.413933+00:00 mail postfix/master[33087]: fatal: chmod socket private/smtpd: Invalid argument
2025-11-21T07:31:16.373271+00:00 mail postfix/postfix-script[33162]: starting the Postfix mail system
2025-11-21T07:31:16.405507+00:00 mail postfix/master[33163]: fatal: chmod socket private/smtpd: Invalid argument
2025-11-21T07:31:22.889503+00:00 mail postfix/postfix-script[33241]: starting the Postfix mail system
2025-11-21T07:31:23.114590+00:00 mail postfix/master[33242]: fatal: chmod socket private/smtpd: Invalid argument
2025-11-21T07:31:30.864006+00:00 mail postfix/postfix-script[33323]: starting the Postfix mail system
2025-11-21T07:31:30.885113+00:00 mail postfix/master[33324]: fatal: chmod socket private/smtpd: Invalid argument
2025-11-21T07:31:36.610567+00:00 mail postfix/postfix-script[33402]: starting the Postfix mail system
2025-11-21T07:31:36.626293+00:00 mail postfix/master[33403]: fatal: chmod socket private/smtpd: Invalid argument
2025-11-21T07:31:42.743924+00:00 mail postfix/postfix-script[33481]: starting the Postfix mail system
2025-11-21T07:31:42.776686+00:00 mail postfix/master[33482]: fatal: chmod socket private/smtpd: Invalid argument
2025-11-21T07:31:48.477636+00:00 mail postfix/postfix-script[33560]: starting the Postfix mail system
2025-11-21T07:31:48.491734+00:00 mail postfix/master[33561]: fatal: chmod socket private/smtpd: Invalid argument
2025-11-21T07:31:54.812360+00:00 mail postfix/postfix-script[33639]: starting the Postfix mail system
2025-11-21T07:31:54.827352+00:00 mail postfix/master[33640]: fatal: chmod socket private/smtpd: Invalid argument
2025-11-21T07:32:00.715854+00:00 mail postfix/postfix-script[33718]: starting the Postfix mail system
2025-11-21T07:32:00.732187+00:00 mail postfix/master[33719]: fatal: chmod socket private/smtpd: Invalid argument
2025-11-21T07:32:07.189420+00:00 mail postfix/postfix-script[33797]: starting the Postfix mail system
2025-11-21T07:32:07.204753+00:00 mail postfix/master[33798]: fatal: chmod socket private/smtpd: Invalid argument
2025-11-21T07:32:13.404995+00:00 mail postfix/postfix-script[33876]: starting the Postfix mail system
2025-11-21T07:32:13.420845+00:00 mail postfix/master[33877]: fatal: chmod socket private/smtpd: Invalid argument
2025-11-21T07:32:19.195658+00:00 mail postfix/postfix-script[33955]: starting the Postfix mail system
2025-11-21T07:32:19.208320+00:00 mail postfix/master[33956]: fatal: chmod socket private/smtpd: Invalid argument
2025-11-21T07:32:26.257654+00:00 mail postfix/postfix-script[34034]: starting the Postfix mail system
2025-11-21T07:32:26.296660+00:00 mail postfix/master[34035]: fatal: chmod socket private/smtpd: Invalid argument
2025-11-21T07:32:31.859476+00:00 mail postfix/postfix-script[34113]: starting the Postfix mail system
2025-11-21T07:32:31.870989+00:00 mail postfix/master[34114]: fatal: chmod socket private/smtpd: Invalid argument
2025-11-21T07:32:38.595275+00:00 mail postfix/postfix-script[34192]: starting the Postfix mail system
2025-11-21T07:32:38.611343+00:00 mail postfix/master[34193]: fatal: chmod socket private/smtpd: Invalid argument
2025-11-21T07:32:45.370015+00:00 mail postfix/postfix-script[34271]: starting the Postfix mail system
2025-11-21T07:32:45.389565+00:00 mail postfix/master[34272]: fatal: chmod socket private/smtpd: Invalid argument
2025-11-21T07:32:52.066577+00:00 mail postfix/postfix-script[34353]: starting the Postfix mail system
2025-11-21T07:32:52.214100+00:00 mail postfix/master[34354]: fatal: chmod socket private/smtpd: Invalid argument
2025-11-21T07:32:58.933695+00:00 mail postfix/postfix-script[34432]: starting the Postfix mail system
2025-11-21T07:32:58.957961+00:00 mail postfix/master[34433]: fatal: chmod socket private/smtpd: Invalid argument
2025-11-21T07:33:04.958162+00:00 mail postfix/postfix-script[34511]: starting the Postfix mail system
2025-11-21T07:33:04.979986+00:00 mail postfix/master[34512]: fatal: chmod socket private/smtpd: Invalid argument
2025-11-21T07:33:11.323462+00:00 mail postfix/postfix-script[34590]: starting the Postfix mail system
2025-11-21T07:33:11.354795+00:00 mail postfix/master[34591]: fatal: chmod socket private/smtpd: Invalid argument
2025-11-21T07:33:18.684731+00:00 mail postfix/postfix-script[34672]: starting the Postfix mail system
2025-11-21T07:33:18.854258+00:00 mail postfix/master[34673]: fatal: chmod socket private/smtpd: Invalid argument
2025-11-21T07:33:25.852965+00:00 mail postfix/postfix-script[34751]: starting the Postfix mail system
2025-11-21T07:33:25.882001+00:00 mail postfix/master[34752]: fatal: chmod socket private/smtpd: Invalid argument
2025-11-21T07:33:31.680188+00:00 mail postfix/postfix-script[34830]: starting the Postfix mail system
2025-11-21T07:33:31.696315+00:00 mail postfix/master[34831]: fatal: chmod socket private/smtpd: Invalid argument
2025-11-21T07:33:38.801317+00:00 mail postfix/postfix-script[34909]: starting the Postfix mail system
2025-11-21T07:33:38.816495+00:00 mail postfix/master[34910]: fatal: chmod socket private/smtpd: Invalid argument
2025-11-21T07:33:44.918176+00:00 mail postfix/postfix-script[34988]: starting the Postfix mail system
2025-11-21T07:33:44.941419+00:00 mail postfix/master[34989]: fatal: chmod socket private/smtpd: Invalid argument
2025-11-21T07:33:52.483583+00:00 mail postfix/postfix-script[35070]: starting the Postfix mail system
2025-11-21T07:33:52.503127+00:00 mail postfix/master[35071]: fatal: chmod socket private/smtpd: Invalid argument
2025-11-21T07:33:56.694810+00:00 mail postfix/postfix-script[35146]: starting the Postfix mail system
2025-11-21T07:33:56.743219+00:00 mail postfix/master[35147]: fatal: chmod socket private/smtpd: Invalid argument
2025-11-21T07:34:03.901011+00:00 mail postfix/postfix-script[35225]: starting the Postfix mail system
2025-11-21T07:34:03.924176+00:00 mail postfix/master[35226]: fatal: chmod socket private/smtpd: Invalid argument
2025-11-21T07:34:10.013340+00:00 mail postfix/postfix-script[35304]: starting the Postfix mail system
2025-11-21T07:34:10.039666+00:00 mail postfix/master[35305]: fatal: chmod socket private/smtpd: Invalid argument
2025-11-21T07:34:16.792737+00:00 mail postfix/postfix-script[35386]: starting the Postfix mail system
2025-11-21T07:34:16.814368+00:00 mail postfix/master[35387]: fatal: chmod socket private/smtpd: Invalid argument
2025-11-21T07:34:23.136788+00:00 mail postfix/postfix-script[35465]: starting the Postfix mail system
2025-11-21T07:34:23.158658+00:00 mail postfix/master[35466]: fatal: chmod socket private/smtpd: Invalid argument
2025-11-21T07:34:29.426540+00:00 mail postfix/postfix-script[35544]: starting the Postfix mail system
2025-11-21T07:34:29.447186+00:00 mail postfix/master[35545]: fatal: chmod socket private/smtpd: Invalid argument
2025-11-21T07:34:36.287137+00:00 mail postfix/postfix-script[35623]: starting the Postfix mail system
2025-11-21T07:34:36.304454+00:00 mail postfix/master[35624]: fatal: chmod socket private/smtpd: Invalid argument
2025-11-21T07:34:42.008690+00:00 mail postfix/postfix-script[35702]: starting the Postfix mail system
2025-11-21T07:34:42.047298+00:00 mail postfix/master[35703]: fatal: chmod socket private/smtpd: Invalid argument
2025-11-21T07:34:48.536540+00:00 mail postfix/postfix-script[35781]: starting the Postfix mail system
2025-11-21T07:34:48.554857+00:00 mail postfix/master[35782]: fatal: chmod socket private/smtpd: Invalid argument
2025-11-21T07:34:54.619784+00:00 mail postfix/postfix-script[35860]: starting the Postfix mail system
2025-11-21T07:34:54.641559+00:00 mail postfix/master[35861]: fatal: chmod socket private/smtpd: Invalid argument
2025-11-21T07:35:01.117772+00:00 mail postfix/postfix-script[35939]: starting the Postfix mail system
2025-11-21T07:35:01.137633+00:00 mail postfix/master[35940]: fatal: chmod socket private/smtpd: Invalid argument
2025-11-21T07:35:06.950272+00:00 mail postfix/postfix-script[36018]: starting the Postfix mail system
2025-11-21T07:35:06.968477+00:00 mail postfix/master[36019]: fatal: chmod socket private/smtpd: Invalid argument
2025-11-21T07:35:13.062328+00:00 mail postfix/postfix-script[36097]: starting the Postfix mail system
2025-11-21T07:35:13.077931+00:00 mail postfix/master[36098]: fatal: chmod socket private/smtpd: Invalid argument
2025-11-21T07:35:19.200276+00:00 mail postfix/postfix-script[36176]: starting the Postfix mail system
2025-11-21T07:35:19.214479+00:00 mail postfix/master[36177]: fatal: chmod socket private/smtpd: Invalid argument
2025-11-21T07:35:25.247947+00:00 mail postfix/postfix-script[36255]: starting the Postfix mail system
2025-11-21T07:35:25.260294+00:00 mail postfix/master[36256]: fatal: chmod socket private/smtpd: Invalid argument
2025-11-21T07:35:31.468491+00:00 mail postfix/postfix-script[36334]: starting the Postfix mail system
2025-11-21T07:35:31.482748+00:00 mail postfix/master[36335]: fatal: chmod socket private/smtpd: Invalid argument
2025-11-21T07:35:37.605331+00:00 mail postfix/postfix-script[36413]: starting the Postfix mail system
2025-11-21T07:35:37.618745+00:00 mail postfix/master[36414]: fatal: chmod socket private/smtpd: Invalid argument
2025-11-21T07:35:43.786805+00:00 mail postfix/postfix-script[36492]: starting the Postfix mail system
2025-11-21T07:35:43.799395+00:00 mail postfix/master[36493]: fatal: chmod socket private/smtpd: Invalid argument
2025-11-21T07:35:49.874375+00:00 mail postfix/postfix-script[36571]: starting the Postfix mail system
2025-11-21T07:35:49.895845+00:00 mail postfix/master[36572]: fatal: chmod socket private/smtpd: Invalid argument
2025-11-21T07:35:56.079088+00:00 mail postfix/postfix-script[36653]: starting the Postfix mail system
2025-11-21T07:35:56.088875+00:00 mail postfix/master[36654]: fatal: chmod socket private/smtpd: Invalid argument
2025-11-21T07:36:02.122561+00:00 mail postfix/postfix-script[36732]: starting the Postfix mail system
2025-11-21T07:36:02.138410+00:00 mail postfix/master[36733]: fatal: chmod socket private/smtpd: Invalid argument
2025-11-21T07:36:08.219913+00:00 mail postfix/postfix-script[36811]: starting the Postfix mail system
2025-11-21T07:36:08.233056+00:00 mail postfix/master[36812]: fatal: chmod socket private/smtpd: Invalid argument
2025-11-21T07:36:14.454735+00:00 mail postfix/postfix-script[36890]: starting the Postfix mail system
2025-11-21T07:36:14.469372+00:00 mail postfix/master[36891]: fatal: chmod socket private/smtpd: Invalid argument
2025-11-21T07:36:20.498110+00:00 mail postfix/postfix-script[36969]: starting the Postfix mail system
2025-11-21T07:36:20.508897+00:00 mail postfix/master[36970]: fatal: chmod socket private/smtpd: Invalid argument
2025-11-21T07:36:26.898342+00:00 mail postfix/postfix-script[37048]: starting the Postfix mail system
2025-11-21T07:36:26.912603+00:00 mail postfix/master[37049]: fatal: chmod socket private/smtpd: Invalid argument
2025-11-21T07:36:33.438612+00:00 mail postfix/postfix-script[37127]: starting the Postfix mail system
2025-11-21T07:36:33.455551+00:00 mail postfix/master[37128]: fatal: chmod socket private/smtpd: Invalid argument
2025-11-21T07:36:39.664059+00:00 mail postfix/postfix-script[37206]: starting the Postfix mail system
2025-11-21T07:36:39.679239+00:00 mail postfix/master[37207]: fatal: chmod socket private/smtpd: Invalid argument
2025-11-21T07:36:45.802412+00:00 mail postfix/postfix-script[37285]: starting the Postfix mail system
2025-11-21T07:36:45.820705+00:00 mail postfix/master[37286]: fatal: chmod socket private/smtpd: Invalid argument
2025-11-21T07:36:52.158541+00:00 mail postfix/postfix-script[37364]: starting the Postfix mail system
2025-11-21T07:36:52.183224+00:00 mail postfix/master[37365]: fatal: chmod socket private/smtpd: Invalid argument
2025-11-21T07:36:58.253897+00:00 mail postfix/postfix-script[37443]: starting the Postfix mail system
2025-11-21T07:36:58.271348+00:00 mail postfix/master[37444]: fatal: chmod socket private/smtpd: Invalid argument
2025-11-21T07:37:04.175026+00:00 mail postfix/postfix-script[37522]: starting the Postfix mail system
2025-11-21T07:37:04.188482+00:00 mail postfix/master[37523]: fatal: chmod socket private/smtpd: Invalid argument
2025-11-21T07:37:10.412857+00:00 mail postfix/postfix-script[37601]: starting the Postfix mail system
2025-11-21T07:37:10.486098+00:00 mail postfix/master[37602]: fatal: chmod socket private/smtpd: Invalid argument
2025-11-21T07:37:16.611050+00:00 mail postfix/postfix-script[37680]: starting the Postfix mail system
2025-11-21T07:37:16.634745+00:00 mail postfix/master[37681]: fatal: chmod socket private/smtpd: Invalid argument
2025-11-21T07:37:22.983934+00:00 mail postfix/postfix-script[37760]: starting the Postfix mail system
2025-11-21T07:37:23.003723+00:00 mail postfix/master[37763]: fatal: chmod socket private/smtpd: Invalid argument
2025-11-21T07:37:29.450707+00:00 mail postfix/postfix-script[37841]: starting the Postfix mail system
2025-11-21T07:37:29.472428+00:00 mail postfix/master[37842]: fatal: chmod socket private/smtpd: Invalid argument
2025-11-21T07:37:35.353903+00:00 mail postfix/postfix-script[37920]: starting the Postfix mail system
2025-11-21T07:37:35.409347+00:00 mail postfix/master[37921]: fatal: chmod socket private/smtpd: Invalid argument
2025-11-21T07:37:41.874699+00:00 mail postfix/postfix-script[37999]: starting the Postfix mail system
2025-11-21T07:37:41.893192+00:00 mail postfix/master[38000]: fatal: chmod socket private/smtpd: Invalid argument
2025-11-21T07:37:48.303512+00:00 mail postfix/postfix-script[38078]: starting the Postfix mail system
2025-11-21T07:37:48.325041+00:00 mail postfix/master[38079]: fatal: chmod socket private/smtpd: Invalid argument
2025-11-21T07:37:55.440217+00:00 mail postfix/postfix-script[38157]: starting the Postfix mail system
2025-11-21T07:37:55.454660+00:00 mail postfix/master[38158]: fatal: chmod socket private/smtpd: Invalid argument
2025-11-21T07:38:00.752558+00:00 mail postfix/postfix-script[38236]: starting the Postfix mail system
2025-11-21T07:38:00.773330+00:00 mail postfix/master[38237]: fatal: chmod socket private/smtpd: Invalid argument
2025-11-21T07:38:07.437293+00:00 mail postfix/postfix-script[38315]: starting the Postfix mail system
2025-11-21T07:38:07.476451+00:00 mail postfix/master[38316]: fatal: chmod socket private/smtpd: Invalid argument
2025-11-21T07:38:14.209395+00:00 mail postfix/postfix-script[38397]: starting the Postfix mail system
2025-11-21T07:38:14.226362+00:00 mail postfix/master[38398]: fatal: chmod socket private/smtpd: Invalid argument
2025-11-21T07:38:20.540688+00:00 mail postfix/postfix-script[38476]: starting the Postfix mail system
2025-11-21T07:38:20.567350+00:00 mail postfix/master[38477]: fatal: chmod socket private/smtpd: Invalid argument
2025-11-21T07:38:26.621723+00:00 mail postfix/postfix-script[38555]: starting the Postfix mail system
2025-11-21T07:38:26.642927+00:00 mail postfix/master[38556]: fatal: chmod socket private/smtpd: Invalid argument
2025-11-21T07:38:33.300279+00:00 mail postfix/postfix-script[38634]: starting the Postfix mail system
2025-11-21T07:38:33.325586+00:00 mail postfix/master[38635]: fatal: chmod socket private/smtpd: Invalid argument
2025-11-21T07:38:39.900941+00:00 mail postfix/postfix-script[38713]: starting the Postfix mail system
2025-11-21T07:38:39.919557+00:00 mail postfix/master[38714]: fatal: chmod socket private/smtpd: Invalid argument
2025-11-21T07:38:45.775225+00:00 mail postfix/postfix-script[38792]: starting the Postfix mail system
2025-11-21T07:38:45.794193+00:00 mail postfix/master[38793]: fatal: chmod socket private/smtpd: Invalid argument
2025-11-21T07:38:51.913031+00:00 mail postfix/postfix-script[38871]: starting the Postfix mail system
2025-11-21T07:38:51.933713+00:00 mail postfix/master[38872]: fatal: chmod socket private/smtpd: Invalid argument
2025-11-21T07:38:58.279637+00:00 mail postfix/postfix-script[38950]: starting the Postfix mail system
2025-11-21T07:38:58.298806+00:00 mail postfix/master[38951]: fatal: chmod socket private/smtpd: Invalid argument
2025-11-21T07:39:04.917229+00:00 mail postfix/postfix-script[39029]: starting the Postfix mail system
2025-11-21T07:39:04.935178+00:00 mail postfix/master[39030]: fatal: chmod socket private/smtpd: Invalid argument
2025-11-21T07:39:11.197818+00:00 mail postfix/postfix-script[39108]: starting the Postfix mail system
2025-11-21T07:39:11.215942+00:00 mail postfix/master[39109]: fatal: chmod socket private/smtpd: Invalid argument
2025-11-21T07:39:17.291982+00:00 mail postfix/postfix-script[39187]: starting the Postfix mail system
2025-11-21T07:39:17.310890+00:00 mail postfix/master[39188]: fatal: chmod socket private/smtpd: Invalid argument
2025-11-21T07:39:23.862570+00:00 mail postfix/postfix-script[39269]: starting the Postfix mail system
2025-11-21T07:39:23.884026+00:00 mail postfix/master[39270]: fatal: chmod socket private/smtpd: Invalid argument
2025-11-21T07:39:30.676415+00:00 mail postfix/postfix-script[39348]: starting the Postfix mail system
2025-11-21T07:39:30.697720+00:00 mail postfix/master[39349]: fatal: chmod socket private/smtpd: Invalid argument
2025-11-21T07:39:36.321140+00:00 mail postfix/postfix-script[39427]: starting the Postfix mail system
2025-11-21T07:39:36.340809+00:00 mail postfix/master[39428]: fatal: chmod socket private/smtpd: Invalid argument
2025-11-21T07:39:42.805290+00:00 mail postfix/postfix-script[39506]: starting the Postfix mail system
2025-11-21T07:39:42.822690+00:00 mail postfix/master[39507]: fatal: chmod socket private/smtpd: Invalid argument
2025-11-21T07:39:48.674968+00:00 mail postfix/postfix-script[39585]: starting the Postfix mail system
2025-11-21T07:39:48.691727+00:00 mail postfix/master[39586]: fatal: chmod socket private/smtpd: Invalid argument
2025-11-21T07:39:55.291667+00:00 mail postfix/postfix-script[39664]: starting the Postfix mail system
2025-11-21T07:39:55.316552+00:00 mail postfix/master[39665]: fatal: chmod socket private/smtpd: Invalid argument
2025-11-21T07:40:02.335408+00:00 mail postfix/postfix-script[39746]: starting the Postfix mail system
2025-11-21T07:40:02.356859+00:00 mail postfix/master[39747]: fatal: chmod socket private/smtpd: Invalid argument
2025-11-21T07:40:08.901007+00:00 mail postfix/postfix-script[39825]: starting the Postfix mail system
2025-11-21T07:40:08.919138+00:00 mail postfix/master[39826]: fatal: chmod socket private/smtpd: Invalid argument
2025-11-21T07:40:14.937637+00:00 mail postfix/postfix-script[39904]: starting the Postfix mail system
2025-11-21T07:40:14.989072+00:00 mail postfix/master[39905]: fatal: chmod socket private/smtpd: Invalid argument
2025-11-21T07:40:21.007569+00:00 mail postfix/postfix-script[39983]: starting the Postfix mail system
2025-11-21T07:40:21.028299+00:00 mail postfix/master[39984]: fatal: chmod socket private/smtpd: Invalid argument
2025-11-21T07:40:27.689189+00:00 mail postfix/postfix-script[40062]: starting the Postfix mail system
2025-11-21T07:40:27.707890+00:00 mail postfix/master[40063]: fatal: chmod socket private/smtpd: Invalid argument
2025-11-21T07:40:34.163908+00:00 mail postfix/postfix-script[40141]: starting the Postfix mail system
2025-11-21T07:40:34.185043+00:00 mail postfix/master[40142]: fatal: chmod socket private/smtpd: Invalid argument
2025-11-21T07:40:40.757135+00:00 mail postfix/postfix-script[40220]: starting the Postfix mail system
2025-11-21T07:40:40.897894+00:00 mail postfix/master[40221]: fatal: chmod socket private/smtpd: Invalid argument
2025-11-21T07:40:47.650008+00:00 mail postfix/postfix-script[40302]: starting the Postfix mail system
2025-11-21T07:40:47.671792+00:00 mail postfix/master[40303]: fatal: chmod socket private/smtpd: Invalid argument
2025-11-21T07:40:52.731054+00:00 mail postfix/postfix-script[40378]: starting the Postfix mail system
2025-11-21T07:40:52.746629+00:00 mail postfix/master[40379]: fatal: chmod socket private/smtpd: Invalid argument
2025-11-21T07:40:59.498656+00:00 mail postfix/postfix-script[40460]: starting the Postfix mail system
2025-11-21T07:40:59.514334+00:00 mail postfix/master[40461]: fatal: chmod socket private/smtpd: Invalid argument
2025-11-21T07:41:06.242746+00:00 mail postfix/postfix-script[40539]: starting the Postfix mail system
2025-11-21T07:41:06.294354+00:00 mail postfix/master[40540]: fatal: chmod socket private/smtpd: Invalid argument
2025-11-21T07:41:12.444438+00:00 mail postfix/postfix-script[40618]: starting the Postfix mail system
2025-11-21T07:41:12.461829+00:00 mail postfix/master[40619]: fatal: chmod socket private/smtpd: Invalid argument
2025-11-21T07:41:19.760542+00:00 mail postfix/postfix-script[40700]: starting the Postfix mail system
2025-11-21T07:41:19.848315+00:00 mail postfix/master[40701]: fatal: chmod socket private/smtpd: Invalid argument
2025-11-21T07:41:25.657506+00:00 mail postfix/postfix-script[40776]: starting the Postfix mail system
2025-11-21T07:41:25.672576+00:00 mail postfix/master[40777]: fatal: chmod socket private/smtpd: Invalid argument
2025-11-21T07:41:31.523071+00:00 mail postfix/postfix-script[40855]: starting the Postfix mail system
2025-11-21T07:41:31.535210+00:00 mail postfix/master[40856]: fatal: chmod socket private/smtpd: Invalid argument
2025-11-21T07:41:37.641413+00:00 mail postfix/postfix-script[40934]: starting the Postfix mail system
2025-11-21T07:41:37.654473+00:00 mail postfix/master[40935]: fatal: chmod socket private/smtpd: Invalid argument
2025-11-21T07:41:43.852271+00:00 mail postfix/postfix-script[41013]: starting the Postfix mail system
2025-11-21T07:41:43.862323+00:00 mail postfix/master[41014]: fatal: chmod socket private/smtpd: Invalid argument
2025-11-21T07:41:49.830042+00:00 mail postfix/postfix-script[41092]: starting the Postfix mail system
2025-11-21T07:41:49.840936+00:00 mail postfix/master[41093]: fatal: chmod socket private/smtpd: Invalid argument
2025-11-21T07:41:56.154041+00:00 mail postfix/postfix-script[41174]: starting the Postfix mail system
2025-11-21T07:41:56.164458+00:00 mail postfix/master[41175]: fatal: chmod socket private/smtpd: Invalid argument
2025-11-21T07:42:02.167742+00:00 mail postfix/postfix-script[41253]: starting the Postfix mail system
2025-11-21T07:42:02.179064+00:00 mail postfix/master[41254]: fatal: chmod socket private/smtpd: Invalid argument
2025-11-21T07:42:08.192253+00:00 mail postfix/postfix-script[41332]: starting the Postfix mail system
2025-11-21T07:42:08.201304+00:00 mail postfix/master[41333]: fatal: chmod socket private/smtpd: Invalid argument
2025-11-21T07:42:14.287972+00:00 mail postfix/postfix-script[41411]: starting the Postfix mail system
2025-11-21T07:42:14.296285+00:00 mail postfix/master[41412]: fatal: chmod socket private/smtpd: Invalid argument
2025-11-21T07:42:20.418517+00:00 mail postfix/postfix-script[41490]: starting the Postfix mail system
2025-11-21T07:42:20.430142+00:00 mail postfix/master[41491]: fatal: chmod socket private/smtpd: Invalid argument
2025-11-21T07:42:27.011870+00:00 mail postfix/postfix-script[41569]: starting the Postfix mail system
2025-11-21T07:42:27.024404+00:00 mail postfix/master[41570]: fatal: chmod socket private/smtpd: Invalid argument
2025-11-21T07:42:32.698676+00:00 mail postfix/postfix-script[41648]: starting the Postfix mail system
2025-11-21T07:42:32.707959+00:00 mail postfix/master[41649]: fatal: chmod socket private/smtpd: Invalid argument
2025-11-21T07:42:38.890428+00:00 mail postfix/postfix-script[41727]: starting the Postfix mail system
2025-11-21T07:42:38.898736+00:00 mail postfix/master[41728]: fatal: chmod socket private/smtpd: Invalid argument
2025-11-21T07:42:45.296985+00:00 mail postfix/postfix-script[41806]: starting the Postfix mail system
2025-11-21T07:42:45.308230+00:00 mail postfix/master[41807]: fatal: chmod socket private/smtpd: Invalid argument
2025-11-21T07:42:51.529792+00:00 mail postfix/postfix-script[41885]: starting the Postfix mail system
2025-11-21T07:42:51.539147+00:00 mail postfix/master[41886]: fatal: chmod socket private/smtpd: Invalid argument
2025-11-21T07:42:57.866465+00:00 mail postfix/postfix-script[41964]: starting the Postfix mail system
2025-11-21T07:42:57.878598+00:00 mail postfix/master[41965]: fatal: chmod socket private/smtpd: Invalid argument
2025-11-21T07:43:03.846743+00:00 mail postfix/postfix-script[42043]: starting the Postfix mail system
2025-11-21T07:43:03.858564+00:00 mail postfix/master[42044]: fatal: chmod socket private/smtpd: Invalid argument
2025-11-21T07:43:10.332100+00:00 mail postfix/postfix-script[42122]: starting the Postfix mail system
2025-11-21T07:43:10.345012+00:00 mail postfix/master[42123]: fatal: chmod socket private/smtpd: Invalid argument
2025-11-21T07:43:16.798790+00:00 mail postfix/postfix-script[42201]: starting the Postfix mail system
2025-11-21T07:43:16.821223+00:00 mail postfix/master[42202]: fatal: chmod socket private/smtpd: Invalid argument
2025-11-21T07:43:22.924768+00:00 mail postfix/postfix-script[42280]: starting the Postfix mail system
2025-11-21T07:43:23.017684+00:00 mail postfix/master[42281]: fatal: chmod socket private/smtpd: Invalid argument
2025-11-21T07:43:29.021789+00:00 mail postfix/postfix-script[42359]: starting the Postfix mail system
2025-11-21T07:43:29.035855+00:00 mail postfix/master[42360]: fatal: chmod socket private/smtpd: Invalid argument
2025-11-21T07:43:34.957700+00:00 mail postfix/postfix-script[42438]: starting the Postfix mail system
2025-11-21T07:43:34.969129+00:00 mail postfix/master[42439]: fatal: chmod socket private/smtpd: Invalid argument
2025-11-21T07:43:41.363234+00:00 mail postfix/postfix-script[42520]: starting the Postfix mail system
2025-11-21T07:43:41.374908+00:00 mail postfix/master[42521]: fatal: chmod socket private/smtpd: Invalid argument
2025-11-21T07:43:48.040638+00:00 mail postfix/postfix-script[42599]: starting the Postfix mail system
2025-11-21T07:43:48.052008+00:00 mail postfix/master[42600]: fatal: chmod socket private/smtpd: Invalid argument
2025-11-21T07:43:53.927632+00:00 mail postfix/postfix-script[42678]: starting the Postfix mail system
2025-11-21T07:43:53.942678+00:00 mail postfix/master[42679]: fatal: chmod socket private/smtpd: Invalid argument
2025-11-21T07:44:00.518154+00:00 mail postfix/postfix-script[42757]: starting the Postfix mail system
2025-11-21T07:44:00.533476+00:00 mail postfix/master[42758]: fatal: chmod socket private/smtpd: Invalid argument
2025-11-21T07:44:06.983593+00:00 mail postfix/postfix-script[42836]: starting the Postfix mail system
2025-11-21T07:44:07.004620+00:00 mail postfix/master[42837]: fatal: chmod socket private/smtpd: Invalid argument
2025-11-21T07:44:13.571369+00:00 mail postfix/postfix-script[42915]: starting the Postfix mail system
2025-11-21T07:44:13.633592+00:00 mail postfix/master[42916]: fatal: chmod socket private/smtpd: Invalid argument
2025-11-21T07:44:19.901266+00:00 mail postfix/postfix-script[42994]: starting the Postfix mail system
2025-11-21T07:44:19.926288+00:00 mail postfix/master[42995]: fatal: chmod socket private/smtpd: Invalid argument
2025-11-21T07:44:26.014783+00:00 mail postfix/postfix-script[43073]: starting the Postfix mail system
2025-11-21T07:44:26.033665+00:00 mail postfix/master[43074]: fatal: chmod socket private/smtpd: Invalid argument
2025-11-21T07:44:31.445026+00:00 mail postfix/postfix-script[43152]: starting the Postfix mail system
2025-11-21T07:44:31.469167+00:00 mail postfix/master[43153]: fatal: chmod socket private/smtpd: Invalid argument
2025-11-21T07:44:37.561414+00:00 mail postfix/postfix-script[43231]: starting the Postfix mail system
2025-11-21T07:44:37.582321+00:00 mail postfix/master[43232]: fatal: chmod socket private/smtpd: Invalid argument
2025-11-21T07:44:44.284662+00:00 mail postfix/postfix-script[43310]: starting the Postfix mail system
2025-11-21T07:44:44.309908+00:00 mail postfix/master[43311]: fatal: chmod socket private/smtpd: Invalid argument
2025-11-21T07:44:50.833828+00:00 mail postfix/postfix-script[43392]: starting the Postfix mail system
2025-11-21T07:44:50.861391+00:00 mail postfix/master[43393]: fatal: chmod socket private/smtpd: Invalid argument
2025-11-21T07:44:57.849708+00:00 mail postfix/postfix-script[43471]: starting the Postfix mail system
2025-11-21T07:44:57.885437+00:00 mail postfix/master[43472]: fatal: chmod socket private/smtpd: Invalid argument
2025-11-21T07:45:05.525694+00:00 mail postfix/postfix-script[43553]: starting the Postfix mail system
2025-11-21T07:45:05.544258+00:00 mail postfix/master[43554]: fatal: chmod socket private/smtpd: Invalid argument
2025-11-21T07:45:11.581053+00:00 mail postfix/postfix-script[43632]: starting the Postfix mail system
2025-11-21T07:45:11.662979+00:00 mail postfix/master[43633]: fatal: chmod socket private/smtpd: Invalid argument
2025-11-21T07:45:17.451116+00:00 mail postfix/postfix-script[43711]: starting the Postfix mail system
2025-11-21T07:45:17.476874+00:00 mail postfix/master[43712]: fatal: chmod socket private/smtpd: Invalid argument
2025-11-21T07:45:24.538882+00:00 mail postfix/postfix-script[43790]: starting the Postfix mail system
2025-11-21T07:45:24.563558+00:00 mail postfix/master[43791]: fatal: chmod socket private/smtpd: Invalid argument
2025-11-21T07:45:31.111051+00:00 mail postfix/postfix-script[43869]: starting the Postfix mail system
2025-11-21T07:45:31.143195+00:00 mail postfix/master[43870]: fatal: chmod socket private/smtpd: Invalid argument
2025-11-21T07:45:35.985429+00:00 mail postfix/postfix-script[43948]: starting the Postfix mail system
2025-11-21T07:45:36.003375+00:00 mail postfix/master[43949]: fatal: chmod socket private/smtpd: Invalid argument
2025-11-21T07:45:42.324984+00:00 mail postfix/postfix-script[44027]: starting the Postfix mail system
2025-11-21T07:45:42.364938+00:00 mail postfix/master[44028]: fatal: chmod socket private/smtpd: Invalid argument
2025-11-21T07:45:50.411395+00:00 mail postfix/postfix-script[44109]: starting the Postfix mail system
2025-11-21T07:45:50.430512+00:00 mail postfix/master[44110]: fatal: chmod socket private/smtpd: Invalid argument
2025-11-21T07:45:56.825803+00:00 mail postfix/postfix-script[44188]: starting the Postfix mail system
2025-11-21T07:45:56.843402+00:00 mail postfix/master[44189]: fatal: chmod socket private/smtpd: Invalid argument
2025-11-21T07:46:03.077778+00:00 mail postfix/postfix-script[44267]: starting the Postfix mail system
2025-11-21T07:46:03.097952+00:00 mail postfix/master[44268]: fatal: chmod socket private/smtpd: Invalid argument
2025-11-21T07:46:09.176734+00:00 mail postfix/postfix-script[44346]: starting the Postfix mail system
2025-11-21T07:46:09.200541+00:00 mail postfix/master[44347]: fatal: chmod socket private/smtpd: Invalid argument
2025-11-21T07:46:15.963806+00:00 mail postfix/postfix-script[44425]: starting the Postfix mail system
2025-11-21T07:46:16.015406+00:00 mail postfix/master[44426]: fatal: chmod socket private/smtpd: Invalid argument
2025-11-21T07:46:22.979371+00:00 mail postfix/postfix-script[44507]: starting the Postfix mail system
2025-11-21T07:46:23.014344+00:00 mail postfix/master[44508]: fatal: chmod socket private/smtpd: Invalid argument
2025-11-21T07:46:28.814324+00:00 mail postfix/postfix-script[44583]: starting the Postfix mail system
2025-11-21T07:46:28.834272+00:00 mail postfix/master[44584]: fatal: chmod socket private/smtpd: Invalid argument
2025-11-21T07:46:35.072983+00:00 mail postfix/postfix-script[44662]: starting the Postfix mail system
2025-11-21T07:46:35.089444+00:00 mail postfix/master[44663]: fatal: chmod socket private/smtpd: Invalid argument
2025-11-21T07:46:42.234343+00:00 mail postfix/postfix-script[44744]: starting the Postfix mail system
2025-11-21T07:46:42.251346+00:00 mail postfix/master[44745]: fatal: chmod socket private/smtpd: Invalid argument
2025-11-21T07:46:48.584829+00:00 mail postfix/postfix-script[44823]: starting the Postfix mail system
2025-11-21T07:46:48.603373+00:00 mail postfix/master[44824]: fatal: chmod socket private/smtpd: Invalid argument
2025-11-21T07:46:54.706773+00:00 mail postfix/postfix-script[44902]: starting the Postfix mail system
2025-11-21T07:46:54.728512+00:00 mail postfix/master[44903]: fatal: chmod socket private/smtpd: Invalid argument
2025-11-21T07:47:01.713632+00:00 mail postfix/postfix-script[44981]: starting the Postfix mail system
2025-11-21T07:47:01.732901+00:00 mail postfix/master[44982]: fatal: chmod socket private/smtpd: Invalid argument
2025-11-21T07:47:08.003672+00:00 mail postfix/postfix-script[45063]: starting the Postfix mail system
2025-11-21T07:47:08.120650+00:00 mail postfix/master[45064]: fatal: chmod socket private/smtpd: Invalid argument
2025-11-21T07:47:14.510063+00:00 mail postfix/postfix-script[45142]: starting the Postfix mail system
2025-11-21T07:47:14.528996+00:00 mail postfix/master[45143]: fatal: chmod socket private/smtpd: Invalid argument
2025-11-21T07:47:20.878633+00:00 mail postfix/postfix-script[45221]: starting the Postfix mail system
2025-11-21T07:47:20.944072+00:00 mail postfix/master[45222]: fatal: chmod socket private/smtpd: Invalid argument
2025-11-21T07:47:27.165018+00:00 mail postfix/postfix-script[45300]: starting the Postfix mail system
2025-11-21T07:47:27.186292+00:00 mail postfix/master[45301]: fatal: chmod socket private/smtpd: Invalid argument
2025-11-21T07:47:33.503801+00:00 mail postfix/postfix-script[45379]: starting the Postfix mail system
2025-11-21T07:47:33.557595+00:00 mail postfix/master[45380]: fatal: chmod socket private/smtpd: Invalid argument
2025-11-21T07:47:39.799123+00:00 mail postfix/postfix-script[45458]: starting the Postfix mail system
2025-11-21T07:47:39.819033+00:00 mail postfix/master[45459]: fatal: chmod socket private/smtpd: Invalid argument
2025-11-21T07:47:46.509161+00:00 mail postfix/postfix-script[45537]: starting the Postfix mail system
2025-11-21T07:47:46.576300+00:00 mail postfix/master[45538]: fatal: chmod socket private/smtpd: Invalid argument
2025-11-21T07:47:52.137224+00:00 mail postfix/postfix-script[45616]: starting the Postfix mail system
2025-11-21T07:47:52.154350+00:00 mail postfix/master[45617]: fatal: chmod socket private/smtpd: Invalid argument
2025-11-21T07:47:58.740373+00:00 mail postfix/postfix-script[45695]: starting the Postfix mail system
2025-11-21T07:47:58.766238+00:00 mail postfix/master[45696]: fatal: chmod socket private/smtpd: Invalid argument
2025-11-21T07:48:05.734707+00:00 mail postfix/postfix-script[45777]: starting the Postfix mail system
2025-11-21T07:48:05.754915+00:00 mail postfix/master[45778]: fatal: chmod socket private/smtpd: Invalid argument
2025-11-21T07:48:12.608592+00:00 mail postfix/postfix-script[45856]: starting the Postfix mail system
2025-11-21T07:48:12.725315+00:00 mail postfix/master[45857]: fatal: chmod socket private/smtpd: Invalid argument
2025-11-21T07:48:18.505133+00:00 mail postfix/postfix-script[45935]: starting the Postfix mail system
2025-11-21T07:48:18.526520+00:00 mail postfix/master[45936]: fatal: chmod socket private/smtpd: Invalid argument
2025-11-21T07:48:25.751821+00:00 mail postfix/postfix-script[46017]: starting the Postfix mail system
2025-11-21T07:48:25.832499+00:00 mail postfix/master[46018]: fatal: chmod socket private/smtpd: Invalid argument
2025-11-21T07:48:32.615769+00:00 mail postfix/postfix-script[46096]: starting the Postfix mail system
2025-11-21T07:48:32.636213+00:00 mail postfix/master[46097]: fatal: chmod socket private/smtpd: Invalid argument
2025-11-21T07:48:39.371395+00:00 mail postfix/postfix-script[46175]: starting the Postfix mail system
2025-11-21T07:48:39.395431+00:00 mail postfix/master[46176]: fatal: chmod socket private/smtpd: Invalid argument
2025-11-21T07:48:46.140225+00:00 mail postfix/postfix-script[46254]: starting the Postfix mail system
2025-11-21T07:48:46.158589+00:00 mail postfix/master[46255]: fatal: chmod socket private/smtpd: Invalid argument
2025-11-21T07:48:52.043877+00:00 mail postfix/postfix-script[46333]: starting the Postfix mail system
2025-11-21T07:48:52.067786+00:00 mail postfix/master[46334]: fatal: chmod socket private/smtpd: Invalid argument
2025-11-21T07:48:58.637384+00:00 mail postfix/postfix-script[46412]: starting the Postfix mail system
2025-11-21T07:48:58.658638+00:00 mail postfix/master[46413]: fatal: chmod socket private/smtpd: Invalid argument
2025-11-21T07:49:05.621630+00:00 mail postfix/postfix-script[46491]: starting the Postfix mail system
2025-11-21T07:49:05.697712+00:00 mail postfix/master[46492]: fatal: chmod socket private/smtpd: Invalid argument
2025-11-21T07:49:12.500781+00:00 mail postfix/postfix-script[46573]: starting the Postfix mail system
2025-11-21T07:49:12.535214+00:00 mail postfix/master[46574]: fatal: chmod socket private/smtpd: Invalid argument
2025-11-21T07:49:18.287676+00:00 mail postfix/postfix-script[46652]: starting the Postfix mail system
2025-11-21T07:49:18.304487+00:00 mail postfix/master[46653]: fatal: chmod socket private/smtpd: Invalid argument
2025-11-21T07:49:24.683855+00:00 mail postfix/postfix-script[46731]: starting the Postfix mail system
2025-11-21T07:49:24.703490+00:00 mail postfix/master[46732]: fatal: chmod socket private/smtpd: Invalid argument
2025-11-21T07:49:31.427342+00:00 mail postfix/postfix-script[46810]: starting the Postfix mail system
2025-11-21T07:49:31.497064+00:00 mail postfix/master[46811]: fatal: chmod socket private/smtpd: Invalid argument
2025-11-21T07:49:37.522829+00:00 mail postfix/postfix-script[46889]: starting the Postfix mail system
2025-11-21T07:49:37.555394+00:00 mail postfix/master[46890]: fatal: chmod socket private/smtpd: Invalid argument
2025-11-21T07:49:44.708947+00:00 mail postfix/postfix-script[46971]: starting the Postfix mail system
2025-11-21T07:49:44.728885+00:00 mail postfix/master[46972]: fatal: chmod socket private/smtpd: Invalid argument
2025-11-21T07:49:51.510402+00:00 mail postfix/postfix-script[47050]: starting the Postfix mail system
2025-11-21T07:49:51.531855+00:00 mail postfix/master[47051]: fatal: chmod socket private/smtpd: Invalid argument
2025-11-21T07:49:57.459965+00:00 mail postfix/postfix-script[47129]: starting the Postfix mail system
2025-11-21T07:49:57.479468+00:00 mail postfix/master[47130]: fatal: chmod socket private/smtpd: Invalid argument
2025-11-21T07:50:03.581225+00:00 mail postfix/postfix-script[47208]: starting the Postfix mail system
2025-11-21T07:50:03.603698+00:00 mail postfix/master[47209]: fatal: chmod socket private/smtpd: Invalid argument
2025-11-21T07:50:09.904809+00:00 mail postfix/postfix-script[47287]: starting the Postfix mail system
2025-11-21T07:50:09.927929+00:00 mail postfix/master[47288]: fatal: chmod socket private/smtpd: Invalid argument
2025-11-21T07:50:16.006820+00:00 mail postfix/postfix-script[47366]: starting the Postfix mail system
2025-11-21T07:50:16.029624+00:00 mail postfix/master[47367]: fatal: chmod socket private/smtpd: Invalid argument
2025-11-21T07:50:23.054307+00:00 mail postfix/postfix-script[47445]: starting the Postfix mail system
2025-11-21T07:50:23.081168+00:00 mail postfix/master[47446]: fatal: chmod socket private/smtpd: Invalid argument
2025-11-21T07:50:29.171048+00:00 mail postfix/postfix-script[47524]: starting the Postfix mail system
2025-11-21T07:50:29.263025+00:00 mail postfix/master[47525]: fatal: chmod socket private/smtpd: Invalid argument
2025-11-21T07:50:35.789041+00:00 mail postfix/postfix-script[47606]: starting the Postfix mail system
2025-11-21T07:50:35.808472+00:00 mail postfix/master[47607]: fatal: chmod socket private/smtpd: Invalid argument
2025-11-21T07:50:42.667885+00:00 mail postfix/postfix-script[47685]: starting the Postfix mail system
2025-11-21T07:50:42.688850+00:00 mail postfix/master[47686]: fatal: chmod socket private/smtpd: Invalid argument
2025-11-21T07:50:49.009320+00:00 mail postfix/postfix-script[47764]: starting the Postfix mail system
2025-11-21T07:50:49.077501+00:00 mail postfix/master[47765]: fatal: chmod socket private/smtpd: Invalid argument
2025-11-21T07:50:55.184383+00:00 mail postfix/postfix-script[47843]: starting the Postfix mail system
2025-11-21T07:50:55.202431+00:00 mail postfix/master[47844]: fatal: chmod socket private/smtpd: Invalid argument
2025-11-21T07:51:01.689698+00:00 mail postfix/postfix-script[47922]: starting the Postfix mail system
2025-11-21T07:51:01.706037+00:00 mail postfix/master[47923]: fatal: chmod socket private/smtpd: Invalid argument
2025-11-21T07:51:08.236094+00:00 mail postfix/postfix-script[48001]: starting the Postfix mail system
2025-11-21T07:51:08.273219+00:00 mail postfix/master[48002]: fatal: chmod socket private/smtpd: Invalid argument
2025-11-21T07:51:15.907391+00:00 mail postfix/postfix-script[48083]: starting the Postfix mail system
2025-11-21T07:51:16.006314+00:00 mail postfix/master[48084]: fatal: chmod socket private/smtpd: Invalid argument
2025-11-21T07:51:21.427671+00:00 mail postfix/postfix-script[48162]: starting the Postfix mail system
2025-11-21T07:51:21.444685+00:00 mail postfix/master[48163]: fatal: chmod socket private/smtpd: Invalid argument
2025-11-21T07:51:27.680693+00:00 mail postfix/postfix-script[48241]: starting the Postfix mail system
2025-11-21T07:51:27.703312+00:00 mail postfix/master[48242]: fatal: chmod socket private/smtpd: Invalid argument
2025-11-21T07:51:35.316865+00:00 mail postfix/postfix-script[48323]: starting the Postfix mail system
2025-11-21T07:51:35.356893+00:00 mail postfix/master[48324]: fatal: chmod socket private/smtpd: Invalid argument
2025-11-21T07:51:41.218870+00:00 mail postfix/postfix-script[48399]: starting the Postfix mail system
2025-11-21T07:51:41.241491+00:00 mail postfix/master[48400]: fatal: chmod socket private/smtpd: Invalid argument
2025-11-21T07:51:46.912844+00:00 mail postfix/postfix-script[48478]: starting the Postfix mail system
2025-11-21T07:51:46.924524+00:00 mail postfix/master[48479]: fatal: chmod socket private/smtpd: Invalid argument
2025-11-21T07:51:53.597987+00:00 mail postfix/postfix-script[48557]: starting the Postfix mail system
2025-11-21T07:51:53.615822+00:00 mail postfix/master[48558]: fatal: chmod socket private/smtpd: Invalid argument
2025-11-21T07:52:00.073722+00:00 mail postfix/postfix-script[48639]: starting the Postfix mail system
2025-11-21T07:52:00.089857+00:00 mail postfix/master[48640]: fatal: chmod socket private/smtpd: Invalid argument
2025-11-21T07:52:06.419959+00:00 mail postfix/postfix-script[48718]: starting the Postfix mail system
2025-11-21T07:52:06.437002+00:00 mail postfix/master[48719]: fatal: chmod socket private/smtpd: Invalid argument
2025-11-21T07:52:12.714187+00:00 mail postfix/postfix-script[48797]: starting the Postfix mail system
2025-11-21T07:52:12.744943+00:00 mail postfix/master[48798]: fatal: chmod socket private/smtpd: Invalid argument
2025-11-21T07:52:19.705786+00:00 mail postfix/postfix-script[48876]: starting the Postfix mail system
2025-11-21T07:52:19.716958+00:00 mail postfix/master[48877]: fatal: chmod socket private/smtpd: Invalid argument
2025-11-21T07:52:26.875513+00:00 mail postfix/postfix-script[48958]: starting the Postfix mail system
2025-11-21T07:52:26.894384+00:00 mail postfix/master[48959]: fatal: chmod socket private/smtpd: Invalid argument
2025-11-21T07:52:32.583758+00:00 mail postfix/postfix-script[49037]: starting the Postfix mail system
2025-11-21T07:52:32.599730+00:00 mail postfix/master[49038]: fatal: chmod socket private/smtpd: Invalid argument
2025-11-21T07:52:39.055863+00:00 mail postfix/postfix-script[49116]: starting the Postfix mail system
2025-11-21T07:52:39.138000+00:00 mail postfix/master[49117]: fatal: chmod socket private/smtpd: Invalid argument
2025-11-21T07:52:45.257965+00:00 mail postfix/postfix-script[49195]: starting the Postfix mail system
2025-11-21T07:52:45.279175+00:00 mail postfix/master[49196]: fatal: chmod socket private/smtpd: Invalid argument
2025-11-21T07:52:52.339841+00:00 mail postfix/postfix-script[49274]: starting the Postfix mail system
2025-11-21T07:52:52.358025+00:00 mail postfix/master[49275]: fatal: chmod socket private/smtpd: Invalid argument
2025-11-21T07:52:58.451097+00:00 mail postfix/postfix-script[49353]: starting the Postfix mail system
2025-11-21T07:52:58.472996+00:00 mail postfix/master[49354]: fatal: chmod socket private/smtpd: Invalid argument
2025-11-21T07:53:04.641873+00:00 mail postfix/postfix-script[49432]: starting the Postfix mail system
2025-11-21T07:53:04.664344+00:00 mail postfix/master[49433]: fatal: chmod socket private/smtpd: Invalid argument
2025-11-21T07:53:11.519614+00:00 mail postfix/postfix-script[49514]: starting the Postfix mail system
2025-11-21T07:53:11.539861+00:00 mail postfix/master[49515]: fatal: chmod socket private/smtpd: Invalid argument
2025-11-21T07:53:17.616148+00:00 mail postfix/postfix-script[49593]: starting the Postfix mail system
2025-11-21T07:53:17.636723+00:00 mail postfix/master[49594]: fatal: chmod socket private/smtpd: Invalid argument
2025-11-21T07:53:23.133482+00:00 mail postfix/postfix-script[49669]: starting the Postfix mail system
2025-11-21T07:53:23.150661+00:00 mail postfix/master[49670]: fatal: chmod socket private/smtpd: Invalid argument
2025-11-21T07:53:28.875723+00:00 mail postfix/postfix-script[49748]: starting the Postfix mail system
2025-11-21T07:53:28.892260+00:00 mail postfix/master[49749]: fatal: chmod socket private/smtpd: Invalid argument
2025-11-21T07:53:35.614287+00:00 mail postfix/postfix-script[49827]: starting the Postfix mail system
2025-11-21T07:53:35.631783+00:00 mail postfix/master[49829]: fatal: chmod socket private/smtpd: Invalid argument
2025-11-21T07:53:41.660479+00:00 mail postfix/postfix-script[49906]: starting the Postfix mail system
2025-11-21T07:53:41.683348+00:00 mail postfix/master[49907]: fatal: chmod socket private/smtpd: Invalid argument
2025-11-21T07:53:47.883319+00:00 mail postfix/postfix-script[49988]: starting the Postfix mail system
2025-11-21T07:53:47.902247+00:00 mail postfix/master[49989]: fatal: chmod socket private/smtpd: Invalid argument
2025-11-21T07:53:54.640439+00:00 mail postfix/postfix-script[50067]: starting the Postfix mail system
2025-11-21T07:53:54.657756+00:00 mail postfix/master[50068]: fatal: chmod socket private/smtpd: Invalid argument
2025-11-21T07:54:00.740854+00:00 mail postfix/postfix-script[50146]: starting the Postfix mail system
2025-11-21T07:54:00.756805+00:00 mail postfix/master[50147]: fatal: chmod socket private/smtpd: Invalid argument
2025-11-21T07:54:07.614662+00:00 mail postfix/postfix-script[50225]: starting the Postfix mail system
2025-11-21T07:54:07.631232+00:00 mail postfix/master[50226]: fatal: chmod socket private/smtpd: Invalid argument
2025-11-21T07:54:14.287355+00:00 mail postfix/postfix-script[50307]: starting the Postfix mail system
2025-11-21T07:54:14.309734+00:00 mail postfix/master[50308]: fatal: chmod socket private/smtpd: Invalid argument
2025-11-21T07:54:20.431924+00:00 mail postfix/postfix-script[50386]: starting the Postfix mail system
2025-11-21T07:54:20.451333+00:00 mail postfix/master[50387]: fatal: chmod socket private/smtpd: Invalid argument
2025-11-21T07:54:26.353694+00:00 mail postfix/postfix-script[50465]: starting the Postfix mail system
2025-11-21T07:54:26.424051+00:00 mail postfix/master[50466]: fatal: chmod socket private/smtpd: Invalid argument
2025-11-21T07:54:32.582298+00:00 mail postfix/postfix-script[50544]: starting the Postfix mail system
2025-11-21T07:54:32.597725+00:00 mail postfix/master[50545]: fatal: chmod socket private/smtpd: Invalid argument
2025-11-21T07:54:39.086152+00:00 mail postfix/postfix-script[50623]: starting the Postfix mail system
2025-11-21T07:54:39.127786+00:00 mail postfix/master[50624]: fatal: chmod socket private/smtpd: Invalid argument
2025-11-21T07:54:45.374299+00:00 mail postfix/postfix-script[50702]: starting the Postfix mail system
2025-11-21T07:54:45.545476+00:00 mail postfix/master[50703]: fatal: chmod socket private/smtpd: Invalid argument
2025-11-21T07:54:51.980737+00:00 mail postfix/postfix-script[50781]: starting the Postfix mail system
2025-11-21T07:54:52.010471+00:00 mail postfix/master[50782]: fatal: chmod socket private/smtpd: Invalid argument
2025-11-21T07:54:57.581707+00:00 mail postfix/postfix-script[50860]: starting the Postfix mail system
2025-11-21T07:54:57.598120+00:00 mail postfix/master[50861]: fatal: chmod socket private/smtpd: Invalid argument
2025-11-21T07:55:04.042940+00:00 mail postfix/postfix-script[50939]: starting the Postfix mail system
2025-11-21T07:55:04.073972+00:00 mail postfix/master[50940]: fatal: chmod socket private/smtpd: Invalid argument
2025-11-21T07:55:09.461321+00:00 mail postfix/postfix-script[51018]: starting the Postfix mail system
2025-11-21T07:55:09.471828+00:00 mail postfix/master[51019]: fatal: chmod socket private/smtpd: Invalid argument
2025-11-21T07:55:16.177660+00:00 mail postfix/postfix-script[51097]: starting the Postfix mail system
2025-11-21T07:55:16.197727+00:00 mail postfix/master[51098]: fatal: chmod socket private/smtpd: Invalid argument
2025-11-21T07:55:22.105190+00:00 mail postfix/postfix-script[51176]: starting the Postfix mail system
2025-11-21T07:55:22.135829+00:00 mail postfix/master[51177]: fatal: chmod socket private/smtpd: Invalid argument
2025-11-21T07:55:28.751736+00:00 mail postfix/postfix-script[51255]: starting the Postfix mail system
2025-11-21T07:55:28.768505+00:00 mail postfix/master[51256]: fatal: chmod socket private/smtpd: Invalid argument
2025-11-21T07:55:34.920763+00:00 mail postfix/postfix-script[51334]: starting the Postfix mail system
2025-11-21T07:55:34.941336+00:00 mail postfix/master[51335]: fatal: chmod socket private/smtpd: Invalid argument
2025-11-21T07:55:41.361693+00:00 mail postfix/postfix-script[51413]: starting the Postfix mail system
2025-11-21T07:55:41.378230+00:00 mail postfix/master[51414]: fatal: chmod socket private/smtpd: Invalid argument
2025-11-21T07:55:46.668111+00:00 mail postfix/postfix-script[51492]: starting the Postfix mail system
2025-11-21T07:55:46.678922+00:00 mail postfix/master[51493]: fatal: chmod socket private/smtpd: Invalid argument
2025-11-21T07:55:52.877154+00:00 mail postfix/postfix-script[51571]: starting the Postfix mail system
2025-11-21T07:55:52.889646+00:00 mail postfix/master[51572]: fatal: chmod socket private/smtpd: Invalid argument
2025-11-21T07:55:59.239202+00:00 mail postfix/postfix-script[51650]: starting the Postfix mail system
2025-11-21T07:55:59.251985+00:00 mail postfix/master[51651]: fatal: chmod socket private/smtpd: Invalid argument
2025-11-21T07:56:06.159670+00:00 mail postfix/postfix-script[51732]: starting the Postfix mail system
2025-11-21T07:56:06.183886+00:00 mail postfix/master[51733]: fatal: chmod socket private/smtpd: Invalid argument
2025-11-21T07:56:12.368899+00:00 mail postfix/postfix-script[51811]: starting the Postfix mail system
2025-11-21T07:56:12.387005+00:00 mail postfix/master[51812]: fatal: chmod socket private/smtpd: Invalid argument
2025-11-21T07:56:18.438009+00:00 mail postfix/postfix-script[51890]: starting the Postfix mail system
2025-11-21T07:56:18.452304+00:00 mail postfix/master[51891]: fatal: chmod socket private/smtpd: Invalid argument
2025-11-21T07:56:24.798320+00:00 mail postfix/postfix-script[51969]: starting the Postfix mail system
2025-11-21T07:56:24.942467+00:00 mail postfix/master[51970]: fatal: chmod socket private/smtpd: Invalid argument
2025-11-21T07:56:30.513638+00:00 mail postfix/postfix-script[52048]: starting the Postfix mail system
2025-11-21T07:56:30.531431+00:00 mail postfix/master[52049]: fatal: chmod socket private/smtpd: Invalid argument
2025-11-21T07:56:37.048328+00:00 mail postfix/postfix-script[52127]: starting the Postfix mail system
2025-11-21T07:56:37.066563+00:00 mail postfix/master[52128]: fatal: chmod socket private/smtpd: Invalid argument
2025-11-21T07:56:43.020092+00:00 mail postfix/postfix-script[52206]: starting the Postfix mail system
2025-11-21T07:56:43.038669+00:00 mail postfix/master[52207]: fatal: chmod socket private/smtpd: Invalid argument
2025-11-21T07:56:49.038234+00:00 mail postfix/postfix-script[52285]: starting the Postfix mail system
2025-11-21T07:56:49.058027+00:00 mail postfix/master[52286]: fatal: chmod socket private/smtpd: Invalid argument
2025-11-21T07:56:55.289346+00:00 mail postfix/postfix-script[52364]: starting the Postfix mail system
2025-11-21T07:56:55.302279+00:00 mail postfix/master[52365]: fatal: chmod socket private/smtpd: Invalid argument
2025-11-21T07:57:01.011720+00:00 mail postfix/postfix-script[52443]: starting the Postfix mail system
2025-11-21T07:57:01.037562+00:00 mail postfix/master[52444]: fatal: chmod socket private/smtpd: Invalid argument
2025-11-21T07:57:06.830466+00:00 mail postfix/postfix-script[52519]: starting the Postfix mail system
2025-11-21T07:57:06.843473+00:00 mail postfix/master[52520]: fatal: chmod socket private/smtpd: Invalid argument
2025-11-21T07:57:13.658034+00:00 mail postfix/postfix-script[52601]: starting the Postfix mail system
2025-11-21T07:57:13.695461+00:00 mail postfix/master[52602]: fatal: chmod socket private/smtpd: Invalid argument
2025-11-21T07:57:20.201846+00:00 mail postfix/postfix-script[52680]: starting the Postfix mail system
2025-11-21T07:57:20.222123+00:00 mail postfix/master[52681]: fatal: chmod socket private/smtpd: Invalid argument
2025-11-21T07:57:26.097794+00:00 mail postfix/postfix-script[52759]: starting the Postfix mail system
2025-11-21T07:57:26.120269+00:00 mail postfix/master[52760]: fatal: chmod socket private/smtpd: Invalid argument
2025-11-21T07:57:33.072154+00:00 mail postfix/postfix-script[52838]: starting the Postfix mail system
2025-11-21T07:57:33.103492+00:00 mail postfix/master[52839]: fatal: chmod socket private/smtpd: Invalid argument
2025-11-21T07:57:39.013302+00:00 mail postfix/postfix-script[52917]: starting the Postfix mail system
2025-11-21T07:57:39.041743+00:00 mail postfix/master[52918]: fatal: chmod socket private/smtpd: Invalid argument
2025-11-21T07:57:45.752400+00:00 mail postfix/postfix-script[52999]: starting the Postfix mail system
2025-11-21T07:57:45.775353+00:00 mail postfix/master[53000]: fatal: chmod socket private/smtpd: Invalid argument
2025-11-21T07:57:51.430623+00:00 mail postfix/postfix-script[53075]: starting the Postfix mail system
2025-11-21T07:57:51.448818+00:00 mail postfix/master[53076]: fatal: chmod socket private/smtpd: Invalid argument
2025-11-21T07:57:57.509982+00:00 mail postfix/postfix-script[53154]: starting the Postfix mail system
2025-11-21T07:57:57.523269+00:00 mail postfix/master[53155]: fatal: chmod socket private/smtpd: Invalid argument
2025-11-21T07:58:03.733428+00:00 mail postfix/postfix-script[53233]: starting the Postfix mail system
2025-11-21T07:58:03.749330+00:00 mail postfix/master[53234]: fatal: chmod socket private/smtpd: Invalid argument
2025-11-21T07:58:10.095608+00:00 mail postfix/postfix-script[53315]: starting the Postfix mail system
2025-11-21T07:58:10.110262+00:00 mail postfix/master[53316]: fatal: chmod socket private/smtpd: Invalid argument
2025-11-21T07:58:16.472380+00:00 mail postfix/postfix-script[53394]: starting the Postfix mail system
2025-11-21T07:58:16.489035+00:00 mail postfix/master[53395]: fatal: chmod socket private/smtpd: Invalid argument
2025-11-21T07:58:22.294407+00:00 mail postfix/postfix-script[53473]: starting the Postfix mail system
2025-11-21T07:58:22.305012+00:00 mail postfix/master[53474]: fatal: chmod socket private/smtpd: Invalid argument
2025-11-21T07:58:28.438516+00:00 mail postfix/postfix-script[53552]: starting the Postfix mail system
2025-11-21T07:58:28.450889+00:00 mail postfix/master[53553]: fatal: chmod socket private/smtpd: Invalid argument
2025-11-21T07:58:34.472022+00:00 mail postfix/postfix-script[53631]: starting the Postfix mail system
2025-11-21T07:58:34.481686+00:00 mail postfix/master[53632]: fatal: chmod socket private/smtpd: Invalid argument
2025-11-21T07:58:40.521127+00:00 mail postfix/postfix-script[53710]: starting the Postfix mail system
2025-11-21T07:58:40.530424+00:00 mail postfix/master[53711]: fatal: chmod socket private/smtpd: Invalid argument
2025-11-21T07:58:46.764008+00:00 mail postfix/postfix-script[53789]: starting the Postfix mail system
2025-11-21T07:58:46.773194+00:00 mail postfix/master[53790]: fatal: chmod socket private/smtpd: Invalid argument
2025-11-21T07:58:54.186443+00:00 mail postfix/postfix-script[53868]: starting the Postfix mail system
2025-11-21T07:58:54.202603+00:00 mail postfix/master[53869]: fatal: chmod socket private/smtpd: Invalid argument
2025-11-21T07:58:59.429984+00:00 mail postfix/postfix-script[53947]: starting the Postfix mail system
2025-11-21T07:58:59.439871+00:00 mail postfix/master[53948]: fatal: chmod socket private/smtpd: Invalid argument
2025-11-21T07:59:05.519089+00:00 mail postfix/postfix-script[54026]: starting the Postfix mail system
2025-11-21T07:59:05.528233+00:00 mail postfix/master[54027]: fatal: chmod socket private/smtpd: Invalid argument
2025-11-21T07:59:11.618312+00:00 mail postfix/postfix-script[54105]: starting the Postfix mail system
2025-11-21T07:59:11.626466+00:00 mail postfix/master[54106]: fatal: chmod socket private/smtpd: Invalid argument
2025-11-21T07:59:17.950376+00:00 mail postfix/postfix-script[54184]: starting the Postfix mail system
2025-11-21T07:59:17.958541+00:00 mail postfix/master[54185]: fatal: chmod socket private/smtpd: Invalid argument
2025-11-21T07:59:24.107887+00:00 mail postfix/postfix-script[54263]: starting the Postfix mail system
2025-11-21T07:59:24.120761+00:00 mail postfix/master[54264]: fatal: chmod socket private/smtpd: Invalid argument
2025-11-21T07:59:30.168612+00:00 mail postfix/postfix-script[54342]: starting the Postfix mail system
2025-11-21T07:59:30.176039+00:00 mail postfix/master[54343]: fatal: chmod socket private/smtpd: Invalid argument
2025-11-21T07:59:36.307781+00:00 mail postfix/postfix-script[54421]: starting the Postfix mail system
2025-11-21T07:59:36.317314+00:00 mail postfix/master[54422]: fatal: chmod socket private/smtpd: Invalid argument
2025-11-21T07:59:42.471857+00:00 mail postfix/postfix-script[54500]: starting the Postfix mail system
2025-11-21T07:59:42.481463+00:00 mail postfix/master[54501]: fatal: chmod socket private/smtpd: Invalid argument
2025-11-21T07:59:48.552129+00:00 mail postfix/postfix-script[54579]: starting the Postfix mail system
2025-11-21T07:59:48.563694+00:00 mail postfix/master[54580]: fatal: chmod socket private/smtpd: Invalid argument
2025-11-21T07:59:54.763031+00:00 mail postfix/postfix-script[54661]: starting the Postfix mail system
2025-11-21T07:59:54.770698+00:00 mail postfix/master[54662]: fatal: chmod socket private/smtpd: Invalid argument
2025-11-21T08:00:00.961810+00:00 mail postfix/postfix-script[54740]: starting the Postfix mail system
2025-11-21T08:00:00.977658+00:00 mail postfix/master[54741]: fatal: chmod socket private/smtpd: Invalid argument
2025-11-21T08:00:07.287573+00:00 mail postfix/postfix-script[54819]: starting the Postfix mail system
2025-11-21T08:00:07.299924+00:00 mail postfix/master[54820]: fatal: chmod socket private/smtpd: Invalid argument
2025-11-21T08:00:13.181909+00:00 mail postfix/postfix-script[54898]: starting the Postfix mail system
2025-11-21T08:00:13.192287+00:00 mail postfix/master[54899]: fatal: chmod socket private/smtpd: Invalid argument
2025-11-21T08:00:19.325182+00:00 mail postfix/postfix-script[54977]: starting the Postfix mail system
2025-11-21T08:00:19.336746+00:00 mail postfix/master[54978]: fatal: chmod socket private/smtpd: Invalid argument
2025-11-21T08:00:25.443482+00:00 mail postfix/postfix-script[55056]: starting the Postfix mail system
2025-11-21T08:00:25.459950+00:00 mail postfix/master[55057]: fatal: chmod socket private/smtpd: Invalid argument
2025-11-21T08:00:31.772341+00:00 mail postfix/postfix-script[55135]: starting the Postfix mail system
2025-11-21T08:00:31.782604+00:00 mail postfix/master[55136]: fatal: chmod socket private/smtpd: Invalid argument
2025-11-21T08:00:37.824284+00:00 mail postfix/postfix-script[55214]: starting the Postfix mail system
2025-11-21T08:00:37.835754+00:00 mail postfix/master[55215]: fatal: chmod socket private/smtpd: Invalid argument
2025-11-21T08:00:44.039124+00:00 mail postfix/postfix-script[55293]: starting the Postfix mail system
2025-11-21T08:00:44.051843+00:00 mail postfix/master[55294]: fatal: chmod socket private/smtpd: Invalid argument
2025-11-21T08:00:50.466196+00:00 mail postfix/postfix-script[55372]: starting the Postfix mail system
2025-11-21T08:00:50.489472+00:00 mail postfix/master[55373]: fatal: chmod socket private/smtpd: Invalid argument
2025-11-21T08:00:56.189073+00:00 mail postfix/postfix-script[55451]: starting the Postfix mail system
2025-11-21T08:00:56.199903+00:00 mail postfix/master[55452]: fatal: chmod socket private/smtpd: Invalid argument
2025-11-21T08:01:02.294048+00:00 mail postfix/postfix-script[55530]: starting the Postfix mail system
2025-11-21T08:01:02.305939+00:00 mail postfix/master[55531]: fatal: chmod socket private/smtpd: Invalid argument
2025-11-21T08:01:08.402637+00:00 mail postfix/postfix-script[55609]: starting the Postfix mail system
2025-11-21T08:01:08.413854+00:00 mail postfix/master[55610]: fatal: chmod socket private/smtpd: Invalid argument
2025-11-21T08:01:14.565762+00:00 mail postfix/postfix-script[55688]: starting the Postfix mail system
2025-11-21T08:01:14.576261+00:00 mail postfix/master[55689]: fatal: chmod socket private/smtpd: Invalid argument
2025-11-21T08:01:20.761972+00:00 mail postfix/postfix-script[55767]: starting the Postfix mail system
2025-11-21T08:01:20.774983+00:00 mail postfix/master[55768]: fatal: chmod socket private/smtpd: Invalid argument
2025-11-21T08:01:26.737731+00:00 mail postfix/postfix-script[55846]: starting the Postfix mail system
2025-11-21T08:01:26.746702+00:00 mail postfix/master[55847]: fatal: chmod socket private/smtpd: Invalid argument
2025-11-21T08:01:32.896822+00:00 mail postfix/postfix-script[55925]: starting the Postfix mail system
2025-11-21T08:01:32.908591+00:00 mail postfix/master[55926]: fatal: chmod socket private/smtpd: Invalid argument
2025-11-21T08:01:39.037874+00:00 mail postfix/postfix-script[56004]: starting the Postfix mail system
2025-11-21T08:01:39.046109+00:00 mail postfix/master[56005]: fatal: chmod socket private/smtpd: Invalid argument
2025-11-21T08:01:44.998119+00:00 mail postfix/postfix-script[56083]: starting the Postfix mail system
2025-11-21T08:01:45.007200+00:00 mail postfix/master[56084]: fatal: chmod socket private/smtpd: Invalid argument
2025-11-21T08:01:51.189953+00:00 mail postfix/postfix-script[56162]: starting the Postfix mail system
2025-11-21T08:01:51.198834+00:00 mail postfix/master[56163]: fatal: chmod socket private/smtpd: Invalid argument
2025-11-21T08:01:57.312613+00:00 mail postfix/postfix-script[56241]: starting the Postfix mail system
2025-11-21T08:01:57.326612+00:00 mail postfix/master[56242]: fatal: chmod socket private/smtpd: Invalid argument
2025-11-21T08:02:03.381722+00:00 mail postfix/postfix-script[56320]: starting the Postfix mail system
2025-11-21T08:02:03.392521+00:00 mail postfix/master[56321]: fatal: chmod socket private/smtpd: Invalid argument
2025-11-21T08:02:09.622973+00:00 mail postfix/postfix-script[56399]: starting the Postfix mail system
2025-11-21T08:02:09.630634+00:00 mail postfix/master[56400]: fatal: chmod socket private/smtpd: Invalid argument
2025-11-21T08:02:15.596632+00:00 mail postfix/postfix-script[56478]: starting the Postfix mail system
2025-11-21T08:02:15.607140+00:00 mail postfix/master[56479]: fatal: chmod socket private/smtpd: Invalid argument
2025-11-21T08:02:21.672938+00:00 mail postfix/postfix-script[56557]: starting the Postfix mail system
2025-11-21T08:02:21.681828+00:00 mail postfix/master[56558]: fatal: chmod socket private/smtpd: Invalid argument
2025-11-21T08:02:27.851455+00:00 mail postfix/postfix-script[56636]: starting the Postfix mail system
2025-11-21T08:02:27.862320+00:00 mail postfix/master[56637]: fatal: chmod socket private/smtpd: Invalid argument
2025-11-21T08:02:33.918299+00:00 mail postfix/postfix-script[56715]: starting the Postfix mail system
2025-11-21T08:02:33.926663+00:00 mail postfix/master[56716]: fatal: chmod socket private/smtpd: Invalid argument
2025-11-21T08:02:40.198490+00:00 mail postfix/postfix-script[56797]: starting the Postfix mail system
2025-11-21T08:02:40.216252+00:00 mail postfix/master[56798]: fatal: chmod socket private/smtpd: Invalid argument
2025-11-21T08:02:46.103318+00:00 mail postfix/postfix-script[56873]: starting the Postfix mail system
2025-11-21T08:02:46.112888+00:00 mail postfix/master[56874]: fatal: chmod socket private/smtpd: Invalid argument
2025-11-21T08:02:52.236782+00:00 mail postfix/postfix-script[56955]: starting the Postfix mail system
2025-11-21T08:02:52.244932+00:00 mail postfix/master[56956]: fatal: chmod socket private/smtpd: Invalid argument
2025-11-21T08:02:58.369313+00:00 mail postfix/postfix-script[57034]: starting the Postfix mail system
2025-11-21T08:02:58.377498+00:00 mail postfix/master[57035]: fatal: chmod socket private/smtpd: Invalid argument
2025-11-21T08:03:04.406716+00:00 mail postfix/postfix-script[57113]: starting the Postfix mail system
2025-11-21T08:03:04.414617+00:00 mail postfix/master[57114]: fatal: chmod socket private/smtpd: Invalid argument
2025-11-21T08:03:10.538860+00:00 mail postfix/postfix-script[57192]: starting the Postfix mail system
2025-11-21T08:03:10.546562+00:00 mail postfix/master[57193]: fatal: chmod socket private/smtpd: Invalid argument
2025-11-21T08:03:16.742896+00:00 mail postfix/postfix-script[57271]: starting the Postfix mail system
2025-11-21T08:03:16.754707+00:00 mail postfix/master[57272]: fatal: chmod socket private/smtpd: Invalid argument
2025-11-21T08:03:22.761326+00:00 mail postfix/postfix-script[57350]: starting the Postfix mail system
2025-11-21T08:03:22.769388+00:00 mail postfix/master[57351]: fatal: chmod socket private/smtpd: Invalid argument
2025-11-21T08:03:30.336917+00:00 mail postfix/postfix-script[57429]: starting the Postfix mail system
2025-11-21T08:03:30.384478+00:00 mail postfix/master[57430]: fatal: chmod socket private/smtpd: Invalid argument
2025-11-21T08:03:35.561671+00:00 mail postfix/postfix-script[57508]: starting the Postfix mail system
2025-11-21T08:03:35.570462+00:00 mail postfix/master[57509]: fatal: chmod socket private/smtpd: Invalid argument
2025-11-21T08:03:41.498154+00:00 mail postfix/postfix-script[57587]: starting the Postfix mail system
2025-11-21T08:03:41.508298+00:00 mail postfix/master[57588]: fatal: chmod socket private/smtpd: Invalid argument
2025-11-21T08:03:47.561372+00:00 mail postfix/postfix-script[57666]: starting the Postfix mail system
2025-11-21T08:03:47.570421+00:00 mail postfix/master[57667]: fatal: chmod socket private/smtpd: Invalid argument
2025-11-21T08:03:53.696262+00:00 mail postfix/postfix-script[57745]: starting the Postfix mail system
2025-11-21T08:03:53.704901+00:00 mail postfix/master[57746]: fatal: chmod socket private/smtpd: Invalid argument
2025-11-21T08:03:59.760341+00:00 mail postfix/postfix-script[57824]: starting the Postfix mail system
2025-11-21T08:03:59.768135+00:00 mail postfix/master[57825]: fatal: chmod socket private/smtpd: Invalid argument
2025-11-21T08:04:05.846186+00:00 mail postfix/postfix-script[57903]: starting the Postfix mail system
2025-11-21T08:04:05.854306+00:00 mail postfix/master[57904]: fatal: chmod socket private/smtpd: Invalid argument
2025-11-21T08:04:11.948581+00:00 mail postfix/postfix-script[57982]: starting the Postfix mail system
2025-11-21T08:04:11.958046+00:00 mail postfix/master[57983]: fatal: chmod socket private/smtpd: Invalid argument
2025-11-21T08:04:18.178412+00:00 mail postfix/postfix-script[58061]: starting the Postfix mail system
2025-11-21T08:04:18.185887+00:00 mail postfix/master[58062]: fatal: chmod socket private/smtpd: Invalid argument
2025-11-21T08:04:24.150099+00:00 mail postfix/postfix-script[58140]: starting the Postfix mail system
2025-11-21T08:04:24.156650+00:00 mail postfix/master[58141]: fatal: chmod socket private/smtpd: Invalid argument
2025-11-21T08:04:30.214312+00:00 mail postfix/postfix-script[58219]: starting the Postfix mail system
2025-11-21T08:04:30.221717+00:00 mail postfix/master[58220]: fatal: chmod socket private/smtpd: Invalid argument
2025-11-21T08:04:36.263874+00:00 mail postfix/postfix-script[58298]: starting the Postfix mail system
2025-11-21T08:04:36.270133+00:00 mail postfix/master[58299]: fatal: chmod socket private/smtpd: Invalid argument
2025-11-21T08:04:42.481394+00:00 mail postfix/postfix-script[58377]: starting the Postfix mail system
2025-11-21T08:04:42.488971+00:00 mail postfix/master[58378]: fatal: chmod socket private/smtpd: Invalid argument
2025-11-21T08:04:48.518002+00:00 mail postfix/postfix-script[58456]: starting the Postfix mail system
2025-11-21T08:04:48.523435+00:00 mail postfix/master[58457]: fatal: chmod socket private/smtpd: Invalid argument
2025-11-21T08:04:55.080518+00:00 mail postfix/postfix-script[58538]: starting the Postfix mail system
2025-11-21T08:04:55.086934+00:00 mail postfix/master[58539]: fatal: chmod socket private/smtpd: Invalid argument
2025-11-21T08:05:01.087281+00:00 mail postfix/postfix-script[58614]: starting the Postfix mail system
2025-11-21T08:05:01.092902+00:00 mail postfix/master[58615]: fatal: chmod socket private/smtpd: Invalid argument
2025-11-21T08:05:07.815139+00:00 mail postfix/postfix-script[58696]: starting the Postfix mail system
2025-11-21T08:05:07.851417+00:00 mail postfix/master[58697]: fatal: chmod socket private/smtpd: Invalid argument
2025-11-21T08:05:13.735857+00:00 mail postfix/postfix-script[58775]: starting the Postfix mail system
2025-11-21T08:05:13.744550+00:00 mail postfix/master[58776]: fatal: chmod socket private/smtpd: Invalid argument
2025-11-21T08:05:19.783643+00:00 mail postfix/postfix-script[58854]: starting the Postfix mail system
2025-11-21T08:05:19.791911+00:00 mail postfix/master[58855]: fatal: chmod socket private/smtpd: Invalid argument
2025-11-21T08:05:25.895094+00:00 mail postfix/postfix-script[58933]: starting the Postfix mail system
2025-11-21T08:05:25.901706+00:00 mail postfix/master[58934]: fatal: chmod socket private/smtpd: Invalid argument
2025-11-21T08:05:31.992141+00:00 mail postfix/postfix-script[59012]: starting the Postfix mail system
2025-11-21T08:05:31.999411+00:00 mail postfix/master[59013]: fatal: chmod socket private/smtpd: Invalid argument
2025-11-21T08:05:38.153516+00:00 mail postfix/postfix-script[59091]: starting the Postfix mail system
2025-11-21T08:05:38.162570+00:00 mail postfix/master[59092]: fatal: chmod socket private/smtpd: Invalid argument
2025-11-21T08:05:44.318575+00:00 mail postfix/postfix-script[59170]: starting the Postfix mail system
2025-11-21T08:05:44.374137+00:00 mail postfix/master[59171]: fatal: chmod socket private/smtpd: Invalid argument
2025-11-21T08:05:50.478258+00:00 mail postfix/postfix-script[59249]: starting the Postfix mail system
2025-11-21T08:05:50.485621+00:00 mail postfix/master[59250]: fatal: chmod socket private/smtpd: Invalid argument
2025-11-21T08:05:56.746945+00:00 mail postfix/postfix-script[59328]: starting the Postfix mail system
2025-11-21T08:05:56.755707+00:00 mail postfix/master[59329]: fatal: chmod socket private/smtpd: Invalid argument
2025-11-21T08:06:02.927469+00:00 mail postfix/postfix-script[59407]: starting the Postfix mail system
2025-11-21T08:06:02.940192+00:00 mail postfix/master[59408]: fatal: chmod socket private/smtpd: Invalid argument
2025-11-21T08:06:10.215228+00:00 mail postfix/postfix-script[59489]: starting the Postfix mail system
2025-11-21T08:06:10.233964+00:00 mail postfix/master[59490]: fatal: chmod socket private/smtpd: Invalid argument
2025-11-21T08:06:16.654309+00:00 mail postfix/postfix-script[59568]: starting the Postfix mail system
2025-11-21T08:06:16.676504+00:00 mail postfix/master[59569]: fatal: chmod socket private/smtpd: Invalid argument
2025-11-21T08:06:22.903635+00:00 mail postfix/postfix-script[59647]: starting the Postfix mail system
2025-11-21T08:06:22.926072+00:00 mail postfix/master[59648]: fatal: chmod socket private/smtpd: Invalid argument
2025-11-21T08:06:29.841636+00:00 mail postfix/postfix-script[59726]: starting the Postfix mail system
2025-11-21T08:06:29.909482+00:00 mail postfix/master[59727]: fatal: chmod socket private/smtpd: Invalid argument
2025-11-21T08:06:36.398658+00:00 mail postfix/postfix-script[59805]: starting the Postfix mail system
2025-11-21T08:06:36.426741+00:00 mail postfix/master[59806]: fatal: chmod socket private/smtpd: Invalid argument
2025-11-21T08:06:42.319009+00:00 mail postfix/postfix-script[59884]: starting the Postfix mail system
2025-11-21T08:06:42.343868+00:00 mail postfix/master[59885]: fatal: chmod socket private/smtpd: Invalid argument
2025-11-21T08:06:48.869053+00:00 mail postfix/postfix-script[59966]: starting the Postfix mail system
2025-11-21T08:06:48.902745+00:00 mail postfix/master[59967]: fatal: chmod socket private/smtpd: Invalid argument
2025-11-21T08:06:55.598684+00:00 mail postfix/postfix-script[60045]: starting the Postfix mail system
2025-11-21T08:06:55.626123+00:00 mail postfix/master[60046]: fatal: chmod socket private/smtpd: Invalid argument
2025-11-21T08:07:01.859903+00:00 mail postfix/postfix-script[60124]: starting the Postfix mail system
2025-11-21T08:07:01.882323+00:00 mail postfix/master[60125]: fatal: chmod socket private/smtpd: Invalid argument
2025-11-21T08:07:08.532304+00:00 mail postfix/postfix-script[60203]: starting the Postfix mail system
2025-11-21T08:07:08.565728+00:00 mail postfix/master[60204]: fatal: chmod socket private/smtpd: Invalid argument
2025-11-21T08:07:14.543237+00:00 mail postfix/postfix-script[60282]: starting the Postfix mail system
2025-11-21T08:07:14.567177+00:00 mail postfix/master[60283]: fatal: chmod socket private/smtpd: Invalid argument
2025-11-21T08:07:20.039528+00:00 mail postfix/postfix-script[60361]: starting the Postfix mail system
2025-11-21T08:07:20.053470+00:00 mail postfix/master[60362]: fatal: chmod socket private/smtpd: Invalid argument
2025-11-21T08:07:26.178293+00:00 mail postfix/postfix-script[60440]: starting the Postfix mail system
2025-11-21T08:07:26.207725+00:00 mail postfix/master[60441]: fatal: chmod socket private/smtpd: Invalid argument
2025-11-21T08:07:32.560903+00:00 mail postfix/postfix-script[60519]: starting the Postfix mail system
2025-11-21T08:07:32.592564+00:00 mail postfix/master[60520]: fatal: chmod socket private/smtpd: Invalid argument
2025-11-21T08:07:38.761029+00:00 mail postfix/postfix-script[60598]: starting the Postfix mail system
2025-11-21T08:07:38.774844+00:00 mail postfix/master[60599]: fatal: chmod socket private/smtpd: Invalid argument
2025-11-21T08:07:43.878881+00:00 mail postfix/postfix-script[60677]: starting the Postfix mail system
2025-11-21T08:07:43.891300+00:00 mail postfix/master[60678]: fatal: chmod socket private/smtpd: Invalid argument
2025-11-21T08:07:50.668637+00:00 mail postfix/postfix-script[60756]: starting the Postfix mail system
2025-11-21T08:07:50.701735+00:00 mail postfix/master[60757]: fatal: chmod socket private/smtpd: Invalid argument
2025-11-21T08:07:56.268188+00:00 mail postfix/postfix-script[60835]: starting the Postfix mail system
2025-11-21T08:07:56.278714+00:00 mail postfix/master[60836]: fatal: chmod socket private/smtpd: Invalid argument
2025-11-21T08:08:02.617163+00:00 mail postfix/postfix-script[60914]: starting the Postfix mail system
2025-11-21T08:08:02.626710+00:00 mail postfix/master[60915]: fatal: chmod socket private/smtpd: Invalid argument
2025-11-21T08:08:10.217760+00:00 mail postfix/postfix-script[60996]: starting the Postfix mail system
2025-11-21T08:08:10.325404+00:00 mail postfix/master[60997]: fatal: chmod socket private/smtpd: Invalid argument
2025-11-21T08:08:15.838397+00:00 mail postfix/postfix-script[61072]: starting the Postfix mail system
2025-11-21T08:08:15.852985+00:00 mail postfix/master[61073]: fatal: chmod socket private/smtpd: Invalid argument
2025-11-21T08:08:23.647645+00:00 mail postfix/postfix-script[61154]: starting the Postfix mail system
2025-11-21T08:08:23.696547+00:00 mail postfix/master[61155]: fatal: chmod socket private/smtpd: Invalid argument
2025-11-21T08:08:31.268947+00:00 mail postfix/postfix-script[61236]: starting the Postfix mail system
2025-11-21T08:08:31.418513+00:00 mail postfix/master[61237]: fatal: chmod socket private/smtpd: Invalid argument
2025-11-21T08:08:39.793049+00:00 mail postfix/postfix-script[61318]: starting the Postfix mail system
2025-11-21T08:08:39.832883+00:00 mail postfix/master[61319]: fatal: chmod socket private/smtpd: Invalid argument
2025-11-21T08:08:47.275375+00:00 mail postfix/postfix-script[61397]: starting the Postfix mail system
2025-11-21T08:08:47.334741+00:00 mail postfix/master[61399]: fatal: chmod socket private/smtpd: Invalid argument
2025-11-21T08:08:53.515951+00:00 mail postfix/postfix-script[61478]: starting the Postfix mail system
2025-11-21T08:08:53.547406+00:00 mail postfix/master[61480]: fatal: chmod socket private/smtpd: Invalid argument
2025-11-21T08:08:59.360857+00:00 mail postfix/postfix-script[61555]: starting the Postfix mail system
2025-11-21T08:08:59.517678+00:00 mail postfix/master[61556]: fatal: chmod socket private/smtpd: Invalid argument
2025-11-21T08:09:07.517380+00:00 mail postfix/postfix-script[61637]: starting the Postfix mail system
2025-11-21T08:09:07.538806+00:00 mail postfix/master[61638]: fatal: chmod socket private/smtpd: Invalid argument
2025-11-21T08:09:12.690311+00:00 mail postfix/postfix-script[61716]: starting the Postfix mail system
2025-11-21T08:09:12.706685+00:00 mail postfix/master[61717]: fatal: chmod socket private/smtpd: Invalid argument
2025-11-21T08:09:18.547499+00:00 mail postfix/postfix-script[61795]: starting the Postfix mail system
2025-11-21T08:09:18.560881+00:00 mail postfix/master[61796]: fatal: chmod socket private/smtpd: Invalid argument
2025-11-21T08:09:25.372827+00:00 mail postfix/postfix-script[61874]: starting the Postfix mail system
2025-11-21T08:09:25.402648+00:00 mail postfix/master[61875]: fatal: chmod socket private/smtpd: Invalid argument
2025-11-21T08:09:32.146035+00:00 mail postfix/postfix-script[61953]: starting the Postfix mail system
2025-11-21T08:09:32.166012+00:00 mail postfix/master[61954]: fatal: chmod socket private/smtpd: Invalid argument
2025-11-21T08:09:37.692192+00:00 mail postfix/postfix-script[62032]: starting the Postfix mail system
2025-11-21T08:09:37.719939+00:00 mail postfix/master[62033]: fatal: chmod socket private/smtpd: Invalid argument
2025-11-21T08:09:44.435409+00:00 mail postfix/postfix-script[62111]: starting the Postfix mail system
2025-11-21T08:09:44.453887+00:00 mail postfix/master[62112]: fatal: chmod socket private/smtpd: Invalid argument
2025-11-21T08:09:50.306203+00:00 mail postfix/postfix-script[62190]: starting the Postfix mail system
2025-11-21T08:09:50.369695+00:00 mail postfix/master[62191]: fatal: chmod socket private/smtpd: Invalid argument
2025-11-21T08:09:57.720649+00:00 mail postfix/postfix-script[62272]: starting the Postfix mail system
2025-11-21T08:09:57.736137+00:00 mail postfix/master[62273]: fatal: chmod socket private/smtpd: Invalid argument
2025-11-21T08:10:02.491827+00:00 mail postfix/postfix-script[62348]: starting the Postfix mail system
2025-11-21T08:10:02.512630+00:00 mail postfix/master[62349]: fatal: chmod socket private/smtpd: Invalid argument
2025-11-21T08:10:08.751424+00:00 mail postfix/postfix-script[62427]: starting the Postfix mail system
2025-11-21T08:10:08.778108+00:00 mail postfix/master[62428]: fatal: chmod socket private/smtpd: Invalid argument
2025-11-21T08:10:15.370197+00:00 mail postfix/postfix-script[62506]: starting the Postfix mail system
2025-11-21T08:10:15.394584+00:00 mail postfix/master[62507]: fatal: chmod socket private/smtpd: Invalid argument
2025-11-21T08:10:22.325872+00:00 mail postfix/postfix-script[62588]: starting the Postfix mail system
2025-11-21T08:10:22.342843+00:00 mail postfix/master[62589]: fatal: chmod socket private/smtpd: Invalid argument
2025-11-21T08:10:28.121872+00:00 mail postfix/postfix-script[62667]: starting the Postfix mail system
2025-11-21T08:10:28.174090+00:00 mail postfix/master[62668]: fatal: chmod socket private/smtpd: Invalid argument
2025-11-21T08:10:34.892847+00:00 mail postfix/postfix-script[62746]: starting the Postfix mail system
2025-11-21T08:10:34.909463+00:00 mail postfix/master[62747]: fatal: chmod socket private/smtpd: Invalid argument
2025-11-21T08:10:40.746849+00:00 mail postfix/postfix-script[62825]: starting the Postfix mail system
2025-11-21T08:10:40.761094+00:00 mail postfix/master[62826]: fatal: chmod socket private/smtpd: Invalid argument
2025-11-21T08:10:46.963188+00:00 mail postfix/postfix-script[62904]: starting the Postfix mail system
2025-11-21T08:10:46.976890+00:00 mail postfix/master[62905]: fatal: chmod socket private/smtpd: Invalid argument
2025-11-21T08:10:53.053452+00:00 mail postfix/postfix-script[62983]: starting the Postfix mail system
2025-11-21T08:10:53.062892+00:00 mail postfix/master[62984]: fatal: chmod socket private/smtpd: Invalid argument
2025-11-21T08:10:58.981777+00:00 mail postfix/postfix-script[63062]: starting the Postfix mail system
2025-11-21T08:10:58.991885+00:00 mail postfix/master[63063]: fatal: chmod socket private/smtpd: Invalid argument
2025-11-21T08:11:05.189109+00:00 mail postfix/postfix-script[63141]: starting the Postfix mail system
2025-11-21T08:11:05.198715+00:00 mail postfix/master[63142]: fatal: chmod socket private/smtpd: Invalid argument
2025-11-21T08:11:11.364786+00:00 mail postfix/postfix-script[63220]: starting the Postfix mail system
2025-11-21T08:11:11.373439+00:00 mail postfix/master[63221]: fatal: chmod socket private/smtpd: Invalid argument
2025-11-21T08:11:17.062643+00:00 mail postfix/postfix-script[63299]: starting the Postfix mail system
2025-11-21T08:11:17.078308+00:00 mail postfix/master[63300]: fatal: chmod socket private/smtpd: Invalid argument
2025-11-21T08:11:22.876767+00:00 mail postfix/postfix-script[63378]: starting the Postfix mail system
2025-11-21T08:11:22.885830+00:00 mail postfix/master[63379]: fatal: chmod socket private/smtpd: Invalid argument
2025-11-21T08:11:29.046783+00:00 mail postfix/postfix-script[63457]: starting the Postfix mail system
2025-11-21T08:11:29.057894+00:00 mail postfix/master[63458]: fatal: chmod socket private/smtpd: Invalid argument
2025-11-21T08:11:34.987726+00:00 mail postfix/postfix-script[63536]: starting the Postfix mail system
2025-11-21T08:11:34.996908+00:00 mail postfix/master[63537]: fatal: chmod socket private/smtpd: Invalid argument
2025-11-21T08:11:41.075728+00:00 mail postfix/postfix-script[63615]: starting the Postfix mail system
2025-11-21T08:11:41.083493+00:00 mail postfix/master[63616]: fatal: chmod socket private/smtpd: Invalid argument
2025-11-21T08:11:47.446618+00:00 mail postfix/postfix-script[63694]: starting the Postfix mail system
2025-11-21T08:11:47.460511+00:00 mail postfix/master[63695]: fatal: chmod socket private/smtpd: Invalid argument
2025-11-21T08:11:53.626678+00:00 mail postfix/postfix-script[63773]: starting the Postfix mail system
2025-11-21T08:11:53.636757+00:00 mail postfix/master[63774]: fatal: chmod socket private/smtpd: Invalid argument
2025-11-21T08:11:59.502015+00:00 mail postfix/postfix-script[63852]: starting the Postfix mail system
2025-11-21T08:11:59.511995+00:00 mail postfix/master[63853]: fatal: chmod socket private/smtpd: Invalid argument
2025-11-21T08:12:05.616050+00:00 mail postfix/postfix-script[63931]: starting the Postfix mail system
2025-11-21T08:12:05.623785+00:00 mail postfix/master[63932]: fatal: chmod socket private/smtpd: Invalid argument
2025-11-21T08:12:11.703634+00:00 mail postfix/postfix-script[64010]: starting the Postfix mail system
2025-11-21T08:12:11.711011+00:00 mail postfix/master[64011]: fatal: chmod socket private/smtpd: Invalid argument
2025-11-21T08:12:18.285860+00:00 mail postfix/postfix-script[64089]: starting the Postfix mail system
2025-11-21T08:12:18.299562+00:00 mail postfix/master[64090]: fatal: chmod socket private/smtpd: Invalid argument
2025-11-21T08:12:24.107291+00:00 mail postfix/postfix-script[64168]: starting the Postfix mail system
2025-11-21T08:12:24.115323+00:00 mail postfix/master[64169]: fatal: chmod socket private/smtpd: Invalid argument
2025-11-21T08:12:30.216805+00:00 mail postfix/postfix-script[64247]: starting the Postfix mail system
2025-11-21T08:12:30.225626+00:00 mail postfix/master[64248]: fatal: chmod socket private/smtpd: Invalid argument
2025-11-21T08:12:36.359403+00:00 mail postfix/postfix-script[64326]: starting the Postfix mail system
2025-11-21T08:12:36.369640+00:00 mail postfix/master[64327]: fatal: chmod socket private/smtpd: Invalid argument
2025-11-21T08:12:42.480836+00:00 mail postfix/postfix-script[64405]: starting the Postfix mail system
2025-11-21T08:12:42.489910+00:00 mail postfix/master[64406]: fatal: chmod socket private/smtpd: Invalid argument
2025-11-21T08:12:48.596913+00:00 mail postfix/postfix-script[64484]: starting the Postfix mail system
2025-11-21T08:12:48.605332+00:00 mail postfix/master[64485]: fatal: chmod socket private/smtpd: Invalid argument
2025-11-21T08:12:54.837927+00:00 mail postfix/postfix-script[64563]: starting the Postfix mail system
2025-11-21T08:12:54.847350+00:00 mail postfix/master[64564]: fatal: chmod socket private/smtpd: Invalid argument
2025-11-21T08:13:01.160937+00:00 mail postfix/postfix-script[64642]: starting the Postfix mail system
2025-11-21T08:13:01.170031+00:00 mail postfix/master[64643]: fatal: chmod socket private/smtpd: Invalid argument
2025-11-21T08:13:07.059027+00:00 mail postfix/postfix-script[64721]: starting the Postfix mail system
2025-11-21T08:13:07.068103+00:00 mail postfix/master[64722]: fatal: chmod socket private/smtpd: Invalid argument
2025-11-21T08:13:13.155723+00:00 mail postfix/postfix-script[64800]: starting the Postfix mail system
2025-11-21T08:13:13.165907+00:00 mail postfix/master[64801]: fatal: chmod socket private/smtpd: Invalid argument
2025-11-21T08:13:18.494388+00:00 mail postfix/postfix-script[64879]: starting the Postfix mail system
2025-11-21T08:13:18.512774+00:00 mail postfix/master[64880]: fatal: chmod socket private/smtpd: Invalid argument
2025-11-21T08:13:24.820795+00:00 mail postfix/postfix-script[64958]: starting the Postfix mail system
2025-11-21T08:13:24.836232+00:00 mail postfix/master[64959]: fatal: chmod socket private/smtpd: Invalid argument
2025-11-21T08:13:30.663040+00:00 mail postfix/postfix-script[65037]: starting the Postfix mail system
2025-11-21T08:13:30.671904+00:00 mail postfix/master[65038]: fatal: chmod socket private/smtpd: Invalid argument
2025-11-21T08:13:37.042650+00:00 mail postfix/postfix-script[65116]: starting the Postfix mail system
2025-11-21T08:13:37.054601+00:00 mail postfix/master[65117]: fatal: chmod socket private/smtpd: Invalid argument
2025-11-21T08:13:42.881341+00:00 mail postfix/postfix-script[65195]: starting the Postfix mail system
2025-11-21T08:13:42.889153+00:00 mail postfix/master[65196]: fatal: chmod socket private/smtpd: Invalid argument
2025-11-21T08:13:49.098774+00:00 mail postfix/postfix-script[65274]: starting the Postfix mail system
2025-11-21T08:13:49.107496+00:00 mail postfix/master[65275]: fatal: chmod socket private/smtpd: Invalid argument
2025-11-21T08:13:55.307306+00:00 mail postfix/postfix-script[65353]: starting the Postfix mail system
2025-11-21T08:13:55.315638+00:00 mail postfix/master[65354]: fatal: chmod socket private/smtpd: Invalid argument
2025-11-21T08:14:01.283710+00:00 mail postfix/postfix-script[65432]: starting the Postfix mail system
2025-11-21T08:14:01.292723+00:00 mail postfix/master[65433]: fatal: chmod socket private/smtpd: Invalid argument
2025-11-21T08:14:07.333210+00:00 mail postfix/postfix-script[65511]: starting the Postfix mail system
2025-11-21T08:14:07.342319+00:00 mail postfix/master[65512]: fatal: chmod socket private/smtpd: Invalid argument
2025-11-21T08:14:13.687680+00:00 mail postfix/postfix-script[65590]: starting the Postfix mail system
2025-11-21T08:14:13.706933+00:00 mail postfix/master[65591]: fatal: chmod socket private/smtpd: Invalid argument
2025-11-21T08:14:19.538874+00:00 mail postfix/postfix-script[65669]: starting the Postfix mail system
2025-11-21T08:14:19.545586+00:00 mail postfix/master[65670]: fatal: chmod socket private/smtpd: Invalid argument
2025-11-21T08:14:25.876232+00:00 mail postfix/postfix-script[65748]: starting the Postfix mail system
2025-11-21T08:14:25.883629+00:00 mail postfix/master[65749]: fatal: chmod socket private/smtpd: Invalid argument
2025-11-21T08:14:33.430274+00:00 mail postfix/postfix-script[65830]: starting the Postfix mail system
2025-11-21T08:14:33.448287+00:00 mail postfix/master[65831]: fatal: chmod socket private/smtpd: Invalid argument
2025-11-21T08:14:39.429777+00:00 mail postfix/postfix-script[65909]: starting the Postfix mail system
2025-11-21T08:14:39.518591+00:00 mail postfix/master[65910]: fatal: chmod socket private/smtpd: Invalid argument
2025-11-21T08:14:46.217668+00:00 mail postfix/postfix-script[65988]: starting the Postfix mail system
2025-11-21T08:14:46.234780+00:00 mail postfix/master[65989]: fatal: chmod socket private/smtpd: Invalid argument
2025-11-21T08:14:51.762944+00:00 mail postfix/postfix-script[66067]: starting the Postfix mail system
2025-11-21T08:14:51.776067+00:00 mail postfix/master[66068]: fatal: chmod socket private/smtpd: Invalid argument
2025-11-21T08:14:57.970939+00:00 mail postfix/postfix-script[66146]: starting the Postfix mail system
2025-11-21T08:14:57.984135+00:00 mail postfix/master[66147]: fatal: chmod socket private/smtpd: Invalid argument
2025-11-21T08:15:04.150136+00:00 mail postfix/postfix-script[66225]: starting the Postfix mail system
2025-11-21T08:15:04.161719+00:00 mail postfix/master[66226]: fatal: chmod socket private/smtpd: Invalid argument
2025-11-21T08:15:10.720266+00:00 mail postfix/postfix-script[66307]: starting the Postfix mail system
2025-11-21T08:15:10.740015+00:00 mail postfix/master[66308]: fatal: chmod socket private/smtpd: Invalid argument
2025-11-21T08:15:17.822395+00:00 mail postfix/postfix-script[66386]: starting the Postfix mail system
2025-11-21T08:15:17.842416+00:00 mail postfix/master[66387]: fatal: chmod socket private/smtpd: Invalid argument
2025-11-21T08:15:23.664917+00:00 mail postfix/postfix-script[66465]: starting the Postfix mail system
2025-11-21T08:15:23.701846+00:00 mail postfix/master[66466]: fatal: chmod socket private/smtpd: Invalid argument
2025-11-21T08:15:29.988068+00:00 mail postfix/postfix-script[66544]: starting the Postfix mail system
2025-11-21T08:15:30.005896+00:00 mail postfix/master[66545]: fatal: chmod socket private/smtpd: Invalid argument
2025-11-21T08:15:35.483207+00:00 mail postfix/postfix-script[66623]: starting the Postfix mail system
2025-11-21T08:15:35.499117+00:00 mail postfix/master[66624]: fatal: chmod socket private/smtpd: Invalid argument
2025-11-21T08:15:41.655585+00:00 mail postfix/postfix-script[66702]: starting the Postfix mail system
2025-11-21T08:15:41.671766+00:00 mail postfix/master[66703]: fatal: chmod socket private/smtpd: Invalid argument
2025-11-21T08:15:48.453640+00:00 mail postfix/postfix-script[66781]: starting the Postfix mail system
2025-11-21T08:15:48.469256+00:00 mail postfix/master[66782]: fatal: chmod socket private/smtpd: Invalid argument
2025-11-21T08:15:53.793995+00:00 mail postfix/postfix-script[66860]: starting the Postfix mail system
2025-11-21T08:15:53.803747+00:00 mail postfix/master[66861]: fatal: chmod socket private/smtpd: Invalid argument
2025-11-21T08:16:00.544946+00:00 mail postfix/postfix-script[66939]: starting the Postfix mail system
2025-11-21T08:16:00.559898+00:00 mail postfix/master[66940]: fatal: chmod socket private/smtpd: Invalid argument
2025-11-21T08:16:06.104932+00:00 mail postfix/postfix-script[67018]: starting the Postfix mail system
2025-11-21T08:16:06.114658+00:00 mail postfix/master[67019]: fatal: chmod socket private/smtpd: Invalid argument
2025-11-21T08:16:12.711243+00:00 mail postfix/postfix-script[67097]: starting the Postfix mail system
2025-11-21T08:16:12.736581+00:00 mail postfix/master[67098]: fatal: chmod socket private/smtpd: Invalid argument
2025-11-21T08:16:19.190624+00:00 mail postfix/postfix-script[67176]: starting the Postfix mail system
2025-11-21T08:16:19.203937+00:00 mail postfix/master[67177]: fatal: chmod socket private/smtpd: Invalid argument
2025-11-21T08:16:25.619387+00:00 mail postfix/postfix-script[67258]: starting the Postfix mail system
2025-11-21T08:16:25.631323+00:00 mail postfix/master[67259]: fatal: chmod socket private/smtpd: Invalid argument
2025-11-21T08:16:31.770249+00:00 mail postfix/postfix-script[67337]: starting the Postfix mail system
2025-11-21T08:16:31.787421+00:00 mail postfix/master[67338]: fatal: chmod socket private/smtpd: Invalid argument
2025-11-21T08:16:38.340080+00:00 mail postfix/postfix-script[67416]: starting the Postfix mail system
2025-11-21T08:16:38.386176+00:00 mail postfix/master[67417]: fatal: chmod socket private/smtpd: Invalid argument
2025-11-21T08:16:45.521764+00:00 mail postfix/postfix-script[67495]: starting the Postfix mail system
2025-11-21T08:16:45.537583+00:00 mail postfix/master[67496]: fatal: chmod socket private/smtpd: Invalid argument
2025-11-21T08:16:51.716106+00:00 mail postfix/postfix-script[67574]: starting the Postfix mail system
2025-11-21T08:16:51.729862+00:00 mail postfix/master[67575]: fatal: chmod socket private/smtpd: Invalid argument
2025-11-21T08:16:57.739944+00:00 mail postfix/postfix-script[67653]: starting the Postfix mail system
2025-11-21T08:16:57.757539+00:00 mail postfix/master[67654]: fatal: chmod socket private/smtpd: Invalid argument
2025-11-21T08:17:03.909644+00:00 mail postfix/postfix-script[67735]: starting the Postfix mail system
2025-11-21T08:17:03.927235+00:00 mail postfix/master[67736]: fatal: chmod socket private/smtpd: Invalid argument
2025-11-21T08:17:10.088354+00:00 mail postfix/postfix-script[67814]: starting the Postfix mail system
2025-11-21T08:17:10.107298+00:00 mail postfix/master[67815]: fatal: chmod socket private/smtpd: Invalid argument
2025-11-21T08:17:16.658684+00:00 mail postfix/postfix-script[67896]: starting the Postfix mail system
2025-11-21T08:17:16.673476+00:00 mail postfix/master[67897]: fatal: chmod socket private/smtpd: Invalid argument
2025-11-21T08:17:22.827422+00:00 mail postfix/postfix-script[67975]: starting the Postfix mail system
2025-11-21T08:17:22.849709+00:00 mail postfix/master[67976]: fatal: chmod socket private/smtpd: Invalid argument
2025-11-21T08:17:28.046024+00:00 mail postfix/postfix-script[68051]: starting the Postfix mail system
2025-11-21T08:17:28.077726+00:00 mail postfix/master[68052]: fatal: chmod socket private/smtpd: Invalid argument
2025-11-21T08:17:35.037135+00:00 mail postfix/postfix-script[68131]: starting the Postfix mail system
2025-11-21T08:17:35.056200+00:00 mail postfix/master[68134]: fatal: chmod socket private/smtpd: Invalid argument
2025-11-21T08:17:41.736881+00:00 mail postfix/postfix-script[68212]: starting the Postfix mail system
2025-11-21T08:17:41.753635+00:00 mail postfix/master[68213]: fatal: chmod socket private/smtpd: Invalid argument
2025-11-21T08:17:47.713270+00:00 mail postfix/postfix-script[68291]: starting the Postfix mail system
2025-11-21T08:17:47.729793+00:00 mail postfix/master[68292]: fatal: chmod socket private/smtpd: Invalid argument
2025-11-21T08:17:53.668676+00:00 mail postfix/postfix-script[68370]: starting the Postfix mail system
2025-11-21T08:17:53.693835+00:00 mail postfix/master[68371]: fatal: chmod socket private/smtpd: Invalid argument
2025-11-21T08:18:00.281581+00:00 mail postfix/postfix-script[68449]: starting the Postfix mail system
2025-11-21T08:18:00.302719+00:00 mail postfix/master[68450]: fatal: chmod socket private/smtpd: Invalid argument
2025-11-21T08:18:06.755662+00:00 mail postfix/postfix-script[68528]: starting the Postfix mail system
2025-11-21T08:18:06.774533+00:00 mail postfix/master[68529]: fatal: chmod socket private/smtpd: Invalid argument
2025-11-21T08:18:13.638067+00:00 mail postfix/postfix-script[68607]: starting the Postfix mail system
2025-11-21T08:18:13.673674+00:00 mail postfix/master[68608]: fatal: chmod socket private/smtpd: Invalid argument
2025-11-21T08:18:20.485225+00:00 mail postfix/postfix-script[68689]: starting the Postfix mail system
2025-11-21T08:18:20.511776+00:00 mail postfix/master[68690]: fatal: chmod socket private/smtpd: Invalid argument
2025-11-21T08:18:26.765231+00:00 mail postfix/postfix-script[68768]: starting the Postfix mail system
2025-11-21T08:18:26.968841+00:00 mail postfix/master[68769]: fatal: chmod socket private/smtpd: Invalid argument
2025-11-21T08:18:33.184084+00:00 mail postfix/postfix-script[68847]: starting the Postfix mail system
2025-11-21T08:18:33.203074+00:00 mail postfix/master[68848]: fatal: chmod socket private/smtpd: Invalid argument
2025-11-21T08:18:40.300806+00:00 mail postfix/postfix-script[68926]: starting the Postfix mail system
2025-11-21T08:18:40.331070+00:00 mail postfix/master[68927]: fatal: chmod socket private/smtpd: Invalid argument
2025-11-21T08:18:46.546388+00:00 mail postfix/postfix-script[69005]: starting the Postfix mail system
2025-11-21T08:18:46.578015+00:00 mail postfix/master[69006]: fatal: chmod socket private/smtpd: Invalid argument
2025-11-21T08:18:52.464084+00:00 mail postfix/postfix-script[69084]: starting the Postfix mail system
2025-11-21T08:18:52.501340+00:00 mail postfix/master[69085]: fatal: chmod socket private/smtpd: Invalid argument
2025-11-21T08:18:58.901429+00:00 mail postfix/postfix-script[69163]: starting the Postfix mail system
2025-11-21T08:18:58.923422+00:00 mail postfix/master[69164]: fatal: chmod socket private/smtpd: Invalid argument
2025-11-21T08:19:04.662610+00:00 mail postfix/postfix-script[69242]: starting the Postfix mail system
2025-11-21T08:19:04.683097+00:00 mail postfix/master[69243]: fatal: chmod socket private/smtpd: Invalid argument
2025-11-21T08:19:11.395476+00:00 mail postfix/postfix-script[69324]: starting the Postfix mail system
2025-11-21T08:19:11.424398+00:00 mail postfix/master[69325]: fatal: chmod socket private/smtpd: Invalid argument
2025-11-21T08:19:17.368995+00:00 mail postfix/postfix-script[69400]: starting the Postfix mail system
2025-11-21T08:19:17.390668+00:00 mail postfix/master[69402]: fatal: chmod socket private/smtpd: Invalid argument
2025-11-21T08:19:23.571573+00:00 mail postfix/postfix-script[69482]: starting the Postfix mail system
2025-11-21T08:19:23.590651+00:00 mail postfix/master[69483]: fatal: chmod socket private/smtpd: Invalid argument
2025-11-21T08:19:29.779642+00:00 mail postfix/postfix-script[69561]: starting the Postfix mail system
2025-11-21T08:19:29.794972+00:00 mail postfix/master[69562]: fatal: chmod socket private/smtpd: Invalid argument
2025-11-21T08:19:36.205244+00:00 mail postfix/postfix-script[69640]: starting the Postfix mail system
2025-11-21T08:19:36.222624+00:00 mail postfix/master[69641]: fatal: chmod socket private/smtpd: Invalid argument
2025-11-21T08:19:43.725687+00:00 mail postfix/postfix-script[69722]: starting the Postfix mail system
2025-11-21T08:19:43.905811+00:00 mail postfix/master[69723]: fatal: chmod socket private/smtpd: Invalid argument
2025-11-21T08:19:49.289026+00:00 mail postfix/postfix-script[69798]: starting the Postfix mail system
2025-11-21T08:19:49.305743+00:00 mail postfix/master[69799]: fatal: chmod socket private/smtpd: Invalid argument
2025-11-21T08:19:55.583418+00:00 mail postfix/postfix-script[69877]: starting the Postfix mail system
2025-11-21T08:19:55.599943+00:00 mail postfix/master[69878]: fatal: chmod socket private/smtpd: Invalid argument
2025-11-21T08:20:02.022621+00:00 mail postfix/postfix-script[69959]: starting the Postfix mail system
2025-11-21T08:20:02.042620+00:00 mail postfix/master[69960]: fatal: chmod socket private/smtpd: Invalid argument
2025-11-21T08:20:09.297901+00:00 mail postfix/postfix-script[70038]: starting the Postfix mail system
2025-11-21T08:20:09.315989+00:00 mail postfix/master[70039]: fatal: chmod socket private/smtpd: Invalid argument
2025-11-21T08:20:15.482751+00:00 mail postfix/postfix-script[70117]: starting the Postfix mail system
2025-11-21T08:20:15.511761+00:00 mail postfix/master[70118]: fatal: chmod socket private/smtpd: Invalid argument
2025-11-21T08:20:20.484213+00:00 mail postfix/postfix-script[70196]: starting the Postfix mail system
2025-11-21T08:20:20.502060+00:00 mail postfix/master[70197]: fatal: chmod socket private/smtpd: Invalid argument
2025-11-21T08:20:26.951340+00:00 mail postfix/postfix-script[70275]: starting the Postfix mail system
2025-11-21T08:20:26.966531+00:00 mail postfix/master[70276]: fatal: chmod socket private/smtpd: Invalid argument
2025-11-21T08:20:33.375305+00:00 mail postfix/postfix-script[70354]: starting the Postfix mail system
2025-11-21T08:20:33.396700+00:00 mail postfix/master[70355]: fatal: chmod socket private/smtpd: Invalid argument
2025-11-21T08:20:39.708237+00:00 mail postfix/postfix-script[70433]: starting the Postfix mail system
2025-11-21T08:20:39.735762+00:00 mail postfix/master[70434]: fatal: chmod socket private/smtpd: Invalid argument
2025-11-21T08:20:46.570537+00:00 mail postfix/postfix-script[70512]: starting the Postfix mail system
2025-11-21T08:20:46.587434+00:00 mail postfix/master[70513]: fatal: chmod socket private/smtpd: Invalid argument
2025-11-21T08:20:52.246907+00:00 mail postfix/postfix-script[70591]: starting the Postfix mail system
2025-11-21T08:20:52.262333+00:00 mail postfix/master[70592]: fatal: chmod socket private/smtpd: Invalid argument
2025-11-21T08:20:58.711542+00:00 mail postfix/postfix-script[70670]: starting the Postfix mail system
2025-11-21T08:20:58.729010+00:00 mail postfix/master[70671]: fatal: chmod socket private/smtpd: Invalid argument
2025-11-21T08:21:05.009726+00:00 mail postfix/postfix-script[70749]: starting the Postfix mail system
2025-11-21T08:21:05.051942+00:00 mail postfix/master[70750]: fatal: chmod socket private/smtpd: Invalid argument
2025-11-21T08:21:11.143758+00:00 mail postfix/postfix-script[70831]: starting the Postfix mail system
2025-11-21T08:21:11.156957+00:00 mail postfix/master[70832]: fatal: chmod socket private/smtpd: Invalid argument
2025-11-21T08:21:18.221007+00:00 mail postfix/postfix-script[70910]: starting the Postfix mail system
2025-11-21T08:21:18.293418+00:00 mail postfix/master[70911]: fatal: chmod socket private/smtpd: Invalid argument
2025-11-21T08:21:24.456974+00:00 mail postfix/postfix-script[70989]: starting the Postfix mail system
2025-11-21T08:21:24.472674+00:00 mail postfix/master[70990]: fatal: chmod socket private/smtpd: Invalid argument
2025-11-21T08:21:30.101824+00:00 mail postfix/postfix-script[71068]: starting the Postfix mail system
2025-11-21T08:21:30.117136+00:00 mail postfix/master[71069]: fatal: chmod socket private/smtpd: Invalid argument
2025-11-21T08:21:36.145850+00:00 mail postfix/postfix-script[71147]: starting the Postfix mail system
2025-11-21T08:21:36.163319+00:00 mail postfix/master[71148]: fatal: chmod socket private/smtpd: Invalid argument
2025-11-21T08:21:42.174806+00:00 mail postfix/postfix-script[71226]: starting the Postfix mail system
2025-11-21T08:21:42.206917+00:00 mail postfix/master[71227]: fatal: chmod socket private/smtpd: Invalid argument
2025-11-21T08:21:48.132525+00:00 mail postfix/postfix-script[71305]: starting the Postfix mail system
2025-11-21T08:21:48.149557+00:00 mail postfix/master[71306]: fatal: chmod socket private/smtpd: Invalid argument
2025-11-21T08:21:54.023254+00:00 mail postfix/postfix-script[71384]: starting the Postfix mail system
2025-11-21T08:21:54.032973+00:00 mail postfix/master[71385]: fatal: chmod socket private/smtpd: Invalid argument
2025-11-21T08:22:00.079608+00:00 mail postfix/postfix-script[71463]: starting the Postfix mail system
2025-11-21T08:22:00.089879+00:00 mail postfix/master[71464]: fatal: chmod socket private/smtpd: Invalid argument
2025-11-21T08:22:06.121512+00:00 mail postfix/postfix-script[71542]: starting the Postfix mail system
2025-11-21T08:22:06.132507+00:00 mail postfix/master[71543]: fatal: chmod socket private/smtpd: Invalid argument
2025-11-21T08:22:12.235459+00:00 mail postfix/postfix-script[71621]: starting the Postfix mail system
2025-11-21T08:22:12.245165+00:00 mail postfix/master[71622]: fatal: chmod socket private/smtpd: Invalid argument
2025-11-21T08:22:19.419830+00:00 mail postfix/postfix-script[71700]: starting the Postfix mail system
2025-11-21T08:22:19.435046+00:00 mail postfix/master[71701]: fatal: chmod socket private/smtpd: Invalid argument
2025-11-21T08:22:25.945103+00:00 mail postfix/postfix-script[71779]: starting the Postfix mail system
2025-11-21T08:22:25.961005+00:00 mail postfix/master[71780]: fatal: chmod socket private/smtpd: Invalid argument
2025-11-21T08:22:31.453263+00:00 mail postfix/postfix-script[71858]: starting the Postfix mail system
2025-11-21T08:22:31.475376+00:00 mail postfix/master[71859]: fatal: chmod socket private/smtpd: Invalid argument
2025-11-21T08:22:37.626057+00:00 mail postfix/postfix-script[71937]: starting the Postfix mail system
2025-11-21T08:22:37.638151+00:00 mail postfix/master[71938]: fatal: chmod socket private/smtpd: Invalid argument
2025-11-21T08:22:43.499086+00:00 mail postfix/postfix-script[72016]: starting the Postfix mail system
2025-11-21T08:22:43.508812+00:00 mail postfix/master[72017]: fatal: chmod socket private/smtpd: Invalid argument
2025-11-21T08:22:49.490221+00:00 mail postfix/postfix-script[72095]: starting the Postfix mail system
2025-11-21T08:22:49.499483+00:00 mail postfix/master[72096]: fatal: chmod socket private/smtpd: Invalid argument
2025-11-21T08:22:55.992727+00:00 mail postfix/postfix-script[72174]: starting the Postfix mail system
2025-11-21T08:22:56.025127+00:00 mail postfix/master[72175]: fatal: chmod socket private/smtpd: Invalid argument
2025-11-21T08:23:02.367636+00:00 mail postfix/postfix-script[72253]: starting the Postfix mail system
2025-11-21T08:23:02.380760+00:00 mail postfix/master[72254]: fatal: chmod socket private/smtpd: Invalid argument
2025-11-21T08:23:08.386072+00:00 mail postfix/postfix-script[72332]: starting the Postfix mail system
2025-11-21T08:23:08.398570+00:00 mail postfix/master[72333]: fatal: chmod socket private/smtpd: Invalid argument
2025-11-21T08:23:15.079225+00:00 mail postfix/postfix-script[72414]: starting the Postfix mail system
2025-11-21T08:23:15.101017+00:00 mail postfix/master[72415]: fatal: chmod socket private/smtpd: Invalid argument
2025-11-21T08:23:21.031407+00:00 mail postfix/postfix-script[72490]: starting the Postfix mail system
2025-11-21T08:23:21.042511+00:00 mail postfix/master[72491]: fatal: chmod socket private/smtpd: Invalid argument
2025-11-21T08:23:27.271637+00:00 mail postfix/postfix-script[72572]: starting the Postfix mail system
2025-11-21T08:23:27.281257+00:00 mail postfix/master[72573]: fatal: chmod socket private/smtpd: Invalid argument
2025-11-21T08:23:33.341153+00:00 mail postfix/postfix-script[72651]: starting the Postfix mail system
2025-11-21T08:23:33.353786+00:00 mail postfix/master[72652]: fatal: chmod socket private/smtpd: Invalid argument
2025-11-21T08:23:39.293786+00:00 mail postfix/postfix-script[72727]: starting the Postfix mail system
2025-11-21T08:23:39.305930+00:00 mail postfix/master[72728]: fatal: chmod socket private/smtpd: Invalid argument
2025-11-21T08:23:44.416022+00:00 mail postfix/postfix-script[72806]: starting the Postfix mail system
2025-11-21T08:23:44.429265+00:00 mail postfix/master[72807]: fatal: chmod socket private/smtpd: Invalid argument
2025-11-21T08:23:51.065242+00:00 mail postfix/postfix-script[72885]: starting the Postfix mail system
2025-11-21T08:23:51.076951+00:00 mail postfix/master[72886]: fatal: chmod socket private/smtpd: Invalid argument
2025-11-21T08:23:56.967906+00:00 mail postfix/postfix-script[72964]: starting the Postfix mail system
2025-11-21T08:23:56.981359+00:00 mail postfix/master[72965]: fatal: chmod socket private/smtpd: Invalid argument
2025-11-21T08:24:03.229867+00:00 mail postfix/postfix-script[73043]: starting the Postfix mail system
2025-11-21T08:24:03.242895+00:00 mail postfix/master[73044]: fatal: chmod socket private/smtpd: Invalid argument
2025-11-21T08:24:09.170494+00:00 mail postfix/postfix-script[73122]: starting the Postfix mail system
2025-11-21T08:24:09.180308+00:00 mail postfix/master[73123]: fatal: chmod socket private/smtpd: Invalid argument
2025-11-21T08:24:15.606160+00:00 mail postfix/postfix-script[73201]: starting the Postfix mail system
2025-11-21T08:24:15.617432+00:00 mail postfix/master[73202]: fatal: chmod socket private/smtpd: Invalid argument
2025-11-21T08:24:21.818240+00:00 mail postfix/postfix-script[73283]: starting the Postfix mail system
2025-11-21T08:24:21.838315+00:00 mail postfix/master[73284]: fatal: chmod socket private/smtpd: Invalid argument
2025-11-21T08:24:28.076912+00:00 mail postfix/postfix-script[73362]: starting the Postfix mail system
2025-11-21T08:24:28.089604+00:00 mail postfix/master[73363]: fatal: chmod socket private/smtpd: Invalid argument
2025-11-21T08:24:34.708165+00:00 mail postfix/postfix-script[73441]: starting the Postfix mail system
2025-11-21T08:24:34.723623+00:00 mail postfix/master[73442]: fatal: chmod socket private/smtpd: Invalid argument
2025-11-21T08:24:40.948010+00:00 mail postfix/postfix-script[73520]: starting the Postfix mail system
2025-11-21T08:24:40.975812+00:00 mail postfix/master[73521]: fatal: chmod socket private/smtpd: Invalid argument
2025-11-21T08:24:46.855475+00:00 mail postfix/postfix-script[73599]: starting the Postfix mail system
2025-11-21T08:24:46.877387+00:00 mail postfix/master[73600]: fatal: chmod socket private/smtpd: Invalid argument
2025-11-21T08:24:53.292841+00:00 mail postfix/postfix-script[73678]: starting the Postfix mail system
2025-11-21T08:24:53.312649+00:00 mail postfix/master[73679]: fatal: chmod socket private/smtpd: Invalid argument
2025-11-21T08:24:59.240025+00:00 mail postfix/postfix-script[73757]: starting the Postfix mail system
2025-11-21T08:24:59.254211+00:00 mail postfix/master[73758]: fatal: chmod socket private/smtpd: Invalid argument
2025-11-21T08:25:05.603400+00:00 mail postfix/postfix-script[73836]: starting the Postfix mail system
2025-11-21T08:25:05.615893+00:00 mail postfix/master[73837]: fatal: chmod socket private/smtpd: Invalid argument
2025-11-21T08:25:11.509273+00:00 mail postfix/postfix-script[73915]: starting the Postfix mail system
2025-11-21T08:25:11.518748+00:00 mail postfix/master[73916]: fatal: chmod socket private/smtpd: Invalid argument
2025-11-21T08:25:17.540911+00:00 mail postfix/postfix-script[73994]: starting the Postfix mail system
2025-11-21T08:25:17.551002+00:00 mail postfix/master[73995]: fatal: chmod socket private/smtpd: Invalid argument
2025-11-21T08:25:23.627788+00:00 mail postfix/postfix-script[74073]: starting the Postfix mail system
2025-11-21T08:25:23.637470+00:00 mail postfix/master[74074]: fatal: chmod socket private/smtpd: Invalid argument
2025-11-21T08:25:29.701524+00:00 mail postfix/postfix-script[74152]: starting the Postfix mail system
2025-11-21T08:25:29.709129+00:00 mail postfix/master[74153]: fatal: chmod socket private/smtpd: Invalid argument
2025-11-21T08:25:35.734031+00:00 mail postfix/postfix-script[74231]: starting the Postfix mail system
2025-11-21T08:25:35.740555+00:00 mail postfix/master[74232]: fatal: chmod socket private/smtpd: Invalid argument
2025-11-21T08:25:41.818633+00:00 mail postfix/postfix-script[74310]: starting the Postfix mail system
2025-11-21T08:25:41.826144+00:00 mail postfix/master[74311]: fatal: chmod socket private/smtpd: Invalid argument
2025-11-21T08:25:48.187107+00:00 mail postfix/postfix-script[74389]: starting the Postfix mail system
2025-11-21T08:25:48.200716+00:00 mail postfix/master[74390]: fatal: chmod socket private/smtpd: Invalid argument
2025-11-21T08:25:54.117166+00:00 mail postfix/postfix-script[74468]: starting the Postfix mail system
2025-11-21T08:25:54.125275+00:00 mail postfix/master[74469]: fatal: chmod socket private/smtpd: Invalid argument
2025-11-21T08:26:00.188525+00:00 mail postfix/postfix-script[74547]: starting the Postfix mail system
2025-11-21T08:26:00.197203+00:00 mail postfix/master[74548]: fatal: chmod socket private/smtpd: Invalid argument
2025-11-21T08:26:06.234574+00:00 mail postfix/postfix-script[74626]: starting the Postfix mail system
2025-11-21T08:26:06.240811+00:00 mail postfix/master[74627]: fatal: chmod socket private/smtpd: Invalid argument
2025-11-21T08:26:12.376800+00:00 mail postfix/postfix-script[74705]: starting the Postfix mail system
2025-11-21T08:26:12.383576+00:00 mail postfix/master[74706]: fatal: chmod socket private/smtpd: Invalid argument
2025-11-21T08:26:18.408026+00:00 mail postfix/postfix-script[74784]: starting the Postfix mail system
2025-11-21T08:26:18.415724+00:00 mail postfix/master[74785]: fatal: chmod socket private/smtpd: Invalid argument
2025-11-21T08:26:24.529506+00:00 mail postfix/postfix-script[74863]: starting the Postfix mail system
2025-11-21T08:26:24.536515+00:00 mail postfix/master[74864]: fatal: chmod socket private/smtpd: Invalid argument
2025-11-21T08:26:30.933763+00:00 mail postfix/postfix-script[74945]: starting the Postfix mail system
2025-11-21T08:26:30.943044+00:00 mail postfix/master[74946]: fatal: chmod socket private/smtpd: Invalid argument
2025-11-21T08:26:37.349987+00:00 mail postfix/postfix-script[75024]: starting the Postfix mail system
2025-11-21T08:26:37.364423+00:00 mail postfix/master[75025]: fatal: chmod socket private/smtpd: Invalid argument
2025-11-21T08:26:43.570360+00:00 mail postfix/postfix-script[75103]: starting the Postfix mail system
2025-11-21T08:26:43.584351+00:00 mail postfix/master[75104]: fatal: chmod socket private/smtpd: Invalid argument
2025-11-21T08:26:49.283243+00:00 mail postfix/postfix-script[75182]: starting the Postfix mail system
2025-11-21T08:26:49.292277+00:00 mail postfix/master[75183]: fatal: chmod socket private/smtpd: Invalid argument
2025-11-21T08:26:55.381028+00:00 mail postfix/postfix-script[75261]: starting the Postfix mail system
2025-11-21T08:26:55.391113+00:00 mail postfix/master[75262]: fatal: chmod socket private/smtpd: Invalid argument
2025-11-21T08:27:02.164497+00:00 mail postfix/postfix-script[75340]: starting the Postfix mail system
2025-11-21T08:27:02.188829+00:00 mail postfix/master[75341]: fatal: chmod socket private/smtpd: Invalid argument
2025-11-21T08:27:08.218395+00:00 mail postfix/postfix-script[75419]: starting the Postfix mail system
2025-11-21T08:27:08.232980+00:00 mail postfix/master[75420]: fatal: chmod socket private/smtpd: Invalid argument
2025-11-21T08:27:14.186619+00:00 mail postfix/postfix-script[75498]: starting the Postfix mail system
2025-11-21T08:27:14.198424+00:00 mail postfix/master[75499]: fatal: chmod socket private/smtpd: Invalid argument
2025-11-21T08:27:20.281922+00:00 mail postfix/postfix-script[75577]: starting the Postfix mail system
2025-11-21T08:27:20.296722+00:00 mail postfix/master[75578]: fatal: chmod socket private/smtpd: Invalid argument
2025-11-21T08:27:26.384018+00:00 mail postfix/postfix-script[75656]: starting the Postfix mail system
2025-11-21T08:27:26.395675+00:00 mail postfix/master[75657]: fatal: chmod socket private/smtpd: Invalid argument
2025-11-21T08:27:32.590557+00:00 mail postfix/postfix-script[75735]: starting the Postfix mail system
2025-11-21T08:27:32.608322+00:00 mail postfix/master[75736]: fatal: chmod socket private/smtpd: Invalid argument
2025-11-21T08:27:38.761839+00:00 mail postfix/postfix-script[75814]: starting the Postfix mail system
2025-11-21T08:27:38.771978+00:00 mail postfix/master[75815]: fatal: chmod socket private/smtpd: Invalid argument
2025-11-21T08:27:45.016503+00:00 mail postfix/postfix-script[75893]: starting the Postfix mail system
2025-11-21T08:27:45.027484+00:00 mail postfix/master[75894]: fatal: chmod socket private/smtpd: Invalid argument
2025-11-21T08:27:52.175764+00:00 mail postfix/postfix-script[75975]: starting the Postfix mail system
2025-11-21T08:27:52.190955+00:00 mail postfix/master[75976]: fatal: chmod socket private/smtpd: Invalid argument
2025-11-21T08:27:57.037444+00:00 mail postfix/postfix-script[76051]: starting the Postfix mail system
2025-11-21T08:27:57.055742+00:00 mail postfix/master[76052]: fatal: chmod socket private/smtpd: Invalid argument
2025-11-21T08:28:02.179303+00:00 mail postfix/postfix-script[76130]: starting the Postfix mail system
2025-11-21T08:28:02.196616+00:00 mail postfix/master[76131]: fatal: chmod socket private/smtpd: Invalid argument
2025-11-21T08:28:08.523302+00:00 mail postfix/postfix-script[76209]: starting the Postfix mail system
2025-11-21T08:28:08.540845+00:00 mail postfix/master[76210]: fatal: chmod socket private/smtpd: Invalid argument
2025-11-21T08:28:14.477298+00:00 mail postfix/postfix-script[76288]: starting the Postfix mail system
2025-11-21T08:28:14.505619+00:00 mail postfix/master[76289]: fatal: chmod socket private/smtpd: Invalid argument
2025-11-21T08:28:20.614509+00:00 mail postfix/postfix-script[76367]: starting the Postfix mail system
2025-11-21T08:28:20.645518+00:00 mail postfix/master[76368]: fatal: chmod socket private/smtpd: Invalid argument
2025-11-21T08:28:27.431550+00:00 mail postfix/postfix-script[76446]: starting the Postfix mail system
2025-11-21T08:28:27.447800+00:00 mail postfix/master[76447]: fatal: chmod socket private/smtpd: Invalid argument
2025-11-21T08:28:33.706302+00:00 mail postfix/postfix-script[76525]: starting the Postfix mail system
2025-11-21T08:28:33.724895+00:00 mail postfix/master[76526]: fatal: chmod socket private/smtpd: Invalid argument
2025-11-21T08:28:39.992535+00:00 mail postfix/postfix-script[76604]: starting the Postfix mail system
2025-11-21T08:28:40.015811+00:00 mail postfix/master[76605]: fatal: chmod socket private/smtpd: Invalid argument
2025-11-21T08:28:46.066809+00:00 mail postfix/postfix-script[76683]: starting the Postfix mail system
2025-11-21T08:28:46.084485+00:00 mail postfix/master[76684]: fatal: chmod socket private/smtpd: Invalid argument
2025-11-21T08:28:51.365723+00:00 mail postfix/postfix-script[76762]: starting the Postfix mail system
2025-11-21T08:28:51.383540+00:00 mail postfix/master[76763]: fatal: chmod socket private/smtpd: Invalid argument
2025-11-21T08:28:57.986718+00:00 mail postfix/postfix-script[76841]: starting the Postfix mail system
2025-11-21T08:28:58.003102+00:00 mail postfix/master[76842]: fatal: chmod socket private/smtpd: Invalid argument
2025-11-21T08:29:04.325514+00:00 mail postfix/postfix-script[76920]: starting the Postfix mail system
2025-11-21T08:29:04.340176+00:00 mail postfix/master[76921]: fatal: chmod socket private/smtpd: Invalid argument
2025-11-21T08:29:10.532774+00:00 mail postfix/postfix-script[76999]: starting the Postfix mail system
2025-11-21T08:29:10.569035+00:00 mail postfix/master[77000]: fatal: chmod socket private/smtpd: Invalid argument
2025-11-21T08:29:16.782833+00:00 mail postfix/postfix-script[77078]: starting the Postfix mail system
2025-11-21T08:29:16.803531+00:00 mail postfix/master[77079]: fatal: chmod socket private/smtpd: Invalid argument
2025-11-21T08:29:23.029249+00:00 mail postfix/postfix-script[77157]: starting the Postfix mail system
2025-11-21T08:29:23.043391+00:00 mail postfix/master[77158]: fatal: chmod socket private/smtpd: Invalid argument
2025-11-21T08:29:28.813120+00:00 mail postfix/postfix-script[77236]: starting the Postfix mail system
2025-11-21T08:29:28.823372+00:00 mail postfix/master[77237]: fatal: chmod socket private/smtpd: Invalid argument
2025-11-21T08:29:35.061310+00:00 mail postfix/postfix-script[77315]: starting the Postfix mail system
2025-11-21T08:29:35.073534+00:00 mail postfix/master[77316]: fatal: chmod socket private/smtpd: Invalid argument
2025-11-21T08:29:41.121943+00:00 mail postfix/postfix-script[77394]: starting the Postfix mail system
2025-11-21T08:29:41.131194+00:00 mail postfix/master[77395]: fatal: chmod socket private/smtpd: Invalid argument
2025-11-21T08:29:47.466933+00:00 mail postfix/postfix-script[77473]: starting the Postfix mail system
2025-11-21T08:29:47.479788+00:00 mail postfix/master[77474]: fatal: chmod socket private/smtpd: Invalid argument
2025-11-21T08:29:54.013819+00:00 mail postfix/postfix-script[77555]: starting the Postfix mail system
2025-11-21T08:29:54.029602+00:00 mail postfix/master[77556]: fatal: chmod socket private/smtpd: Invalid argument
2025-11-21T08:29:59.805366+00:00 mail postfix/postfix-script[77634]: starting the Postfix mail system
2025-11-21T08:29:59.823360+00:00 mail postfix/master[77635]: fatal: chmod socket private/smtpd: Invalid argument
2025-11-21T08:30:05.758552+00:00 mail postfix/postfix-script[77710]: starting the Postfix mail system
2025-11-21T08:30:05.768927+00:00 mail postfix/master[77711]: fatal: chmod socket private/smtpd: Invalid argument
2025-11-21T08:30:12.317115+00:00 mail postfix/postfix-script[77792]: starting the Postfix mail system
2025-11-21T08:30:12.328836+00:00 mail postfix/master[77793]: fatal: chmod socket private/smtpd: Invalid argument
2025-11-21T08:30:18.898689+00:00 mail postfix/postfix-script[77871]: starting the Postfix mail system
2025-11-21T08:30:18.909564+00:00 mail postfix/master[77872]: fatal: chmod socket private/smtpd: Invalid argument
2025-11-21T08:30:25.022087+00:00 mail postfix/postfix-script[77950]: starting the Postfix mail system
2025-11-21T08:30:25.037515+00:00 mail postfix/master[77951]: fatal: chmod socket private/smtpd: Invalid argument
2025-11-21T08:30:30.130946+00:00 mail postfix/postfix-script[78029]: starting the Postfix mail system
2025-11-21T08:30:30.144994+00:00 mail postfix/master[78030]: fatal: chmod socket private/smtpd: Invalid argument
2025-11-21T08:30:36.412773+00:00 mail postfix/postfix-script[78108]: starting the Postfix mail system
2025-11-21T08:30:36.423642+00:00 mail postfix/master[78109]: fatal: chmod socket private/smtpd: Invalid argument
2025-11-21T08:30:42.743388+00:00 mail postfix/postfix-script[78187]: starting the Postfix mail system
2025-11-21T08:30:42.759556+00:00 mail postfix/master[78188]: fatal: chmod socket private/smtpd: Invalid argument
2025-11-21T08:30:48.620438+00:00 mail postfix/postfix-script[78266]: starting the Postfix mail system
2025-11-21T08:30:48.636203+00:00 mail postfix/master[78267]: fatal: chmod socket private/smtpd: Invalid argument
2025-11-21T08:30:55.086790+00:00 mail postfix/postfix-script[78345]: starting the Postfix mail system
2025-11-21T08:30:55.098548+00:00 mail postfix/master[78346]: fatal: chmod socket private/smtpd: Invalid argument
2025-11-21T08:31:01.154920+00:00 mail postfix/postfix-script[78424]: starting the Postfix mail system
2025-11-21T08:31:01.172356+00:00 mail postfix/master[78425]: fatal: chmod socket private/smtpd: Invalid argument
2025-11-21T08:31:06.117801+00:00 mail postfix/postfix-script[78500]: starting the Postfix mail system
2025-11-21T08:31:06.130162+00:00 mail postfix/master[78501]: fatal: chmod socket private/smtpd: Invalid argument
2025-11-21T08:31:12.542569+00:00 mail postfix/postfix-script[78579]: starting the Postfix mail system
2025-11-21T08:31:12.557247+00:00 mail postfix/master[78581]: fatal: chmod socket private/smtpd: Invalid argument
2025-11-21T08:31:18.465338+00:00 mail postfix/postfix-script[78658]: starting the Postfix mail system
2025-11-21T08:31:18.486591+00:00 mail postfix/master[78659]: fatal: chmod socket private/smtpd: Invalid argument
2025-11-21T08:31:24.909386+00:00 mail postfix/postfix-script[78740]: starting the Postfix mail system
2025-11-21T08:31:24.921076+00:00 mail postfix/master[78741]: fatal: chmod socket private/smtpd: Invalid argument
2025-11-21T08:31:30.851571+00:00 mail postfix/postfix-script[78819]: starting the Postfix mail system
2025-11-21T08:31:30.862188+00:00 mail postfix/master[78820]: fatal: chmod socket private/smtpd: Invalid argument
2025-11-21T08:31:37.292626+00:00 mail postfix/postfix-script[78898]: starting the Postfix mail system
2025-11-21T08:31:37.328476+00:00 mail postfix/master[78899]: fatal: chmod socket private/smtpd: Invalid argument
2025-11-21T08:31:43.128590+00:00 mail postfix/postfix-script[78977]: starting the Postfix mail system
2025-11-21T08:31:43.137194+00:00 mail postfix/master[78978]: fatal: chmod socket private/smtpd: Invalid argument
2025-11-21T08:31:49.113384+00:00 mail postfix/postfix-script[79056]: starting the Postfix mail system
2025-11-21T08:31:49.120976+00:00 mail postfix/master[79057]: fatal: chmod socket private/smtpd: Invalid argument
2025-11-21T08:31:55.587279+00:00 mail postfix/postfix-script[79135]: starting the Postfix mail system
2025-11-21T08:31:55.594596+00:00 mail postfix/master[79136]: fatal: chmod socket private/smtpd: Invalid argument
2025-11-21T08:32:01.677624+00:00 mail postfix/postfix-script[79214]: starting the Postfix mail system
2025-11-21T08:32:01.691882+00:00 mail postfix/master[79215]: fatal: chmod socket private/smtpd: Invalid argument
2025-11-21T08:32:07.867289+00:00 mail postfix/postfix-script[79293]: starting the Postfix mail system
2025-11-21T08:32:07.877583+00:00 mail postfix/master[79294]: fatal: chmod socket private/smtpd: Invalid argument
2025-11-21T08:32:13.912478+00:00 mail postfix/postfix-script[79372]: starting the Postfix mail system
2025-11-21T08:32:13.923706+00:00 mail postfix/master[79373]: fatal: chmod socket private/smtpd: Invalid argument
2025-11-21T08:32:19.990851+00:00 mail postfix/postfix-script[79451]: starting the Postfix mail system
2025-11-21T08:32:20.002347+00:00 mail postfix/master[79452]: fatal: chmod socket private/smtpd: Invalid argument
2025-11-21T08:32:26.304577+00:00 mail postfix/postfix-script[79530]: starting the Postfix mail system
2025-11-21T08:32:26.315132+00:00 mail postfix/master[79531]: fatal: chmod socket private/smtpd: Invalid argument
2025-11-21T08:32:32.295783+00:00 mail postfix/postfix-script[79609]: starting the Postfix mail system
2025-11-21T08:32:32.304071+00:00 mail postfix/master[79610]: fatal: chmod socket private/smtpd: Invalid argument
2025-11-21T08:32:38.562619+00:00 mail postfix/postfix-script[79688]: starting the Postfix mail system
2025-11-21T08:32:38.576727+00:00 mail postfix/master[79689]: fatal: chmod socket private/smtpd: Invalid argument
2025-11-21T08:32:45.010226+00:00 mail postfix/postfix-script[79767]: starting the Postfix mail system
2025-11-21T08:32:45.022530+00:00 mail postfix/master[79768]: fatal: chmod socket private/smtpd: Invalid argument
2025-11-21T08:32:51.165920+00:00 mail postfix/postfix-script[79846]: starting the Postfix mail system
2025-11-21T08:32:51.182037+00:00 mail postfix/master[79847]: fatal: chmod socket private/smtpd: Invalid argument
2025-11-21T08:32:57.129043+00:00 mail postfix/postfix-script[79925]: starting the Postfix mail system
2025-11-21T08:32:57.139078+00:00 mail postfix/master[79926]: fatal: chmod socket private/smtpd: Invalid argument
2025-11-21T08:33:03.154698+00:00 mail postfix/postfix-script[80004]: starting the Postfix mail system
2025-11-21T08:33:03.164932+00:00 mail postfix/master[80005]: fatal: chmod socket private/smtpd: Invalid argument
2025-11-21T08:33:09.705985+00:00 mail postfix/postfix-script[80083]: starting the Postfix mail system
2025-11-21T08:33:09.717014+00:00 mail postfix/master[80084]: fatal: chmod socket private/smtpd: Invalid argument
2025-11-21T08:33:15.703723+00:00 mail postfix/postfix-script[80162]: starting the Postfix mail system
2025-11-21T08:33:15.720203+00:00 mail postfix/master[80163]: fatal: chmod socket private/smtpd: Invalid argument
2025-11-21T08:33:21.933972+00:00 mail postfix/postfix-script[80241]: starting the Postfix mail system
2025-11-21T08:33:21.943341+00:00 mail postfix/master[80242]: fatal: chmod socket private/smtpd: Invalid argument
2025-11-21T08:33:28.044559+00:00 mail postfix/postfix-script[80320]: starting the Postfix mail system
2025-11-21T08:33:28.060865+00:00 mail postfix/master[80321]: fatal: chmod socket private/smtpd: Invalid argument
2025-11-21T08:33:34.386228+00:00 mail postfix/postfix-script[80402]: starting the Postfix mail system
2025-11-21T08:33:34.398465+00:00 mail postfix/master[80403]: fatal: chmod socket private/smtpd: Invalid argument
2025-11-21T08:33:40.305459+00:00 mail postfix/postfix-script[80478]: starting the Postfix mail system
2025-11-21T08:33:40.316867+00:00 mail postfix/master[80479]: fatal: chmod socket private/smtpd: Invalid argument
2025-11-21T08:33:46.609418+00:00 mail postfix/postfix-script[80560]: starting the Postfix mail system
2025-11-21T08:33:46.622158+00:00 mail postfix/master[80561]: fatal: chmod socket private/smtpd: Invalid argument
2025-11-21T08:33:52.692419+00:00 mail postfix/postfix-script[80639]: starting the Postfix mail system
2025-11-21T08:33:52.707716+00:00 mail postfix/master[80640]: fatal: chmod socket private/smtpd: Invalid argument
2025-11-21T08:33:58.777675+00:00 mail postfix/postfix-script[80718]: starting the Postfix mail system
2025-11-21T08:33:58.791866+00:00 mail postfix/master[80719]: fatal: chmod socket private/smtpd: Invalid argument
2025-11-21T08:34:05.243104+00:00 mail postfix/postfix-script[80797]: starting the Postfix mail system
2025-11-21T08:34:05.260673+00:00 mail postfix/master[80798]: fatal: chmod socket private/smtpd: Invalid argument
2025-11-21T08:34:11.314151+00:00 mail postfix/postfix-script[80876]: starting the Postfix mail system
2025-11-21T08:34:11.327207+00:00 mail postfix/master[80877]: fatal: chmod socket private/smtpd: Invalid argument
2025-11-21T08:34:17.350204+00:00 mail postfix/postfix-script[80955]: starting the Postfix mail system
2025-11-21T08:34:17.359742+00:00 mail postfix/master[80956]: fatal: chmod socket private/smtpd: Invalid argument
2025-11-21T08:34:23.995888+00:00 mail postfix/postfix-script[81034]: starting the Postfix mail system
2025-11-21T08:34:24.012249+00:00 mail postfix/master[81035]: fatal: chmod socket private/smtpd: Invalid argument
2025-11-21T08:34:30.250556+00:00 mail postfix/postfix-script[81113]: starting the Postfix mail system
2025-11-21T08:34:30.270259+00:00 mail postfix/master[81114]: fatal: chmod socket private/smtpd: Invalid argument
2025-11-21T08:34:38.044459+00:00 mail postfix/postfix-script[81195]: starting the Postfix mail system
2025-11-21T08:34:38.059138+00:00 mail postfix/master[81196]: fatal: chmod socket private/smtpd: Invalid argument
2025-11-21T08:34:44.304293+00:00 mail postfix/postfix-script[81274]: starting the Postfix mail system
2025-11-21T08:34:44.320357+00:00 mail postfix/master[81275]: fatal: chmod socket private/smtpd: Invalid argument
2025-11-21T08:34:50.691636+00:00 mail postfix/postfix-script[81353]: starting the Postfix mail system
2025-11-21T08:34:50.713021+00:00 mail postfix/master[81354]: fatal: chmod socket private/smtpd: Invalid argument
2025-11-21T08:34:56.990189+00:00 mail postfix/postfix-script[81432]: starting the Postfix mail system
2025-11-21T08:34:57.142860+00:00 mail postfix/master[81433]: fatal: chmod socket private/smtpd: Invalid argument
2025-11-21T08:35:03.713787+00:00 mail postfix/postfix-script[81511]: starting the Postfix mail system
2025-11-21T08:35:03.743656+00:00 mail postfix/master[81512]: fatal: chmod socket private/smtpd: Invalid argument
2025-11-21T08:35:08.720414+00:00 mail postfix/postfix-script[81590]: starting the Postfix mail system
2025-11-21T08:35:08.762361+00:00 mail postfix/master[81591]: fatal: chmod socket private/smtpd: Invalid argument
2025-11-21T08:35:15.594429+00:00 mail postfix/postfix-script[81669]: starting the Postfix mail system
2025-11-21T08:35:15.618427+00:00 mail postfix/master[81670]: fatal: chmod socket private/smtpd: Invalid argument
2025-11-21T08:35:21.973656+00:00 mail postfix/postfix-script[81748]: starting the Postfix mail system
2025-11-21T08:35:22.127142+00:00 mail postfix/master[81749]: fatal: chmod socket private/smtpd: Invalid argument
2025-11-21T08:35:28.515196+00:00 mail postfix/postfix-script[81830]: starting the Postfix mail system
2025-11-21T08:35:28.533988+00:00 mail postfix/master[81831]: fatal: chmod socket private/smtpd: Invalid argument
2025-11-21T08:35:35.194120+00:00 mail postfix/postfix-script[81909]: starting the Postfix mail system
2025-11-21T08:35:35.214368+00:00 mail postfix/master[81910]: fatal: chmod socket private/smtpd: Invalid argument
2025-11-21T08:35:41.517367+00:00 mail postfix/postfix-script[81988]: starting the Postfix mail system
2025-11-21T08:35:41.534690+00:00 mail postfix/master[81989]: fatal: chmod socket private/smtpd: Invalid argument
2025-11-21T08:35:47.962259+00:00 mail postfix/postfix-script[82067]: starting the Postfix mail system
2025-11-21T08:35:47.980749+00:00 mail postfix/master[82068]: fatal: chmod socket private/smtpd: Invalid argument
2025-11-21T08:35:54.831012+00:00 mail postfix/postfix-script[82146]: starting the Postfix mail system
2025-11-21T08:35:54.879367+00:00 mail postfix/master[82147]: fatal: chmod socket private/smtpd: Invalid argument
2025-11-21T08:36:00.722644+00:00 mail postfix/postfix-script[82225]: starting the Postfix mail system
2025-11-21T08:36:00.742589+00:00 mail postfix/master[82226]: fatal: chmod socket private/smtpd: Invalid argument
2025-11-21T08:36:08.025591+00:00 mail postfix/postfix-script[82307]: starting the Postfix mail system
2025-11-21T08:36:08.161096+00:00 mail postfix/master[82308]: fatal: chmod socket private/smtpd: Invalid argument
2025-11-21T08:36:14.394883+00:00 mail postfix/postfix-script[82386]: starting the Postfix mail system
2025-11-21T08:36:14.422885+00:00 mail postfix/master[82387]: fatal: chmod socket private/smtpd: Invalid argument
2025-11-21T08:36:20.947475+00:00 mail postfix/postfix-script[82465]: starting the Postfix mail system
2025-11-21T08:36:20.971293+00:00 mail postfix/master[82466]: fatal: chmod socket private/smtpd: Invalid argument
2025-11-21T08:36:27.427508+00:00 mail postfix/postfix-script[82544]: starting the Postfix mail system
2025-11-21T08:36:27.454053+00:00 mail postfix/master[82545]: fatal: chmod socket private/smtpd: Invalid argument
2025-11-21T08:36:33.477700+00:00 mail postfix/postfix-script[82623]: starting the Postfix mail system
2025-11-21T08:36:33.494063+00:00 mail postfix/master[82624]: fatal: chmod socket private/smtpd: Invalid argument
2025-11-21T08:36:40.603404+00:00 mail postfix/postfix-script[82705]: starting the Postfix mail system
2025-11-21T08:36:40.627767+00:00 mail postfix/master[82706]: fatal: chmod socket private/smtpd: Invalid argument
2025-11-21T08:36:46.059074+00:00 mail postfix/postfix-script[82781]: starting the Postfix mail system
2025-11-21T08:36:46.073793+00:00 mail postfix/master[82782]: fatal: chmod socket private/smtpd: Invalid argument
2025-11-21T08:36:52.287589+00:00 mail postfix/postfix-script[82860]: starting the Postfix mail system
2025-11-21T08:36:52.355485+00:00 mail postfix/master[82861]: fatal: chmod socket private/smtpd: Invalid argument
2025-11-21T08:36:58.501963+00:00 mail postfix/postfix-script[82939]: starting the Postfix mail system
2025-11-21T08:36:58.528696+00:00 mail postfix/master[82940]: fatal: chmod socket private/smtpd: Invalid argument
2025-11-21T08:37:04.639473+00:00 mail postfix/postfix-script[83019]: starting the Postfix mail system
2025-11-21T08:37:04.650606+00:00 mail postfix/master[83022]: fatal: chmod socket private/smtpd: Invalid argument
2025-11-21T08:37:10.346556+00:00 mail postfix/postfix-script[83097]: starting the Postfix mail system
2025-11-21T08:37:10.356305+00:00 mail postfix/master[83098]: fatal: chmod socket private/smtpd: Invalid argument
2025-11-21T08:37:16.374189+00:00 mail postfix/postfix-script[83176]: starting the Postfix mail system
2025-11-21T08:37:16.382049+00:00 mail postfix/master[83177]: fatal: chmod socket private/smtpd: Invalid argument
2025-11-21T08:37:22.423234+00:00 mail postfix/postfix-script[83255]: starting the Postfix mail system
2025-11-21T08:37:22.431820+00:00 mail postfix/master[83256]: fatal: chmod socket private/smtpd: Invalid argument
2025-11-21T08:37:28.870803+00:00 mail postfix/postfix-script[83337]: starting the Postfix mail system
2025-11-21T08:37:28.882563+00:00 mail postfix/master[83338]: fatal: chmod socket private/smtpd: Invalid argument
2025-11-21T08:37:34.872677+00:00 mail postfix/postfix-script[83416]: starting the Postfix mail system
2025-11-21T08:37:34.885932+00:00 mail postfix/master[83417]: fatal: chmod socket private/smtpd: Invalid argument
2025-11-21T08:37:41.033113+00:00 mail postfix/postfix-script[83495]: starting the Postfix mail system
2025-11-21T08:37:41.046591+00:00 mail postfix/master[83496]: fatal: chmod socket private/smtpd: Invalid argument
2025-11-21T08:37:47.008435+00:00 mail postfix/postfix-script[83574]: starting the Postfix mail system
2025-11-21T08:37:47.019244+00:00 mail postfix/master[83575]: fatal: chmod socket private/smtpd: Invalid argument
2025-11-21T08:37:53.052418+00:00 mail postfix/postfix-script[83653]: starting the Postfix mail system
2025-11-21T08:37:53.059049+00:00 mail postfix/master[83654]: fatal: chmod socket private/smtpd: Invalid argument
2025-11-21T08:37:59.133405+00:00 mail postfix/postfix-script[83732]: starting the Postfix mail system
2025-11-21T08:37:59.142198+00:00 mail postfix/master[83733]: fatal: chmod socket private/smtpd: Invalid argument
2025-11-21T08:38:05.214560+00:00 mail postfix/postfix-script[83811]: starting the Postfix mail system
2025-11-21T08:38:05.221620+00:00 mail postfix/master[83812]: fatal: chmod socket private/smtpd: Invalid argument
2025-11-21T08:38:11.286201+00:00 mail postfix/postfix-script[83890]: starting the Postfix mail system
2025-11-21T08:38:11.292498+00:00 mail postfix/master[83891]: fatal: chmod socket private/smtpd: Invalid argument
2025-11-21T08:38:17.647527+00:00 mail postfix/postfix-script[83969]: starting the Postfix mail system
2025-11-21T08:38:17.659403+00:00 mail postfix/master[83970]: fatal: chmod socket private/smtpd: Invalid argument
2025-11-21T08:38:23.904737+00:00 mail postfix/postfix-script[84048]: starting the Postfix mail system
2025-11-21T08:38:23.948426+00:00 mail postfix/master[84049]: fatal: chmod socket private/smtpd: Invalid argument
2025-11-21T08:38:30.034203+00:00 mail postfix/postfix-script[84127]: starting the Postfix mail system
2025-11-21T08:38:30.044593+00:00 mail postfix/master[84128]: fatal: chmod socket private/smtpd: Invalid argument
2025-11-21T08:38:35.132100+00:00 mail postfix/postfix-script[84203]: starting the Postfix mail system
2025-11-21T08:38:35.144644+00:00 mail postfix/master[84204]: fatal: chmod socket private/smtpd: Invalid argument
2025-11-21T08:38:41.542053+00:00 mail postfix/postfix-script[84285]: starting the Postfix mail system
2025-11-21T08:38:41.566746+00:00 mail postfix/master[84286]: fatal: chmod socket private/smtpd: Invalid argument
2025-11-21T08:38:47.733105+00:00 mail postfix/postfix-script[84364]: starting the Postfix mail system
2025-11-21T08:38:47.747131+00:00 mail postfix/master[84365]: fatal: chmod socket private/smtpd: Invalid argument
2025-11-21T08:38:53.847452+00:00 mail postfix/postfix-script[84443]: starting the Postfix mail system
2025-11-21T08:38:53.866729+00:00 mail postfix/master[84444]: fatal: chmod socket private/smtpd: Invalid argument
2025-11-21T08:39:00.223390+00:00 mail postfix/postfix-script[84522]: starting the Postfix mail system
2025-11-21T08:39:00.266573+00:00 mail postfix/master[84523]: fatal: chmod socket private/smtpd: Invalid argument
2025-11-21T08:39:06.423136+00:00 mail postfix/postfix-script[84601]: starting the Postfix mail system
2025-11-21T08:39:06.438043+00:00 mail postfix/master[84602]: fatal: chmod socket private/smtpd: Invalid argument
2025-11-21T08:39:12.393947+00:00 mail postfix/postfix-script[84680]: starting the Postfix mail system
2025-11-21T08:39:12.405501+00:00 mail postfix/master[84681]: fatal: chmod socket private/smtpd: Invalid argument
2025-11-21T08:39:18.601528+00:00 mail postfix/postfix-script[84759]: starting the Postfix mail system
2025-11-21T08:39:18.616231+00:00 mail postfix/master[84760]: fatal: chmod socket private/smtpd: Invalid argument
2025-11-21T08:39:25.056383+00:00 mail postfix/postfix-script[84838]: starting the Postfix mail system
2025-11-21T08:39:25.093500+00:00 mail postfix/master[84839]: fatal: chmod socket private/smtpd: Invalid argument
2025-11-21T08:39:31.042864+00:00 mail postfix/postfix-script[84917]: starting the Postfix mail system
2025-11-21T08:39:31.054537+00:00 mail postfix/master[84918]: fatal: chmod socket private/smtpd: Invalid argument
2025-11-21T08:39:37.410217+00:00 mail postfix/postfix-script[84996]: starting the Postfix mail system
2025-11-21T08:39:37.421777+00:00 mail postfix/master[84997]: fatal: chmod socket private/smtpd: Invalid argument
2025-11-21T08:39:43.438536+00:00 mail postfix/postfix-script[85075]: starting the Postfix mail system
2025-11-21T08:39:43.452484+00:00 mail postfix/master[85076]: fatal: chmod socket private/smtpd: Invalid argument
2025-11-21T08:39:49.580510+00:00 mail postfix/postfix-script[85154]: starting the Postfix mail system
2025-11-21T08:39:49.595004+00:00 mail postfix/master[85155]: fatal: chmod socket private/smtpd: Invalid argument
2025-11-21T08:39:55.664296+00:00 mail postfix/postfix-script[85233]: starting the Postfix mail system
2025-11-21T08:39:55.682418+00:00 mail postfix/master[85234]: fatal: chmod socket private/smtpd: Invalid argument
2025-11-21T08:40:01.768434+00:00 mail postfix/postfix-script[85312]: starting the Postfix mail system
2025-11-21T08:40:01.780551+00:00 mail postfix/master[85313]: fatal: chmod socket private/smtpd: Invalid argument
2025-11-21T08:40:07.947436+00:00 mail postfix/postfix-script[85391]: starting the Postfix mail system
2025-11-21T08:40:07.960379+00:00 mail postfix/master[85392]: fatal: chmod socket private/smtpd: Invalid argument
2025-11-21T08:40:14.008539+00:00 mail postfix/postfix-script[85470]: starting the Postfix mail system
2025-11-21T08:40:14.022619+00:00 mail postfix/master[85471]: fatal: chmod socket private/smtpd: Invalid argument
2025-11-21T08:40:20.149657+00:00 mail postfix/postfix-script[85549]: starting the Postfix mail system
2025-11-21T08:40:20.161866+00:00 mail postfix/master[85550]: fatal: chmod socket private/smtpd: Invalid argument
2025-11-21T08:40:26.250746+00:00 mail postfix/postfix-script[85628]: starting the Postfix mail system
2025-11-21T08:40:26.266416+00:00 mail postfix/master[85629]: fatal: chmod socket private/smtpd: Invalid argument
2025-11-21T08:40:32.381251+00:00 mail postfix/postfix-script[85707]: starting the Postfix mail system
2025-11-21T08:40:32.390201+00:00 mail postfix/master[85708]: fatal: chmod socket private/smtpd: Invalid argument
2025-11-21T08:40:38.889498+00:00 mail postfix/postfix-script[85789]: starting the Postfix mail system
2025-11-21T08:40:38.970506+00:00 mail postfix/master[85790]: fatal: chmod socket private/smtpd: Invalid argument
2025-11-21T08:40:44.938987+00:00 mail postfix/postfix-script[85868]: starting the Postfix mail system
2025-11-21T08:40:44.950748+00:00 mail postfix/master[85869]: fatal: chmod socket private/smtpd: Invalid argument
2025-11-21T08:40:50.924758+00:00 mail postfix/postfix-script[85947]: starting the Postfix mail system
2025-11-21T08:40:50.935539+00:00 mail postfix/master[85948]: fatal: chmod socket private/smtpd: Invalid argument
2025-11-21T08:40:57.547846+00:00 mail postfix/postfix-script[86026]: starting the Postfix mail system
2025-11-21T08:40:57.565186+00:00 mail postfix/master[86027]: fatal: chmod socket private/smtpd: Invalid argument
2025-11-21T08:41:03.419909+00:00 mail postfix/postfix-script[86105]: starting the Postfix mail system
2025-11-21T08:41:03.432868+00:00 mail postfix/master[86106]: fatal: chmod socket private/smtpd: Invalid argument
2025-11-21T08:41:09.527839+00:00 mail postfix/postfix-script[86184]: starting the Postfix mail system
2025-11-21T08:41:09.539739+00:00 mail postfix/master[86185]: fatal: chmod socket private/smtpd: Invalid argument
2025-11-21T08:41:15.717774+00:00 mail postfix/postfix-script[86263]: starting the Postfix mail system
2025-11-21T08:41:15.729152+00:00 mail postfix/master[86264]: fatal: chmod socket private/smtpd: Invalid argument
2025-11-21T08:41:21.832967+00:00 mail postfix/postfix-script[86342]: starting the Postfix mail system
2025-11-21T08:41:21.843351+00:00 mail postfix/master[86343]: fatal: chmod socket private/smtpd: Invalid argument
2025-11-21T08:41:27.767801+00:00 mail postfix/postfix-script[86421]: starting the Postfix mail system
2025-11-21T08:41:27.776647+00:00 mail postfix/master[86422]: fatal: chmod socket private/smtpd: Invalid argument
2025-11-21T08:41:33.806687+00:00 mail postfix/postfix-script[86500]: starting the Postfix mail system
2025-11-21T08:41:33.814656+00:00 mail postfix/master[86501]: fatal: chmod socket private/smtpd: Invalid argument
2025-11-21T08:41:39.930069+00:00 mail postfix/postfix-script[86579]: starting the Postfix mail system
2025-11-21T08:41:39.937664+00:00 mail postfix/master[86580]: fatal: chmod socket private/smtpd: Invalid argument
2025-11-21T08:41:45.947097+00:00 mail postfix/postfix-script[86658]: starting the Postfix mail system
2025-11-21T08:41:45.953381+00:00 mail postfix/master[86659]: fatal: chmod socket private/smtpd: Invalid argument
2025-11-21T08:41:52.093127+00:00 mail postfix/postfix-script[86737]: starting the Postfix mail system
2025-11-21T08:41:52.100451+00:00 mail postfix/master[86738]: fatal: chmod socket private/smtpd: Invalid argument
2025-11-21T08:41:58.267753+00:00 mail postfix/postfix-script[86816]: starting the Postfix mail system
2025-11-21T08:41:58.279033+00:00 mail postfix/master[86817]: fatal: chmod socket private/smtpd: Invalid argument
2025-11-21T08:42:04.210312+00:00 mail postfix/postfix-script[86895]: starting the Postfix mail system
2025-11-21T08:42:04.217765+00:00 mail postfix/master[86896]: fatal: chmod socket private/smtpd: Invalid argument
2025-11-21T08:42:10.260679+00:00 mail postfix/postfix-script[86974]: starting the Postfix mail system
2025-11-21T08:42:10.266667+00:00 mail postfix/master[86975]: fatal: chmod socket private/smtpd: Invalid argument
2025-11-21T08:42:16.315917+00:00 mail postfix/postfix-script[87053]: starting the Postfix mail system
2025-11-21T08:42:16.321898+00:00 mail postfix/master[87054]: fatal: chmod socket private/smtpd: Invalid argument
2025-11-21T08:42:22.416352+00:00 mail postfix/postfix-script[87132]: starting the Postfix mail system
2025-11-21T08:42:22.422597+00:00 mail postfix/master[87133]: fatal: chmod socket private/smtpd: Invalid argument
2025-11-21T08:42:28.479190+00:00 mail postfix/postfix-script[87211]: starting the Postfix mail system
2025-11-21T08:42:28.486469+00:00 mail postfix/master[87212]: fatal: chmod socket private/smtpd: Invalid argument
2025-11-21T08:42:34.627497+00:00 mail postfix/postfix-script[87290]: starting the Postfix mail system
2025-11-21T08:42:34.634161+00:00 mail postfix/master[87291]: fatal: chmod socket private/smtpd: Invalid argument
2025-11-21T08:42:40.651437+00:00 mail postfix/postfix-script[87369]: starting the Postfix mail system
2025-11-21T08:42:40.657525+00:00 mail postfix/master[87370]: fatal: chmod socket private/smtpd: Invalid argument
2025-11-21T08:42:46.725049+00:00 mail postfix/postfix-script[87448]: starting the Postfix mail system
2025-11-21T08:42:46.730328+00:00 mail postfix/master[87449]: fatal: chmod socket private/smtpd: Invalid argument
2025-11-21T08:42:52.793714+00:00 mail postfix/postfix-script[87527]: starting the Postfix mail system
2025-11-21T08:42:52.799514+00:00 mail postfix/master[87528]: fatal: chmod socket private/smtpd: Invalid argument
2025-11-21T08:42:58.909414+00:00 mail postfix/postfix-script[87606]: starting the Postfix mail system
2025-11-21T08:42:58.915782+00:00 mail postfix/master[87607]: fatal: chmod socket private/smtpd: Invalid argument
2025-11-21T08:43:05.023132+00:00 mail postfix/postfix-script[87685]: starting the Postfix mail system
2025-11-21T08:43:05.031464+00:00 mail postfix/master[87686]: fatal: chmod socket private/smtpd: Invalid argument
2025-11-21T08:43:11.012884+00:00 mail postfix/postfix-script[87764]: starting the Postfix mail system
2025-11-21T08:43:11.020555+00:00 mail postfix/master[87765]: fatal: chmod socket private/smtpd: Invalid argument
2025-11-21T08:43:17.095307+00:00 mail postfix/postfix-script[87843]: starting the Postfix mail system
2025-11-21T08:43:17.100723+00:00 mail postfix/master[87844]: fatal: chmod socket private/smtpd: Invalid argument
2025-11-21T08:43:23.137631+00:00 mail postfix/postfix-script[87922]: starting the Postfix mail system
2025-11-21T08:43:23.142993+00:00 mail postfix/master[87923]: fatal: chmod socket private/smtpd: Invalid argument
2025-11-21T08:43:29.245279+00:00 mail postfix/postfix-script[88001]: starting the Postfix mail system
2025-11-21T08:43:29.252046+00:00 mail postfix/master[88002]: fatal: chmod socket private/smtpd: Invalid argument
2025-11-21T08:43:35.320937+00:00 mail postfix/postfix-script[88080]: starting the Postfix mail system
2025-11-21T08:43:35.326195+00:00 mail postfix/master[88081]: fatal: chmod socket private/smtpd: Invalid argument
2025-11-21T08:43:41.412614+00:00 mail postfix/postfix-script[88159]: starting the Postfix mail system
2025-11-21T08:43:41.418638+00:00 mail postfix/master[88160]: fatal: chmod socket private/smtpd: Invalid argument
2025-11-21T08:43:47.441745+00:00 mail postfix/postfix-script[88238]: starting the Postfix mail system
2025-11-21T08:43:47.447698+00:00 mail postfix/master[88239]: fatal: chmod socket private/smtpd: Invalid argument
2025-11-21T08:43:53.579365+00:00 mail postfix/postfix-script[88317]: starting the Postfix mail system
2025-11-21T08:43:53.586894+00:00 mail postfix/master[88318]: fatal: chmod socket private/smtpd: Invalid argument
2025-11-21T08:43:59.623526+00:00 mail postfix/postfix-script[88396]: starting the Postfix mail system
2025-11-21T08:43:59.630799+00:00 mail postfix/master[88397]: fatal: chmod socket private/smtpd: Invalid argument
2025-11-21T08:44:05.697439+00:00 mail postfix/postfix-script[88475]: starting the Postfix mail system
2025-11-21T08:44:05.706602+00:00 mail postfix/master[88476]: fatal: chmod socket private/smtpd: Invalid argument
2025-11-21T08:44:11.773997+00:00 mail postfix/postfix-script[88554]: starting the Postfix mail system
2025-11-21T08:44:11.779094+00:00 mail postfix/master[88555]: fatal: chmod socket private/smtpd: Invalid argument
2025-11-21T08:44:17.857568+00:00 mail postfix/postfix-script[88633]: starting the Postfix mail system
2025-11-21T08:44:17.862795+00:00 mail postfix/master[88634]: fatal: chmod socket private/smtpd: Invalid argument
2025-11-21T08:44:23.969958+00:00 mail postfix/postfix-script[88715]: starting the Postfix mail system
2025-11-21T08:44:23.978689+00:00 mail postfix/master[88716]: fatal: chmod socket private/smtpd: Invalid argument
2025-11-21T08:44:29.981291+00:00 mail postfix/postfix-script[88794]: starting the Postfix mail system
2025-11-21T08:44:29.987975+00:00 mail postfix/master[88795]: fatal: chmod socket private/smtpd: Invalid argument
2025-11-21T08:44:36.056385+00:00 mail postfix/postfix-script[88873]: starting the Postfix mail system
2025-11-21T08:44:36.062588+00:00 mail postfix/master[88874]: fatal: chmod socket private/smtpd: Invalid argument
2025-11-21T08:44:42.137187+00:00 mail postfix/postfix-script[88952]: starting the Postfix mail system
2025-11-21T08:44:42.143316+00:00 mail postfix/master[88953]: fatal: chmod socket private/smtpd: Invalid argument
2025-11-21T08:44:48.328766+00:00 mail postfix/postfix-script[89031]: starting the Postfix mail system
2025-11-21T08:44:48.335415+00:00 mail postfix/master[89032]: fatal: chmod socket private/smtpd: Invalid argument
2025-11-21T08:44:54.290698+00:00 mail postfix/postfix-script[89110]: starting the Postfix mail system
2025-11-21T08:44:54.298895+00:00 mail postfix/master[89111]: fatal: chmod socket private/smtpd: Invalid argument
2025-11-21T08:45:00.395375+00:00 mail postfix/postfix-script[89189]: starting the Postfix mail system
2025-11-21T08:45:00.403156+00:00 mail postfix/master[89190]: fatal: chmod socket private/smtpd: Invalid argument
2025-11-21T08:45:06.534946+00:00 mail postfix/postfix-script[89268]: starting the Postfix mail system
2025-11-21T08:45:06.541646+00:00 mail postfix/master[89269]: fatal: chmod socket private/smtpd: Invalid argument
2025-11-21T08:45:12.546873+00:00 mail postfix/postfix-script[89347]: starting the Postfix mail system
2025-11-21T08:45:12.552356+00:00 mail postfix/master[89348]: fatal: chmod socket private/smtpd: Invalid argument
2025-11-21T08:45:18.622692+00:00 mail postfix/postfix-script[89426]: starting the Postfix mail system
2025-11-21T08:45:18.631038+00:00 mail postfix/master[89427]: fatal: chmod socket private/smtpd: Invalid argument
2025-11-21T08:45:24.693036+00:00 mail postfix/postfix-script[89505]: starting the Postfix mail system
2025-11-21T08:45:24.699704+00:00 mail postfix/master[89506]: fatal: chmod socket private/smtpd: Invalid argument
2025-11-21T08:45:30.843593+00:00 mail postfix/postfix-script[89584]: starting the Postfix mail system
2025-11-21T08:45:30.849684+00:00 mail postfix/master[89585]: fatal: chmod socket private/smtpd: Invalid argument
2025-11-21T08:45:36.908269+00:00 mail postfix/postfix-script[89663]: starting the Postfix mail system
2025-11-21T08:45:36.914424+00:00 mail postfix/master[89664]: fatal: chmod socket private/smtpd: Invalid argument
2025-11-21T08:45:42.936388+00:00 mail postfix/postfix-script[89742]: starting the Postfix mail system
2025-11-21T08:45:42.941468+00:00 mail postfix/master[89743]: fatal: chmod socket private/smtpd: Invalid argument
2025-11-21T08:45:49.105609+00:00 mail postfix/postfix-script[89821]: starting the Postfix mail system
2025-11-21T08:45:49.112378+00:00 mail postfix/master[89822]: fatal: chmod socket private/smtpd: Invalid argument
2025-11-21T08:45:55.157853+00:00 mail postfix/postfix-script[89900]: starting the Postfix mail system
2025-11-21T08:45:55.163876+00:00 mail postfix/master[89901]: fatal: chmod socket private/smtpd: Invalid argument
2025-11-21T08:46:01.184555+00:00 mail postfix/postfix-script[89979]: starting the Postfix mail system
2025-11-21T08:46:01.191059+00:00 mail postfix/master[89980]: fatal: chmod socket private/smtpd: Invalid argument
2025-11-21T08:46:07.263884+00:00 mail postfix/postfix-script[90058]: starting the Postfix mail system
2025-11-21T08:46:07.271861+00:00 mail postfix/master[90059]: fatal: chmod socket private/smtpd: Invalid argument
2025-11-21T08:46:13.374860+00:00 mail postfix/postfix-script[90137]: starting the Postfix mail system
2025-11-21T08:46:13.381325+00:00 mail postfix/master[90138]: fatal: chmod socket private/smtpd: Invalid argument
2025-11-21T08:46:19.475037+00:00 mail postfix/postfix-script[90216]: starting the Postfix mail system
2025-11-21T08:46:19.482521+00:00 mail postfix/master[90217]: fatal: chmod socket private/smtpd: Invalid argument
2025-11-21T08:46:25.637898+00:00 mail postfix/postfix-script[90295]: starting the Postfix mail system
2025-11-21T08:46:25.647347+00:00 mail postfix/master[90296]: fatal: chmod socket private/smtpd: Invalid argument
2025-11-21T08:46:31.971184+00:00 mail postfix/postfix-script[90374]: starting the Postfix mail system
2025-11-21T08:46:31.981806+00:00 mail postfix/master[90375]: fatal: chmod socket private/smtpd: Invalid argument
2025-11-21T08:46:38.022388+00:00 mail postfix/postfix-script[90453]: starting the Postfix mail system
2025-11-21T08:46:38.037273+00:00 mail postfix/master[90454]: fatal: chmod socket private/smtpd: Invalid argument
2025-11-21T08:46:44.018121+00:00 mail postfix/postfix-script[90532]: starting the Postfix mail system
2025-11-21T08:46:44.028067+00:00 mail postfix/master[90533]: fatal: chmod socket private/smtpd: Invalid argument
2025-11-21T08:46:50.116069+00:00 mail postfix/postfix-script[90611]: starting the Postfix mail system
2025-11-21T08:46:50.122972+00:00 mail postfix/master[90612]: fatal: chmod socket private/smtpd: Invalid argument
2025-11-21T08:46:56.207516+00:00 mail postfix/postfix-script[90690]: starting the Postfix mail system
2025-11-21T08:46:56.217353+00:00 mail postfix/master[90691]: fatal: chmod socket private/smtpd: Invalid argument
2025-11-21T08:47:02.255294+00:00 mail postfix/postfix-script[90769]: starting the Postfix mail system
2025-11-21T08:47:02.262401+00:00 mail postfix/master[90770]: fatal: chmod socket private/smtpd: Invalid argument
2025-11-21T08:47:08.376717+00:00 mail postfix/postfix-script[90848]: starting the Postfix mail system
2025-11-21T08:47:08.383037+00:00 mail postfix/master[90849]: fatal: chmod socket private/smtpd: Invalid argument
2025-11-21T08:47:14.381103+00:00 mail postfix/postfix-script[90927]: starting the Postfix mail system
2025-11-21T08:47:14.387134+00:00 mail postfix/master[90928]: fatal: chmod socket private/smtpd: Invalid argument
2025-11-21T08:47:20.584045+00:00 mail postfix/postfix-script[91006]: starting the Postfix mail system
2025-11-21T08:47:20.593672+00:00 mail postfix/master[91007]: fatal: chmod socket private/smtpd: Invalid argument
2025-11-21T08:47:26.529275+00:00 mail postfix/postfix-script[91085]: starting the Postfix mail system
2025-11-21T08:47:26.536294+00:00 mail postfix/master[91086]: fatal: chmod socket private/smtpd: Invalid argument
2025-11-21T08:47:32.642034+00:00 mail postfix/postfix-script[91164]: starting the Postfix mail system
2025-11-21T08:47:32.647261+00:00 mail postfix/master[91165]: fatal: chmod socket private/smtpd: Invalid argument
2025-11-21T08:47:38.871212+00:00 mail postfix/postfix-script[91243]: starting the Postfix mail system
2025-11-21T08:47:38.880821+00:00 mail postfix/master[91244]: fatal: chmod socket private/smtpd: Invalid argument
2025-11-21T08:47:44.912859+00:00 mail postfix/postfix-script[91322]: starting the Postfix mail system
2025-11-21T08:47:44.918706+00:00 mail postfix/master[91323]: fatal: chmod socket private/smtpd: Invalid argument
2025-11-21T08:47:50.926263+00:00 mail postfix/postfix-script[91401]: starting the Postfix mail system
2025-11-21T08:47:50.932463+00:00 mail postfix/master[91402]: fatal: chmod socket private/smtpd: Invalid argument
2025-11-21T08:47:57.009491+00:00 mail postfix/postfix-script[91480]: starting the Postfix mail system
2025-11-21T08:47:57.016319+00:00 mail postfix/master[91481]: fatal: chmod socket private/smtpd: Invalid argument
2025-11-21T08:48:03.234263+00:00 mail postfix/postfix-script[91562]: starting the Postfix mail system
2025-11-21T08:48:03.245903+00:00 mail postfix/master[91563]: fatal: chmod socket private/smtpd: Invalid argument
2025-11-21T08:48:09.161537+00:00 mail postfix/postfix-script[91641]: starting the Postfix mail system
2025-11-21T08:48:09.169008+00:00 mail postfix/master[91642]: fatal: chmod socket private/smtpd: Invalid argument
2025-11-21T08:48:15.264925+00:00 mail postfix/postfix-script[91720]: starting the Postfix mail system
2025-11-21T08:48:15.269852+00:00 mail postfix/master[91721]: fatal: chmod socket private/smtpd: Invalid argument
2025-11-21T08:48:21.338707+00:00 mail postfix/postfix-script[91799]: starting the Postfix mail system
2025-11-21T08:48:21.344224+00:00 mail postfix/master[91800]: fatal: chmod socket private/smtpd: Invalid argument
2025-11-21T08:48:27.392517+00:00 mail postfix/postfix-script[91878]: starting the Postfix mail system
2025-11-21T08:48:27.397725+00:00 mail postfix/master[91879]: fatal: chmod socket private/smtpd: Invalid argument
2025-11-21T08:48:33.477463+00:00 mail postfix/postfix-script[91957]: starting the Postfix mail system
2025-11-21T08:48:33.484100+00:00 mail postfix/master[91958]: fatal: chmod socket private/smtpd: Invalid argument
2025-11-21T08:48:39.895517+00:00 mail postfix/postfix-script[92036]: starting the Postfix mail system
2025-11-21T08:48:39.907210+00:00 mail postfix/master[92037]: fatal: chmod socket private/smtpd: Invalid argument
2025-11-21T08:48:45.723330+00:00 mail postfix/postfix-script[92115]: starting the Postfix mail system
2025-11-21T08:48:45.728425+00:00 mail postfix/master[92116]: fatal: chmod socket private/smtpd: Invalid argument
2025-11-21T08:48:52.032355+00:00 mail postfix/postfix-script[92194]: starting the Postfix mail system
2025-11-21T08:48:52.041733+00:00 mail postfix/master[92195]: fatal: chmod socket private/smtpd: Invalid argument
2025-11-21T08:48:58.012517+00:00 mail postfix/postfix-script[92273]: starting the Postfix mail system
2025-11-21T08:48:58.021739+00:00 mail postfix/master[92274]: fatal: chmod socket private/smtpd: Invalid argument
2025-11-21T08:49:04.687035+00:00 mail postfix/postfix-script[92352]: starting the Postfix mail system
2025-11-21T08:49:04.699780+00:00 mail postfix/master[92353]: fatal: chmod socket private/smtpd: Invalid argument
2025-11-21T08:49:10.976947+00:00 mail postfix/postfix-script[92431]: starting the Postfix mail system
2025-11-21T08:49:10.991796+00:00 mail postfix/master[92432]: fatal: chmod socket private/smtpd: Invalid argument
2025-11-21T08:49:16.929100+00:00 mail postfix/postfix-script[92510]: starting the Postfix mail system
2025-11-21T08:49:16.941236+00:00 mail postfix/master[92511]: fatal: chmod socket private/smtpd: Invalid argument
2025-11-21T08:49:22.945159+00:00 mail postfix/postfix-script[92589]: starting the Postfix mail system
2025-11-21T08:49:22.956837+00:00 mail postfix/master[92590]: fatal: chmod socket private/smtpd: Invalid argument
2025-11-21T08:49:29.382758+00:00 mail postfix/postfix-script[92668]: starting the Postfix mail system
2025-11-21T08:49:29.398878+00:00 mail postfix/master[92669]: fatal: chmod socket private/smtpd: Invalid argument
2025-11-21T08:49:35.365876+00:00 mail postfix/postfix-script[92747]: starting the Postfix mail system
2025-11-21T08:49:35.379853+00:00 mail postfix/master[92748]: fatal: chmod socket private/smtpd: Invalid argument
2025-11-21T08:49:41.990044+00:00 mail postfix/postfix-script[92829]: starting the Postfix mail system
2025-11-21T08:49:42.005697+00:00 mail postfix/master[92830]: fatal: chmod socket private/smtpd: Invalid argument
2025-11-21T08:49:48.332200+00:00 mail postfix/postfix-script[92908]: starting the Postfix mail system
2025-11-21T08:49:48.350381+00:00 mail postfix/master[92909]: fatal: chmod socket private/smtpd: Invalid argument
2025-11-21T08:49:54.146170+00:00 mail postfix/postfix-script[92987]: starting the Postfix mail system
2025-11-21T08:49:54.156749+00:00 mail postfix/master[92988]: fatal: chmod socket private/smtpd: Invalid argument
2025-11-21T08:50:00.242545+00:00 mail postfix/postfix-script[93066]: starting the Postfix mail system
2025-11-21T08:50:00.253103+00:00 mail postfix/master[93067]: fatal: chmod socket private/smtpd: Invalid argument
2025-11-21T08:50:06.249187+00:00 mail postfix/postfix-script[93145]: starting the Postfix mail system
2025-11-21T08:50:06.257556+00:00 mail postfix/master[93146]: fatal: chmod socket private/smtpd: Invalid argument
2025-11-21T08:50:12.365166+00:00 mail postfix/postfix-script[93224]: starting the Postfix mail system
2025-11-21T08:50:12.373392+00:00 mail postfix/master[93225]: fatal: chmod socket private/smtpd: Invalid argument
2025-11-21T08:50:18.470142+00:00 mail postfix/postfix-script[93303]: starting the Postfix mail system
2025-11-21T08:50:18.478977+00:00 mail postfix/master[93304]: fatal: chmod socket private/smtpd: Invalid argument
2025-11-21T08:50:24.513693+00:00 mail postfix/postfix-script[93382]: starting the Postfix mail system
2025-11-21T08:50:24.522063+00:00 mail postfix/master[93383]: fatal: chmod socket private/smtpd: Invalid argument
2025-11-21T08:50:30.576110+00:00 mail postfix/postfix-script[93461]: starting the Postfix mail system
2025-11-21T08:50:30.584937+00:00 mail postfix/master[93462]: fatal: chmod socket private/smtpd: Invalid argument
2025-11-21T08:50:36.782877+00:00 mail postfix/postfix-script[93540]: starting the Postfix mail system
2025-11-21T08:50:36.789292+00:00 mail postfix/master[93541]: fatal: chmod socket private/smtpd: Invalid argument
2025-11-21T08:50:42.874399+00:00 mail postfix/postfix-script[93619]: starting the Postfix mail system
2025-11-21T08:50:42.883388+00:00 mail postfix/master[93620]: fatal: chmod socket private/smtpd: Invalid argument
2025-11-21T08:50:47.963698+00:00 mail postfix/postfix-script[93695]: starting the Postfix mail system
2025-11-21T08:50:47.970074+00:00 mail postfix/master[93696]: fatal: chmod socket private/smtpd: Invalid argument
2025-11-21T08:50:54.521257+00:00 mail postfix/postfix-script[93774]: starting the Postfix mail system
2025-11-21T08:50:54.590882+00:00 mail postfix/master[93776]: fatal: chmod socket private/smtpd: Invalid argument
2025-11-21T08:51:00.601112+00:00 mail postfix/postfix-script[93856]: starting the Postfix mail system
2025-11-21T08:51:00.613706+00:00 mail postfix/master[93857]: fatal: chmod socket private/smtpd: Invalid argument
2025-11-21T08:51:06.606849+00:00 mail postfix/postfix-script[93932]: starting the Postfix mail system
2025-11-21T08:51:06.620088+00:00 mail postfix/master[93933]: fatal: chmod socket private/smtpd: Invalid argument
2025-11-21T08:51:13.125686+00:00 mail postfix/postfix-script[94014]: starting the Postfix mail system
2025-11-21T08:51:13.141111+00:00 mail postfix/master[94015]: fatal: chmod socket private/smtpd: Invalid argument
2025-11-21T08:51:18.882142+00:00 mail postfix/postfix-script[94093]: starting the Postfix mail system
2025-11-21T08:51:18.889505+00:00 mail postfix/master[94094]: fatal: chmod socket private/smtpd: Invalid argument
2025-11-21T08:51:25.068619+00:00 mail postfix/postfix-script[94172]: starting the Postfix mail system
2025-11-21T08:51:25.077432+00:00 mail postfix/master[94173]: fatal: chmod socket private/smtpd: Invalid argument
2025-11-21T08:51:31.270934+00:00 mail postfix/postfix-script[94251]: starting the Postfix mail system
2025-11-21T08:51:31.285633+00:00 mail postfix/master[94252]: fatal: chmod socket private/smtpd: Invalid argument
2025-11-21T08:51:37.568461+00:00 mail postfix/postfix-script[94330]: starting the Postfix mail system
2025-11-21T08:51:37.577339+00:00 mail postfix/master[94331]: fatal: chmod socket private/smtpd: Invalid argument
2025-11-21T08:51:43.651221+00:00 mail postfix/postfix-script[94409]: starting the Postfix mail system
2025-11-21T08:51:43.661598+00:00 mail postfix/master[94410]: fatal: chmod socket private/smtpd: Invalid argument
2025-11-21T08:51:49.932512+00:00 mail postfix/postfix-script[94488]: starting the Postfix mail system
2025-11-21T08:51:49.950455+00:00 mail postfix/master[94489]: fatal: chmod socket private/smtpd: Invalid argument
2025-11-21T08:51:55.950570+00:00 mail postfix/postfix-script[94567]: starting the Postfix mail system
2025-11-21T08:51:55.957816+00:00 mail postfix/master[94568]: fatal: chmod socket private/smtpd: Invalid argument
2025-11-21T08:52:02.182849+00:00 mail postfix/postfix-script[94646]: starting the Postfix mail system
2025-11-21T08:52:02.191506+00:00 mail postfix/master[94647]: fatal: chmod socket private/smtpd: Invalid argument
2025-11-21T08:52:08.276063+00:00 mail postfix/postfix-script[94725]: starting the Postfix mail system
2025-11-21T08:52:08.287914+00:00 mail postfix/master[94726]: fatal: chmod socket private/smtpd: Invalid argument
2025-11-21T08:52:14.384439+00:00 mail postfix/postfix-script[94804]: starting the Postfix mail system
2025-11-21T08:52:14.392585+00:00 mail postfix/master[94805]: fatal: chmod socket private/smtpd: Invalid argument
2025-11-21T08:52:20.511326+00:00 mail postfix/postfix-script[94883]: starting the Postfix mail system
2025-11-21T08:52:20.520783+00:00 mail postfix/master[94884]: fatal: chmod socket private/smtpd: Invalid argument
2025-11-21T08:52:26.489348+00:00 mail postfix/postfix-script[94962]: starting the Postfix mail system
2025-11-21T08:52:26.496445+00:00 mail postfix/master[94963]: fatal: chmod socket private/smtpd: Invalid argument
2025-11-21T08:52:32.704147+00:00 mail postfix/postfix-script[95041]: starting the Postfix mail system
2025-11-21T08:52:32.713454+00:00 mail postfix/master[95042]: fatal: chmod socket private/smtpd: Invalid argument
2025-11-21T08:52:38.796067+00:00 mail postfix/postfix-script[95120]: starting the Postfix mail system
2025-11-21T08:52:38.805434+00:00 mail postfix/master[95121]: fatal: chmod socket private/smtpd: Invalid argument
2025-11-21T08:52:44.704575+00:00 mail postfix/postfix-script[95199]: starting the Postfix mail system
2025-11-21T08:52:44.710992+00:00 mail postfix/master[95200]: fatal: chmod socket private/smtpd: Invalid argument
2025-11-21T08:52:50.741478+00:00 mail postfix/postfix-script[95278]: starting the Postfix mail system
2025-11-21T08:52:50.746619+00:00 mail postfix/master[95279]: fatal: chmod socket private/smtpd: Invalid argument
2025-11-21T08:52:56.860943+00:00 mail postfix/postfix-script[95357]: starting the Postfix mail system
2025-11-21T08:52:56.870254+00:00 mail postfix/master[95358]: fatal: chmod socket private/smtpd: Invalid argument
2025-11-21T08:53:02.908847+00:00 mail postfix/postfix-script[95436]: starting the Postfix mail system
2025-11-21T08:53:02.915308+00:00 mail postfix/master[95437]: fatal: chmod socket private/smtpd: Invalid argument
2025-11-21T08:53:09.001268+00:00 mail postfix/postfix-script[95515]: starting the Postfix mail system
2025-11-21T08:53:09.006169+00:00 mail postfix/master[95516]: fatal: chmod socket private/smtpd: Invalid argument
2025-11-21T08:53:15.078823+00:00 mail postfix/postfix-script[95594]: starting the Postfix mail system
2025-11-21T08:53:15.083945+00:00 mail postfix/master[95595]: fatal: chmod socket private/smtpd: Invalid argument
2025-11-21T08:53:21.198745+00:00 mail postfix/postfix-script[95673]: starting the Postfix mail system
2025-11-21T08:53:21.203999+00:00 mail postfix/master[95674]: fatal: chmod socket private/smtpd: Invalid argument
2025-11-21T08:53:27.542513+00:00 mail postfix/postfix-script[95752]: starting the Postfix mail system
2025-11-21T08:53:27.549969+00:00 mail postfix/master[95753]: fatal: chmod socket private/smtpd: Invalid argument
2025-11-21T08:53:33.767674+00:00 mail postfix/postfix-script[95834]: starting the Postfix mail system
2025-11-21T08:53:33.777743+00:00 mail postfix/master[95835]: fatal: chmod socket private/smtpd: Invalid argument
2025-11-21T08:53:39.655847+00:00 mail postfix/postfix-script[95910]: starting the Postfix mail system
2025-11-21T08:53:39.660927+00:00 mail postfix/master[95911]: fatal: chmod socket private/smtpd: Invalid argument
2025-11-21T08:53:45.732582+00:00 mail postfix/postfix-script[95989]: starting the Postfix mail system
2025-11-21T08:53:45.738225+00:00 mail postfix/master[95990]: fatal: chmod socket private/smtpd: Invalid argument
2025-11-21T08:53:51.794692+00:00 mail postfix/postfix-script[96068]: starting the Postfix mail system
2025-11-21T08:53:51.800592+00:00 mail postfix/master[96069]: fatal: chmod socket private/smtpd: Invalid argument
2025-11-21T08:53:57.880923+00:00 mail postfix/postfix-script[96150]: starting the Postfix mail system
2025-11-21T08:53:57.887306+00:00 mail postfix/master[96151]: fatal: chmod socket private/smtpd: Invalid argument
2025-11-21T08:54:03.966766+00:00 mail postfix/postfix-script[96229]: starting the Postfix mail system
2025-11-21T08:54:03.971913+00:00 mail postfix/master[96230]: fatal: chmod socket private/smtpd: Invalid argument
2025-11-21T08:54:09.046507+00:00 mail postfix/postfix-script[96305]: starting the Postfix mail system
2025-11-21T08:54:09.052719+00:00 mail postfix/master[96306]: fatal: chmod socket private/smtpd: Invalid argument
2025-11-21T08:54:15.174442+00:00 mail postfix/postfix-script[96384]: starting the Postfix mail system
2025-11-21T08:54:15.181515+00:00 mail postfix/master[96385]: fatal: chmod socket private/smtpd: Invalid argument
2025-11-21T08:54:21.220340+00:00 mail postfix/postfix-script[96463]: starting the Postfix mail system
2025-11-21T08:54:21.225314+00:00 mail postfix/master[96464]: fatal: chmod socket private/smtpd: Invalid argument
2025-11-21T08:54:27.306231+00:00 mail postfix/postfix-script[96542]: starting the Postfix mail system
2025-11-21T08:54:27.311168+00:00 mail postfix/master[96543]: fatal: chmod socket private/smtpd: Invalid argument
2025-11-21T08:54:33.396613+00:00 mail postfix/postfix-script[96621]: starting the Postfix mail system
2025-11-21T08:54:33.402475+00:00 mail postfix/master[96622]: fatal: chmod socket private/smtpd: Invalid argument
2025-11-21T08:54:39.473445+00:00 mail postfix/postfix-script[96700]: starting the Postfix mail system
2025-11-21T08:54:39.481035+00:00 mail postfix/master[96701]: fatal: chmod socket private/smtpd: Invalid argument
2025-11-21T08:54:45.557547+00:00 mail postfix/postfix-script[96779]: starting the Postfix mail system
2025-11-21T08:54:45.563650+00:00 mail postfix/master[96780]: fatal: chmod socket private/smtpd: Invalid argument
2025-11-21T08:54:51.667864+00:00 mail postfix/postfix-script[96858]: starting the Postfix mail system
2025-11-21T08:54:51.673059+00:00 mail postfix/master[96859]: fatal: chmod socket private/smtpd: Invalid argument
2025-11-21T08:54:57.718951+00:00 mail postfix/postfix-script[96937]: starting the Postfix mail system
2025-11-21T08:54:57.724126+00:00 mail postfix/master[96938]: fatal: chmod socket private/smtpd: Invalid argument
2025-11-21T08:55:03.809036+00:00 mail postfix/postfix-script[97016]: starting the Postfix mail system
2025-11-21T08:55:03.814088+00:00 mail postfix/master[97017]: fatal: chmod socket private/smtpd: Invalid argument
2025-11-21T08:55:09.876464+00:00 mail postfix/postfix-script[97095]: starting the Postfix mail system
2025-11-21T08:55:09.883185+00:00 mail postfix/master[97096]: fatal: chmod socket private/smtpd: Invalid argument
2025-11-21T08:55:16.047702+00:00 mail postfix/postfix-script[97174]: starting the Postfix mail system
2025-11-21T08:55:16.055293+00:00 mail postfix/master[97175]: fatal: chmod socket private/smtpd: Invalid argument
2025-11-21T08:55:22.075400+00:00 mail postfix/postfix-script[97253]: starting the Postfix mail system
2025-11-21T08:55:22.080360+00:00 mail postfix/master[97254]: fatal: chmod socket private/smtpd: Invalid argument
2025-11-21T08:55:28.148509+00:00 mail postfix/postfix-script[97332]: starting the Postfix mail system
2025-11-21T08:55:28.153624+00:00 mail postfix/master[97333]: fatal: chmod socket private/smtpd: Invalid argument
2025-11-21T08:55:34.228921+00:00 mail postfix/postfix-script[97411]: starting the Postfix mail system
2025-11-21T08:55:34.235117+00:00 mail postfix/master[97412]: fatal: chmod socket private/smtpd: Invalid argument
2025-11-21T08:55:40.311932+00:00 mail postfix/postfix-script[97490]: starting the Postfix mail system
2025-11-21T08:55:40.317086+00:00 mail postfix/master[97491]: fatal: chmod socket private/smtpd: Invalid argument
2025-11-21T08:55:46.440307+00:00 mail postfix/postfix-script[97569]: starting the Postfix mail system
2025-11-21T08:55:46.446549+00:00 mail postfix/master[97570]: fatal: chmod socket private/smtpd: Invalid argument
2025-11-21T08:55:52.485087+00:00 mail postfix/postfix-script[97648]: starting the Postfix mail system
2025-11-21T08:55:52.490782+00:00 mail postfix/master[97649]: fatal: chmod socket private/smtpd: Invalid argument
2025-11-21T08:55:58.573162+00:00 mail postfix/postfix-script[97727]: starting the Postfix mail system
2025-11-21T08:55:58.578945+00:00 mail postfix/master[97728]: fatal: chmod socket private/smtpd: Invalid argument
2025-11-21T08:56:04.675068+00:00 mail postfix/postfix-script[97809]: starting the Postfix mail system
2025-11-21T08:56:04.681054+00:00 mail postfix/master[97810]: fatal: chmod socket private/smtpd: Invalid argument
2025-11-21T08:56:10.829243+00:00 mail postfix/postfix-script[97888]: starting the Postfix mail system
2025-11-21T08:56:10.836502+00:00 mail postfix/master[97889]: fatal: chmod socket private/smtpd: Invalid argument
2025-11-21T08:56:16.935421+00:00 mail postfix/postfix-script[97967]: starting the Postfix mail system
2025-11-21T08:56:16.942703+00:00 mail postfix/master[97968]: fatal: chmod socket private/smtpd: Invalid argument
2025-11-21T08:56:22.982319+00:00 mail postfix/postfix-script[98046]: starting the Postfix mail system
2025-11-21T08:56:22.990901+00:00 mail postfix/master[98047]: fatal: chmod socket private/smtpd: Invalid argument
2025-11-21T08:56:29.038129+00:00 mail postfix/postfix-script[98125]: starting the Postfix mail system
2025-11-21T08:56:29.043464+00:00 mail postfix/master[98126]: fatal: chmod socket private/smtpd: Invalid argument
2025-11-21T08:56:35.074816+00:00 mail postfix/postfix-script[98204]: starting the Postfix mail system
2025-11-21T08:56:35.081774+00:00 mail postfix/master[98205]: fatal: chmod socket private/smtpd: Invalid argument
2025-11-21T08:56:41.171511+00:00 mail postfix/postfix-script[98283]: starting the Postfix mail system
2025-11-21T08:56:41.178889+00:00 mail postfix/master[98284]: fatal: chmod socket private/smtpd: Invalid argument
2025-11-21T08:56:47.246478+00:00 mail postfix/postfix-script[98362]: starting the Postfix mail system
2025-11-21T08:56:47.252606+00:00 mail postfix/master[98363]: fatal: chmod socket private/smtpd: Invalid argument
2025-11-21T08:56:53.324011+00:00 mail postfix/postfix-script[98441]: starting the Postfix mail system
2025-11-21T08:56:53.329529+00:00 mail postfix/master[98442]: fatal: chmod socket private/smtpd: Invalid argument
2025-11-21T08:56:59.387270+00:00 mail postfix/postfix-script[98520]: starting the Postfix mail system
2025-11-21T08:56:59.393231+00:00 mail postfix/master[98521]: fatal: chmod socket private/smtpd: Invalid argument
2025-11-21T08:57:05.453273+00:00 mail postfix/postfix-script[98599]: starting the Postfix mail system
2025-11-21T08:57:05.459850+00:00 mail postfix/master[98600]: fatal: chmod socket private/smtpd: Invalid argument
2025-11-21T08:57:11.584898+00:00 mail postfix/postfix-script[98678]: starting the Postfix mail system
2025-11-21T08:57:11.590012+00:00 mail postfix/master[98679]: fatal: chmod socket private/smtpd: Invalid argument
2025-11-21T08:57:17.614010+00:00 mail postfix/postfix-script[98757]: starting the Postfix mail system
2025-11-21T08:57:17.619349+00:00 mail postfix/master[98758]: fatal: chmod socket private/smtpd: Invalid argument
2025-11-21T08:57:23.940371+00:00 mail postfix/postfix-script[98836]: starting the Postfix mail system
2025-11-21T08:57:23.951628+00:00 mail postfix/master[98837]: fatal: chmod socket private/smtpd: Invalid argument
2025-11-21T08:57:29.804987+00:00 mail postfix/postfix-script[98915]: starting the Postfix mail system
2025-11-21T08:57:29.810688+00:00 mail postfix/master[98916]: fatal: chmod socket private/smtpd: Invalid argument
2025-11-21T08:57:35.872900+00:00 mail postfix/postfix-script[98994]: starting the Postfix mail system
2025-11-21T08:57:35.878439+00:00 mail postfix/master[98995]: fatal: chmod socket private/smtpd: Invalid argument
2025-11-21T08:57:41.978895+00:00 mail postfix/postfix-script[99073]: starting the Postfix mail system
2025-11-21T08:57:41.983978+00:00 mail postfix/master[99074]: fatal: chmod socket private/smtpd: Invalid argument
2025-11-21T08:57:48.036841+00:00 mail postfix/postfix-script[99152]: starting the Postfix mail system
2025-11-21T08:57:48.041859+00:00 mail postfix/master[99153]: fatal: chmod socket private/smtpd: Invalid argument
2025-11-21T08:57:54.110376+00:00 mail postfix/postfix-script[99231]: starting the Postfix mail system
2025-11-21T08:57:54.117025+00:00 mail postfix/master[99232]: fatal: chmod socket private/smtpd: Invalid argument
2025-11-21T08:58:00.193359+00:00 mail postfix/postfix-script[99310]: starting the Postfix mail system
2025-11-21T08:58:00.198556+00:00 mail postfix/master[99311]: fatal: chmod socket private/smtpd: Invalid argument
2025-11-21T08:58:06.277483+00:00 mail postfix/postfix-script[99389]: starting the Postfix mail system
2025-11-21T08:58:06.283628+00:00 mail postfix/master[99390]: fatal: chmod socket private/smtpd: Invalid argument
2025-11-21T08:58:12.439114+00:00 mail postfix/postfix-script[99468]: starting the Postfix mail system
2025-11-21T08:58:12.445732+00:00 mail postfix/master[99469]: fatal: chmod socket private/smtpd: Invalid argument
2025-11-21T08:58:18.469699+00:00 mail postfix/postfix-script[99547]: starting the Postfix mail system
2025-11-21T08:58:18.475650+00:00 mail postfix/master[99548]: fatal: chmod socket private/smtpd: Invalid argument
2025-11-21T08:58:24.647733+00:00 mail postfix/postfix-script[99626]: starting the Postfix mail system
2025-11-21T08:58:24.652590+00:00 mail postfix/master[99627]: fatal: chmod socket private/smtpd: Invalid argument
2025-11-21T08:58:30.708766+00:00 mail postfix/postfix-script[99705]: starting the Postfix mail system
2025-11-21T08:58:30.715379+00:00 mail postfix/master[99706]: fatal: chmod socket private/smtpd: Invalid argument
2025-11-21T08:58:36.798182+00:00 mail postfix/postfix-script[99784]: starting the Postfix mail system
2025-11-21T08:58:36.803162+00:00 mail postfix/master[99785]: fatal: chmod socket private/smtpd: Invalid argument
2025-11-21T08:58:42.890016+00:00 mail postfix/postfix-script[99863]: starting the Postfix mail system
2025-11-21T08:58:42.895131+00:00 mail postfix/master[99864]: fatal: chmod socket private/smtpd: Invalid argument
2025-11-21T08:58:48.972631+00:00 mail postfix/postfix-script[99942]: starting the Postfix mail system
2025-11-21T08:58:48.977655+00:00 mail postfix/master[99943]: fatal: chmod socket private/smtpd: Invalid argument
2025-11-21T08:58:55.026606+00:00 mail postfix/postfix-script[323]: starting the Postfix mail system
2025-11-21T08:58:55.031737+00:00 mail postfix/master[324]: fatal: chmod socket private/smtpd: Invalid argument
2025-11-21T08:59:01.106618+00:00 mail postfix/postfix-script[404]: starting the Postfix mail system
2025-11-21T08:59:01.111599+00:00 mail postfix/master[405]: fatal: chmod socket private/smtpd: Invalid argument
2025-11-21T08:59:07.200300+00:00 mail postfix/postfix-script[483]: starting the Postfix mail system
2025-11-21T08:59:07.206135+00:00 mail postfix/master[484]: fatal: chmod socket private/smtpd: Invalid argument
2025-11-21T08:59:13.270831+00:00 mail postfix/postfix-script[562]: starting the Postfix mail system
2025-11-21T08:59:13.276567+00:00 mail postfix/master[563]: fatal: chmod socket private/smtpd: Invalid argument
2025-11-21T08:59:19.359807+00:00 mail postfix/postfix-script[641]: starting the Postfix mail system
2025-11-21T08:59:19.365017+00:00 mail postfix/master[642]: fatal: chmod socket private/smtpd: Invalid argument
2025-11-21T08:59:25.446656+00:00 mail postfix/postfix-script[720]: starting the Postfix mail system
2025-11-21T08:59:25.452511+00:00 mail postfix/master[721]: fatal: chmod socket private/smtpd: Invalid argument
2025-11-21T08:59:31.583260+00:00 mail postfix/postfix-script[799]: starting the Postfix mail system
2025-11-21T08:59:31.589530+00:00 mail postfix/master[800]: fatal: chmod socket private/smtpd: Invalid argument
2025-11-21T08:59:37.614367+00:00 mail postfix/postfix-script[878]: starting the Postfix mail system
2025-11-21T08:59:37.620354+00:00 mail postfix/master[879]: fatal: chmod socket private/smtpd: Invalid argument
2025-11-21T08:59:43.726249+00:00 mail postfix/postfix-script[957]: starting the Postfix mail system
2025-11-21T08:59:43.732523+00:00 mail postfix/master[958]: fatal: chmod socket private/smtpd: Invalid argument
2025-11-21T08:59:49.839436+00:00 mail postfix/postfix-script[1036]: starting the Postfix mail system
2025-11-21T08:59:49.844453+00:00 mail postfix/master[1037]: fatal: chmod socket private/smtpd: Invalid argument
2025-11-21T08:59:55.865839+00:00 mail postfix/postfix-script[1115]: starting the Postfix mail system
2025-11-21T08:59:55.870919+00:00 mail postfix/master[1116]: fatal: chmod socket private/smtpd: Invalid argument
2025-11-21T09:00:01.950048+00:00 mail postfix/postfix-script[1194]: starting the Postfix mail system
2025-11-21T09:00:01.956873+00:00 mail postfix/master[1195]: fatal: chmod socket private/smtpd: Invalid argument
2025-11-21T09:00:08.062611+00:00 mail postfix/postfix-script[1273]: starting the Postfix mail system
2025-11-21T09:00:08.068761+00:00 mail postfix/master[1274]: fatal: chmod socket private/smtpd: Invalid argument
2025-11-21T09:00:14.107576+00:00 mail postfix/postfix-script[1352]: starting the Postfix mail system
2025-11-21T09:00:14.113091+00:00 mail postfix/master[1353]: fatal: chmod socket private/smtpd: Invalid argument
2025-11-21T09:00:20.269526+00:00 mail postfix/postfix-script[1434]: starting the Postfix mail system
2025-11-21T09:00:20.277262+00:00 mail postfix/master[1435]: fatal: chmod socket private/smtpd: Invalid argument
2025-11-21T09:00:26.258563+00:00 mail postfix/postfix-script[1513]: starting the Postfix mail system
2025-11-21T09:00:26.263569+00:00 mail postfix/master[1514]: fatal: chmod socket private/smtpd: Invalid argument
2025-11-21T09:00:32.386579+00:00 mail postfix/postfix-script[1592]: starting the Postfix mail system
2025-11-21T09:00:32.391622+00:00 mail postfix/master[1593]: fatal: chmod socket private/smtpd: Invalid argument
2025-11-21T09:00:38.444787+00:00 mail postfix/postfix-script[1671]: starting the Postfix mail system
2025-11-21T09:00:38.451287+00:00 mail postfix/master[1672]: fatal: chmod socket private/smtpd: Invalid argument
2025-11-21T09:00:44.584555+00:00 mail postfix/postfix-script[1750]: starting the Postfix mail system
2025-11-21T09:00:44.592968+00:00 mail postfix/master[1751]: fatal: chmod socket private/smtpd: Invalid argument
2025-11-21T09:00:50.623466+00:00 mail postfix/postfix-script[1829]: starting the Postfix mail system
2025-11-21T09:00:50.628747+00:00 mail postfix/master[1830]: fatal: chmod socket private/smtpd: Invalid argument
2025-11-21T09:00:56.666728+00:00 mail postfix/postfix-script[1908]: starting the Postfix mail system
2025-11-21T09:00:56.673064+00:00 mail postfix/master[1909]: fatal: chmod socket private/smtpd: Invalid argument
2025-11-21T09:01:02.980136+00:00 mail postfix/postfix-script[1987]: starting the Postfix mail system
2025-11-21T09:01:02.990847+00:00 mail postfix/master[1988]: fatal: chmod socket private/smtpd: Invalid argument
2025-11-21T09:01:09.258924+00:00 mail postfix/postfix-script[2066]: starting the Postfix mail system
2025-11-21T09:01:09.271456+00:00 mail postfix/master[2067]: fatal: chmod socket private/smtpd: Invalid argument
2025-11-21T09:01:15.746060+00:00 mail postfix/postfix-script[2145]: starting the Postfix mail system
2025-11-21T09:01:15.762577+00:00 mail postfix/master[2146]: fatal: chmod socket private/smtpd: Invalid argument
2025-11-21T09:01:22.512814+00:00 mail postfix/postfix-script[2224]: starting the Postfix mail system
2025-11-21T09:01:22.526820+00:00 mail postfix/master[2225]: fatal: chmod socket private/smtpd: Invalid argument
2025-11-21T09:01:28.026622+00:00 mail postfix/postfix-script[2303]: starting the Postfix mail system
2025-11-21T09:01:28.035492+00:00 mail postfix/master[2304]: fatal: chmod socket private/smtpd: Invalid argument
2025-11-21T09:01:33.994648+00:00 mail postfix/postfix-script[2382]: starting the Postfix mail system
2025-11-21T09:01:34.002210+00:00 mail postfix/master[2383]: fatal: chmod socket private/smtpd: Invalid argument
2025-11-21T09:01:40.062582+00:00 mail postfix/postfix-script[2461]: starting the Postfix mail system
2025-11-21T09:01:40.070125+00:00 mail postfix/master[2462]: fatal: chmod socket private/smtpd: Invalid argument
2025-11-21T09:01:46.191224+00:00 mail postfix/postfix-script[2540]: starting the Postfix mail system
2025-11-21T09:01:46.197852+00:00 mail postfix/master[2541]: fatal: chmod socket private/smtpd: Invalid argument
2025-11-21T09:01:51.337561+00:00 mail postfix/postfix-script[2619]: starting the Postfix mail system
2025-11-21T09:01:51.343653+00:00 mail postfix/master[2620]: fatal: chmod socket private/smtpd: Invalid argument
2025-11-21T09:01:57.467678+00:00 mail postfix/postfix-script[2698]: starting the Postfix mail system
2025-11-21T09:01:57.473198+00:00 mail postfix/master[2699]: fatal: chmod socket private/smtpd: Invalid argument
2025-11-21T09:02:03.546851+00:00 mail postfix/postfix-script[2777]: starting the Postfix mail system
2025-11-21T09:02:03.552293+00:00 mail postfix/master[2778]: fatal: chmod socket private/smtpd: Invalid argument
2025-11-21T09:02:09.748639+00:00 mail postfix/postfix-script[2856]: starting the Postfix mail system
2025-11-21T09:02:09.760603+00:00 mail postfix/master[2857]: fatal: chmod socket private/smtpd: Invalid argument
2025-11-21T09:02:15.716364+00:00 mail postfix/postfix-script[2935]: starting the Postfix mail system
2025-11-21T09:02:15.722967+00:00 mail postfix/master[2936]: fatal: chmod socket private/smtpd: Invalid argument
2025-11-21T09:02:21.846249+00:00 mail postfix/postfix-script[3014]: starting the Postfix mail system
2025-11-21T09:02:21.853083+00:00 mail postfix/master[3015]: fatal: chmod socket private/smtpd: Invalid argument
2025-11-21T09:02:28.032254+00:00 mail postfix/postfix-script[3093]: starting the Postfix mail system
2025-11-21T09:02:28.040101+00:00 mail postfix/master[3094]: fatal: chmod socket private/smtpd: Invalid argument
2025-11-21T09:02:34.506210+00:00 mail postfix/postfix-script[3172]: starting the Postfix mail system
2025-11-21T09:02:34.514173+00:00 mail postfix/master[3173]: fatal: chmod socket private/smtpd: Invalid argument
2025-11-21T09:02:40.241482+00:00 mail postfix/postfix-script[3251]: starting the Postfix mail system
2025-11-21T09:02:40.247740+00:00 mail postfix/master[3252]: fatal: chmod socket private/smtpd: Invalid argument
2025-11-21T09:02:46.311290+00:00 mail postfix/postfix-script[3330]: starting the Postfix mail system
2025-11-21T09:02:46.316474+00:00 mail postfix/master[3331]: fatal: chmod socket private/smtpd: Invalid argument
2025-11-21T09:02:52.398048+00:00 mail postfix/postfix-script[3409]: starting the Postfix mail system
2025-11-21T09:02:52.403350+00:00 mail postfix/master[3410]: fatal: chmod socket private/smtpd: Invalid argument
2025-11-21T09:02:58.476382+00:00 mail postfix/postfix-script[3488]: starting the Postfix mail system
2025-11-21T09:02:58.481531+00:00 mail postfix/master[3489]: fatal: chmod socket private/smtpd: Invalid argument
2025-11-21T09:03:04.604019+00:00 mail postfix/postfix-script[3567]: starting the Postfix mail system
2025-11-21T09:03:04.609140+00:00 mail postfix/master[3568]: fatal: chmod socket private/smtpd: Invalid argument
2025-11-21T09:03:10.650892+00:00 mail postfix/postfix-script[3646]: starting the Postfix mail system
2025-11-21T09:03:10.656019+00:00 mail postfix/master[3647]: fatal: chmod socket private/smtpd: Invalid argument
2025-11-21T09:03:16.724733+00:00 mail postfix/postfix-script[3725]: starting the Postfix mail system
2025-11-21T09:03:16.730418+00:00 mail postfix/master[3726]: fatal: chmod socket private/smtpd: Invalid argument
2025-11-21T09:03:22.802562+00:00 mail postfix/postfix-script[3804]: starting the Postfix mail system
2025-11-21T09:03:22.807859+00:00 mail postfix/master[3805]: fatal: chmod socket private/smtpd: Invalid argument
2025-11-21T09:03:28.890117+00:00 mail postfix/postfix-script[3883]: starting the Postfix mail system
2025-11-21T09:03:28.895800+00:00 mail postfix/master[3884]: fatal: chmod socket private/smtpd: Invalid argument
2025-11-21T09:03:34.992876+00:00 mail postfix/postfix-script[3962]: starting the Postfix mail system
2025-11-21T09:03:34.998099+00:00 mail postfix/master[3963]: fatal: chmod socket private/smtpd: Invalid argument
2025-11-21T09:03:41.041839+00:00 mail postfix/postfix-script[4041]: starting the Postfix mail system
2025-11-21T09:03:41.046769+00:00 mail postfix/master[4042]: fatal: chmod socket private/smtpd: Invalid argument
2025-11-21T09:03:47.206548+00:00 mail postfix/postfix-script[4120]: starting the Postfix mail system
2025-11-21T09:03:47.213394+00:00 mail postfix/master[4121]: fatal: chmod socket private/smtpd: Invalid argument
2025-11-21T09:03:53.407796+00:00 mail postfix/postfix-script[4199]: starting the Postfix mail system
2025-11-21T09:03:53.414673+00:00 mail postfix/master[4200]: fatal: chmod socket private/smtpd: Invalid argument
2025-11-21T09:03:59.829852+00:00 mail postfix/postfix-script[4281]: starting the Postfix mail system
2025-11-21T09:03:59.847908+00:00 mail postfix/master[4282]: fatal: chmod socket private/smtpd: Invalid argument
2025-11-21T09:04:06.107671+00:00 mail postfix/postfix-script[4360]: starting the Postfix mail system
2025-11-21T09:04:06.124010+00:00 mail postfix/master[4361]: fatal: chmod socket private/smtpd: Invalid argument
2025-11-21T09:04:10.934388+00:00 mail postfix/postfix-script[4436]: starting the Postfix mail system
2025-11-21T09:04:10.939949+00:00 mail postfix/master[4437]: fatal: chmod socket private/smtpd: Invalid argument
2025-11-21T09:04:16.927705+00:00 mail postfix/postfix-script[4515]: starting the Postfix mail system
2025-11-21T09:04:16.933813+00:00 mail postfix/master[4516]: fatal: chmod socket private/smtpd: Invalid argument
2025-11-21T09:04:23.285125+00:00 mail postfix/postfix-script[4594]: starting the Postfix mail system
2025-11-21T09:04:23.292105+00:00 mail postfix/master[4595]: fatal: chmod socket private/smtpd: Invalid argument
2025-11-21T09:04:29.223644+00:00 mail postfix/postfix-script[4673]: starting the Postfix mail system
2025-11-21T09:04:29.234266+00:00 mail postfix/master[4674]: fatal: chmod socket private/smtpd: Invalid argument
2025-11-21T09:04:35.504359+00:00 mail postfix/postfix-script[4752]: starting the Postfix mail system
2025-11-21T09:04:35.510335+00:00 mail postfix/master[4753]: fatal: chmod socket private/smtpd: Invalid argument
2025-11-21T09:04:41.482854+00:00 mail postfix/postfix-script[4831]: starting the Postfix mail system
2025-11-21T09:04:41.488375+00:00 mail postfix/master[4832]: fatal: chmod socket private/smtpd: Invalid argument
2025-11-21T09:04:47.654977+00:00 mail postfix/postfix-script[4910]: starting the Postfix mail system
2025-11-21T09:04:47.662567+00:00 mail postfix/master[4911]: fatal: chmod socket private/smtpd: Invalid argument
2025-11-21T09:04:53.014771+00:00 mail postfix/postfix-script[4989]: starting the Postfix mail system
2025-11-21T09:04:53.022246+00:00 mail postfix/master[4990]: fatal: chmod socket private/smtpd: Invalid argument
2025-11-21T09:04:58.863127+00:00 mail postfix/postfix-script[5068]: starting the Postfix mail system
2025-11-21T09:04:58.868094+00:00 mail postfix/master[5069]: fatal: chmod socket private/smtpd: Invalid argument
2025-11-21T09:05:05.398643+00:00 mail postfix/postfix-script[5147]: starting the Postfix mail system
2025-11-21T09:05:05.415301+00:00 mail postfix/master[5148]: fatal: chmod socket private/smtpd: Invalid argument
2025-11-21T09:05:11.269226+00:00 mail postfix/postfix-script[5226]: starting the Postfix mail system
2025-11-21T09:05:11.279953+00:00 mail postfix/master[5227]: fatal: chmod socket private/smtpd: Invalid argument
2025-11-21T09:05:17.317559+00:00 mail postfix/postfix-script[5305]: starting the Postfix mail system
2025-11-21T09:05:17.325832+00:00 mail postfix/master[5306]: fatal: chmod socket private/smtpd: Invalid argument
2025-11-21T09:05:23.384011+00:00 mail postfix/postfix-script[5384]: starting the Postfix mail system
2025-11-21T09:05:23.390619+00:00 mail postfix/master[5385]: fatal: chmod socket private/smtpd: Invalid argument
2025-11-21T09:05:29.548194+00:00 mail postfix/postfix-script[5463]: starting the Postfix mail system
2025-11-21T09:05:29.555007+00:00 mail postfix/master[5464]: fatal: chmod socket private/smtpd: Invalid argument
2025-11-21T09:05:35.600461+00:00 mail postfix/postfix-script[5542]: starting the Postfix mail system
2025-11-21T09:05:35.608679+00:00 mail postfix/master[5543]: fatal: chmod socket private/smtpd: Invalid argument
2025-11-21T09:05:41.637307+00:00 mail postfix/postfix-script[5621]: starting the Postfix mail system
2025-11-21T09:05:41.651275+00:00 mail postfix/master[5622]: fatal: chmod socket private/smtpd: Invalid argument
2025-11-21T09:05:47.795862+00:00 mail postfix/postfix-script[5700]: starting the Postfix mail system
2025-11-21T09:05:47.802967+00:00 mail postfix/master[5701]: fatal: chmod socket private/smtpd: Invalid argument
2025-11-21T09:05:54.289347+00:00 mail postfix/postfix-script[5779]: starting the Postfix mail system
2025-11-21T09:05:54.300883+00:00 mail postfix/master[5780]: fatal: chmod socket private/smtpd: Invalid argument
2025-11-21T09:06:00.231653+00:00 mail postfix/postfix-script[5858]: starting the Postfix mail system
2025-11-21T09:06:00.240784+00:00 mail postfix/master[5859]: fatal: chmod socket private/smtpd: Invalid argument
2025-11-21T09:06:06.406543+00:00 mail postfix/postfix-script[5937]: starting the Postfix mail system
2025-11-21T09:06:06.417397+00:00 mail postfix/master[5938]: fatal: chmod socket private/smtpd: Invalid argument
2025-11-21T09:06:12.523807+00:00 mail postfix/postfix-script[6016]: starting the Postfix mail system
2025-11-21T09:06:12.534114+00:00 mail postfix/master[6017]: fatal: chmod socket private/smtpd: Invalid argument
2025-11-21T09:06:18.535738+00:00 mail postfix/postfix-script[6095]: starting the Postfix mail system
2025-11-21T09:06:18.543249+00:00 mail postfix/master[6096]: fatal: chmod socket private/smtpd: Invalid argument
2025-11-21T09:06:24.941975+00:00 mail postfix/postfix-script[6174]: starting the Postfix mail system
2025-11-21T09:06:24.951637+00:00 mail postfix/master[6175]: fatal: chmod socket private/smtpd: Invalid argument
2025-11-21T09:06:30.812331+00:00 mail postfix/postfix-script[6253]: starting the Postfix mail system
2025-11-21T09:06:30.818223+00:00 mail postfix/master[6254]: fatal: chmod socket private/smtpd: Invalid argument
2025-11-21T09:06:37.064816+00:00 mail postfix/postfix-script[6335]: starting the Postfix mail system
2025-11-21T09:06:37.111165+00:00 mail postfix/master[6336]: fatal: chmod socket private/smtpd: Invalid argument
2025-11-21T09:06:43.191575+00:00 mail postfix/postfix-script[6414]: starting the Postfix mail system
2025-11-21T09:06:43.202075+00:00 mail postfix/master[6415]: fatal: chmod socket private/smtpd: Invalid argument
2025-11-21T09:06:49.068880+00:00 mail postfix/postfix-script[6490]: starting the Postfix mail system
2025-11-21T09:06:49.075079+00:00 mail postfix/master[6491]: fatal: chmod socket private/smtpd: Invalid argument
2025-11-21T09:06:55.335611+00:00 mail postfix/postfix-script[6572]: starting the Postfix mail system
2025-11-21T09:06:55.344886+00:00 mail postfix/master[6573]: fatal: chmod socket private/smtpd: Invalid argument
2025-11-21T09:07:01.433626+00:00 mail postfix/postfix-script[6651]: starting the Postfix mail system
2025-11-21T09:07:01.441637+00:00 mail postfix/master[6652]: fatal: chmod socket private/smtpd: Invalid argument
2025-11-21T09:07:07.442142+00:00 mail postfix/postfix-script[6730]: starting the Postfix mail system
2025-11-21T09:07:07.450306+00:00 mail postfix/master[6731]: fatal: chmod socket private/smtpd: Invalid argument
2025-11-21T09:07:13.580161+00:00 mail postfix/postfix-script[6809]: starting the Postfix mail system
2025-11-21T09:07:13.587651+00:00 mail postfix/master[6810]: fatal: chmod socket private/smtpd: Invalid argument
2025-11-21T09:07:19.664918+00:00 mail postfix/postfix-script[6888]: starting the Postfix mail system
2025-11-21T09:07:19.673190+00:00 mail postfix/master[6889]: fatal: chmod socket private/smtpd: Invalid argument
2025-11-21T09:07:25.650647+00:00 mail postfix/postfix-script[6967]: starting the Postfix mail system
2025-11-21T09:07:25.657873+00:00 mail postfix/master[6968]: fatal: chmod socket private/smtpd: Invalid argument
2025-11-21T09:07:31.795510+00:00 mail postfix/postfix-script[7046]: starting the Postfix mail system
2025-11-21T09:07:31.801800+00:00 mail postfix/master[7047]: fatal: chmod socket private/smtpd: Invalid argument
2025-11-21T09:07:37.898362+00:00 mail postfix/postfix-script[7125]: starting the Postfix mail system
2025-11-21T09:07:37.906819+00:00 mail postfix/master[7126]: fatal: chmod socket private/smtpd: Invalid argument
2025-11-21T09:07:44.048228+00:00 mail postfix/postfix-script[7204]: starting the Postfix mail system
2025-11-21T09:07:44.056173+00:00 mail postfix/master[7205]: fatal: chmod socket private/smtpd: Invalid argument
2025-11-21T09:07:50.083917+00:00 mail postfix/postfix-script[7283]: starting the Postfix mail system
2025-11-21T09:07:50.092611+00:00 mail postfix/master[7284]: fatal: chmod socket private/smtpd: Invalid argument
2025-11-21T09:07:56.219295+00:00 mail postfix/postfix-script[7362]: starting the Postfix mail system
2025-11-21T09:07:56.230559+00:00 mail postfix/master[7363]: fatal: chmod socket private/smtpd: Invalid argument
2025-11-21T09:08:02.578833+00:00 mail postfix/postfix-script[7441]: starting the Postfix mail system
2025-11-21T09:08:02.592030+00:00 mail postfix/master[7442]: fatal: chmod socket private/smtpd: Invalid argument
2025-11-21T09:08:09.465504+00:00 mail postfix/postfix-script[7520]: starting the Postfix mail system
2025-11-21T09:08:09.488167+00:00 mail postfix/master[7521]: fatal: chmod socket private/smtpd: Invalid argument
2025-11-21T09:08:15.282122+00:00 mail postfix/postfix-script[7599]: starting the Postfix mail system
2025-11-21T09:08:15.306867+00:00 mail postfix/master[7600]: fatal: chmod socket private/smtpd: Invalid argument
2025-11-21T09:08:21.301023+00:00 mail postfix/postfix-script[7678]: starting the Postfix mail system
2025-11-21T09:08:21.313442+00:00 mail postfix/master[7679]: fatal: chmod socket private/smtpd: Invalid argument
2025-11-21T09:08:27.470824+00:00 mail postfix/postfix-script[7757]: starting the Postfix mail system
2025-11-21T09:08:27.485962+00:00 mail postfix/master[7758]: fatal: chmod socket private/smtpd: Invalid argument
2025-11-21T09:08:33.572069+00:00 mail postfix/postfix-script[7836]: starting the Postfix mail system
2025-11-21T09:08:33.581927+00:00 mail postfix/master[7837]: fatal: chmod socket private/smtpd: Invalid argument
2025-11-21T09:08:39.934435+00:00 mail postfix/postfix-script[7915]: starting the Postfix mail system
2025-11-21T09:08:39.943462+00:00 mail postfix/master[7918]: fatal: chmod socket private/smtpd: Invalid argument
2025-11-21T09:08:45.729440+00:00 mail postfix/postfix-script[7994]: starting the Postfix mail system
2025-11-21T09:08:45.737035+00:00 mail postfix/master[7995]: fatal: chmod socket private/smtpd: Invalid argument
2025-11-21T09:08:51.862255+00:00 mail postfix/postfix-script[8073]: starting the Postfix mail system
2025-11-21T09:08:51.870428+00:00 mail postfix/master[8074]: fatal: chmod socket private/smtpd: Invalid argument
2025-11-21T09:08:57.849739+00:00 mail postfix/postfix-script[8152]: starting the Postfix mail system
2025-11-21T09:08:57.856605+00:00 mail postfix/master[8153]: fatal: chmod socket private/smtpd: Invalid argument
2025-11-21T09:09:04.047765+00:00 mail postfix/postfix-script[8231]: starting the Postfix mail system
2025-11-21T09:09:04.054740+00:00 mail postfix/master[8233]: fatal: chmod socket private/smtpd: Invalid argument
2025-11-21T09:09:10.094958+00:00 mail postfix/postfix-script[8313]: starting the Postfix mail system
2025-11-21T09:09:10.102480+00:00 mail postfix/master[8314]: fatal: chmod socket private/smtpd: Invalid argument
2025-11-21T09:09:16.134464+00:00 mail postfix/postfix-script[8392]: starting the Postfix mail system
2025-11-21T09:09:16.142156+00:00 mail postfix/master[8393]: fatal: chmod socket private/smtpd: Invalid argument
2025-11-21T09:09:22.243349+00:00 mail postfix/postfix-script[8471]: starting the Postfix mail system
2025-11-21T09:09:22.250730+00:00 mail postfix/master[8472]: fatal: chmod socket private/smtpd: Invalid argument
2025-11-21T09:09:28.243960+00:00 mail postfix/postfix-script[8550]: starting the Postfix mail system
2025-11-21T09:09:28.250648+00:00 mail postfix/master[8551]: fatal: chmod socket private/smtpd: Invalid argument
2025-11-21T09:09:34.361632+00:00 mail postfix/postfix-script[8629]: starting the Postfix mail system
2025-11-21T09:09:34.371108+00:00 mail postfix/master[8630]: fatal: chmod socket private/smtpd: Invalid argument
2025-11-21T09:09:40.476738+00:00 mail postfix/postfix-script[8708]: starting the Postfix mail system
2025-11-21T09:09:40.483404+00:00 mail postfix/master[8709]: fatal: chmod socket private/smtpd: Invalid argument
2025-11-21T09:09:46.517137+00:00 mail postfix/postfix-script[8787]: starting the Postfix mail system
2025-11-21T09:09:46.522389+00:00 mail postfix/master[8788]: fatal: chmod socket private/smtpd: Invalid argument
2025-11-21T09:09:52.673069+00:00 mail postfix/postfix-script[8866]: starting the Postfix mail system
2025-11-21T09:09:52.681416+00:00 mail postfix/master[8867]: fatal: chmod socket private/smtpd: Invalid argument
2025-11-21T09:09:58.693743+00:00 mail postfix/postfix-script[8945]: starting the Postfix mail system
2025-11-21T09:09:58.699208+00:00 mail postfix/master[8946]: fatal: chmod socket private/smtpd: Invalid argument
2025-11-21T09:10:04.747774+00:00 mail postfix/postfix-script[9024]: starting the Postfix mail system
2025-11-21T09:10:04.755600+00:00 mail postfix/master[9025]: fatal: chmod socket private/smtpd: Invalid argument
2025-11-21T09:10:10.839771+00:00 mail postfix/postfix-script[9103]: starting the Postfix mail system
2025-11-21T09:10:10.845113+00:00 mail postfix/master[9104]: fatal: chmod socket private/smtpd: Invalid argument
2025-11-21T09:10:16.898916+00:00 mail postfix/postfix-script[9182]: starting the Postfix mail system
2025-11-21T09:10:16.904429+00:00 mail postfix/master[9183]: fatal: chmod socket private/smtpd: Invalid argument
2025-11-21T09:10:23.028355+00:00 mail postfix/postfix-script[9261]: starting the Postfix mail system
2025-11-21T09:10:23.035475+00:00 mail postfix/master[9262]: fatal: chmod socket private/smtpd: Invalid argument
2025-11-21T09:10:29.078331+00:00 mail postfix/postfix-script[9340]: starting the Postfix mail system
2025-11-21T09:10:29.083933+00:00 mail postfix/master[9341]: fatal: chmod socket private/smtpd: Invalid argument
2025-11-21T09:10:35.210496+00:00 mail postfix/postfix-script[9419]: starting the Postfix mail system
2025-11-21T09:10:35.216474+00:00 mail postfix/master[9420]: fatal: chmod socket private/smtpd: Invalid argument
2025-11-21T09:10:41.224871+00:00 mail postfix/postfix-script[9498]: starting the Postfix mail system
2025-11-21T09:10:41.230032+00:00 mail postfix/master[9499]: fatal: chmod socket private/smtpd: Invalid argument
2025-11-21T09:10:47.275356+00:00 mail postfix/postfix-script[9577]: starting the Postfix mail system
2025-11-21T09:10:47.282424+00:00 mail postfix/master[9578]: fatal: chmod socket private/smtpd: Invalid argument
2025-11-21T09:10:53.400521+00:00 mail postfix/postfix-script[9656]: starting the Postfix mail system
2025-11-21T09:10:53.409750+00:00 mail postfix/master[9657]: fatal: chmod socket private/smtpd: Invalid argument
2025-11-21T09:10:59.416918+00:00 mail postfix/postfix-script[9735]: starting the Postfix mail system
2025-11-21T09:10:59.422847+00:00 mail postfix/master[9736]: fatal: chmod socket private/smtpd: Invalid argument
2025-11-21T09:11:05.486092+00:00 mail postfix/postfix-script[9814]: starting the Postfix mail system
2025-11-21T09:11:05.492776+00:00 mail postfix/master[9815]: fatal: chmod socket private/smtpd: Invalid argument
2025-11-21T09:11:11.544745+00:00 mail postfix/postfix-script[9893]: starting the Postfix mail system
2025-11-21T09:11:11.549973+00:00 mail postfix/master[9894]: fatal: chmod socket private/smtpd: Invalid argument
2025-11-21T09:11:17.622532+00:00 mail postfix/postfix-script[9972]: starting the Postfix mail system
2025-11-21T09:11:17.627927+00:00 mail postfix/master[9973]: fatal: chmod socket private/smtpd: Invalid argument
2025-11-21T09:11:23.861114+00:00 mail postfix/postfix-script[10051]: starting the Postfix mail system
2025-11-21T09:11:23.869022+00:00 mail postfix/master[10052]: fatal: chmod socket private/smtpd: Invalid argument
2025-11-21T09:11:28.994542+00:00 mail postfix/postfix-script[10130]: starting the Postfix mail system
2025-11-21T09:11:29.003562+00:00 mail postfix/master[10131]: fatal: chmod socket private/smtpd: Invalid argument
2025-11-21T09:11:35.071840+00:00 mail postfix/postfix-script[10209]: starting the Postfix mail system
2025-11-21T09:11:35.081999+00:00 mail postfix/master[10210]: fatal: chmod socket private/smtpd: Invalid argument
2025-11-21T09:11:41.095215+00:00 mail postfix/postfix-script[10288]: starting the Postfix mail system
2025-11-21T09:11:41.102214+00:00 mail postfix/master[10289]: fatal: chmod socket private/smtpd: Invalid argument
2025-11-21T09:11:47.190399+00:00 mail postfix/postfix-script[10367]: starting the Postfix mail system
2025-11-21T09:11:47.199408+00:00 mail postfix/master[10368]: fatal: chmod socket private/smtpd: Invalid argument
2025-11-21T09:11:53.245666+00:00 mail postfix/postfix-script[10446]: starting the Postfix mail system
2025-11-21T09:11:53.252109+00:00 mail postfix/master[10447]: fatal: chmod socket private/smtpd: Invalid argument
2025-11-21T09:11:59.392131+00:00 mail postfix/postfix-script[10525]: starting the Postfix mail system
2025-11-21T09:11:59.399926+00:00 mail postfix/master[10526]: fatal: chmod socket private/smtpd: Invalid argument
2025-11-21T09:12:05.372148+00:00 mail postfix/postfix-script[10604]: starting the Postfix mail system
2025-11-21T09:12:05.377495+00:00 mail postfix/master[10605]: fatal: chmod socket private/smtpd: Invalid argument
2025-11-21T09:12:11.439075+00:00 mail postfix/postfix-script[10683]: starting the Postfix mail system
2025-11-21T09:12:11.445910+00:00 mail postfix/master[10684]: fatal: chmod socket private/smtpd: Invalid argument
2025-11-21T09:12:17.507280+00:00 mail postfix/postfix-script[10762]: starting the Postfix mail system
2025-11-21T09:12:17.512494+00:00 mail postfix/master[10763]: fatal: chmod socket private/smtpd: Invalid argument
2025-11-21T09:12:23.601285+00:00 mail postfix/postfix-script[10841]: starting the Postfix mail system
2025-11-21T09:12:23.607752+00:00 mail postfix/master[10842]: fatal: chmod socket private/smtpd: Invalid argument
2025-11-21T09:12:29.653148+00:00 mail postfix/postfix-script[10920]: starting the Postfix mail system
2025-11-21T09:12:29.658953+00:00 mail postfix/master[10921]: fatal: chmod socket private/smtpd: Invalid argument
2025-11-21T09:12:35.731133+00:00 mail postfix/postfix-script[10999]: starting the Postfix mail system
2025-11-21T09:12:35.737273+00:00 mail postfix/master[11000]: fatal: chmod socket private/smtpd: Invalid argument
2025-11-21T09:12:41.804412+00:00 mail postfix/postfix-script[11078]: starting the Postfix mail system
2025-11-21T09:12:41.809995+00:00 mail postfix/master[11079]: fatal: chmod socket private/smtpd: Invalid argument
2025-11-21T09:12:47.863098+00:00 mail postfix/postfix-script[11157]: starting the Postfix mail system
2025-11-21T09:12:47.869537+00:00 mail postfix/master[11158]: fatal: chmod socket private/smtpd: Invalid argument
2025-11-21T09:12:53.939962+00:00 mail postfix/postfix-script[11236]: starting the Postfix mail system
2025-11-21T09:12:53.945176+00:00 mail postfix/master[11237]: fatal: chmod socket private/smtpd: Invalid argument
2025-11-21T09:13:00.002967+00:00 mail postfix/postfix-script[11315]: starting the Postfix mail system
2025-11-21T09:13:00.011966+00:00 mail postfix/master[11316]: fatal: chmod socket private/smtpd: Invalid argument
2025-11-21T09:13:06.064496+00:00 mail postfix/postfix-script[11394]: starting the Postfix mail system
2025-11-21T09:13:06.069877+00:00 mail postfix/master[11395]: fatal: chmod socket private/smtpd: Invalid argument
2025-11-21T09:13:12.187207+00:00 mail postfix/postfix-script[11473]: starting the Postfix mail system
2025-11-21T09:13:12.192587+00:00 mail postfix/master[11474]: fatal: chmod socket private/smtpd: Invalid argument
2025-11-21T09:13:18.270626+00:00 mail postfix/postfix-script[11552]: starting the Postfix mail system
2025-11-21T09:13:18.278487+00:00 mail postfix/master[11553]: fatal: chmod socket private/smtpd: Invalid argument
2025-11-21T09:13:24.582694+00:00 mail postfix/postfix-script[11631]: starting the Postfix mail system
2025-11-21T09:13:24.596793+00:00 mail postfix/master[11632]: fatal: chmod socket private/smtpd: Invalid argument
2025-11-21T09:13:30.384888+00:00 mail postfix/postfix-script[11710]: starting the Postfix mail system
2025-11-21T09:13:30.390896+00:00 mail postfix/master[11711]: fatal: chmod socket private/smtpd: Invalid argument
2025-11-21T09:13:36.450662+00:00 mail postfix/postfix-script[11789]: starting the Postfix mail system
2025-11-21T09:13:36.456336+00:00 mail postfix/master[11790]: fatal: chmod socket private/smtpd: Invalid argument
2025-11-21T09:13:42.513734+00:00 mail postfix/postfix-script[11868]: starting the Postfix mail system
2025-11-21T09:13:42.519266+00:00 mail postfix/master[11869]: fatal: chmod socket private/smtpd: Invalid argument
2025-11-21T09:13:48.597745+00:00 mail postfix/postfix-script[11947]: starting the Postfix mail system
2025-11-21T09:13:48.602891+00:00 mail postfix/master[11948]: fatal: chmod socket private/smtpd: Invalid argument
2025-11-21T09:13:54.680332+00:00 mail postfix/postfix-script[12026]: starting the Postfix mail system
2025-11-21T09:13:54.685581+00:00 mail postfix/master[12027]: fatal: chmod socket private/smtpd: Invalid argument
2025-11-21T09:14:00.805941+00:00 mail postfix/postfix-script[12105]: starting the Postfix mail system
2025-11-21T09:14:00.813410+00:00 mail postfix/master[12106]: fatal: chmod socket private/smtpd: Invalid argument
2025-11-21T09:14:06.909447+00:00 mail postfix/postfix-script[12184]: starting the Postfix mail system
2025-11-21T09:14:06.916786+00:00 mail postfix/master[12185]: fatal: chmod socket private/smtpd: Invalid argument
2025-11-21T09:14:12.940195+00:00 mail postfix/postfix-script[12263]: starting the Postfix mail system
2025-11-21T09:14:12.948088+00:00 mail postfix/master[12264]: fatal: chmod socket private/smtpd: Invalid argument
2025-11-21T09:14:18.973919+00:00 mail postfix/postfix-script[12342]: starting the Postfix mail system
2025-11-21T09:14:18.980165+00:00 mail postfix/master[12343]: fatal: chmod socket private/smtpd: Invalid argument
2025-11-21T09:14:25.053208+00:00 mail postfix/postfix-script[12421]: starting the Postfix mail system
2025-11-21T09:14:25.058348+00:00 mail postfix/master[12422]: fatal: chmod socket private/smtpd: Invalid argument
2025-11-21T09:14:31.093688+00:00 mail postfix/postfix-script[12500]: starting the Postfix mail system
2025-11-21T09:14:31.098866+00:00 mail postfix/master[12501]: fatal: chmod socket private/smtpd: Invalid argument
2025-11-21T09:14:37.214687+00:00 mail postfix/postfix-script[12579]: starting the Postfix mail system
2025-11-21T09:14:37.220722+00:00 mail postfix/master[12580]: fatal: chmod socket private/smtpd: Invalid argument
2025-11-21T09:14:43.373201+00:00 mail postfix/postfix-script[12658]: starting the Postfix mail system
2025-11-21T09:14:43.381134+00:00 mail postfix/master[12659]: fatal: chmod socket private/smtpd: Invalid argument
2025-11-21T09:14:48.415277+00:00 mail postfix/postfix-script[12737]: starting the Postfix mail system
2025-11-21T09:14:48.421626+00:00 mail postfix/master[12738]: fatal: chmod socket private/smtpd: Invalid argument
2025-11-21T09:14:54.439117+00:00 mail postfix/postfix-script[12816]: starting the Postfix mail system
2025-11-21T09:14:54.445289+00:00 mail postfix/master[12817]: fatal: chmod socket private/smtpd: Invalid argument
2025-11-21T09:15:00.498303+00:00 mail postfix/postfix-script[12895]: starting the Postfix mail system
2025-11-21T09:15:00.503627+00:00 mail postfix/master[12896]: fatal: chmod socket private/smtpd: Invalid argument
2025-11-21T09:15:06.633535+00:00 mail postfix/postfix-script[12974]: starting the Postfix mail system
2025-11-21T09:15:06.638847+00:00 mail postfix/master[12975]: fatal: chmod socket private/smtpd: Invalid argument
2025-11-21T09:15:12.709586+00:00 mail postfix/postfix-script[13053]: starting the Postfix mail system
2025-11-21T09:15:12.715926+00:00 mail postfix/master[13054]: fatal: chmod socket private/smtpd: Invalid argument
2025-11-21T09:15:18.775506+00:00 mail postfix/postfix-script[13132]: starting the Postfix mail system
2025-11-21T09:15:18.781700+00:00 mail postfix/master[13133]: fatal: chmod socket private/smtpd: Invalid argument
2025-11-21T09:15:24.934080+00:00 mail postfix/postfix-script[13211]: starting the Postfix mail system
2025-11-21T09:15:24.946391+00:00 mail postfix/master[13212]: fatal: chmod socket private/smtpd: Invalid argument
2025-11-21T09:15:30.909167+00:00 mail postfix/postfix-script[13290]: starting the Postfix mail system
2025-11-21T09:15:30.914473+00:00 mail postfix/master[13291]: fatal: chmod socket private/smtpd: Invalid argument
2025-11-21T09:15:37.090179+00:00 mail postfix/postfix-script[13369]: starting the Postfix mail system
2025-11-21T09:15:37.096519+00:00 mail postfix/master[13370]: fatal: chmod socket private/smtpd: Invalid argument
2025-11-21T09:15:43.123431+00:00 mail postfix/postfix-script[13448]: starting the Postfix mail system
2025-11-21T09:15:43.131786+00:00 mail postfix/master[13449]: fatal: chmod socket private/smtpd: Invalid argument
2025-11-21T09:15:49.123593+00:00 mail postfix/postfix-script[13527]: starting the Postfix mail system
2025-11-21T09:15:49.129146+00:00 mail postfix/master[13528]: fatal: chmod socket private/smtpd: Invalid argument
2025-11-21T09:15:55.202787+00:00 mail postfix/postfix-script[13606]: starting the Postfix mail system
2025-11-21T09:15:55.208072+00:00 mail postfix/master[13607]: fatal: chmod socket private/smtpd: Invalid argument
2025-11-21T09:16:01.364071+00:00 mail postfix/postfix-script[13685]: starting the Postfix mail system
2025-11-21T09:16:01.372594+00:00 mail postfix/master[13686]: fatal: chmod socket private/smtpd: Invalid argument
2025-11-21T09:16:07.369947+00:00 mail postfix/postfix-script[13764]: starting the Postfix mail system
2025-11-21T09:16:07.376035+00:00 mail postfix/master[13765]: fatal: chmod socket private/smtpd: Invalid argument
2025-11-21T09:16:13.490937+00:00 mail postfix/postfix-script[13843]: starting the Postfix mail system
2025-11-21T09:16:13.497502+00:00 mail postfix/master[13844]: fatal: chmod socket private/smtpd: Invalid argument
2025-11-21T09:16:19.498413+00:00 mail postfix/postfix-script[13922]: starting the Postfix mail system
2025-11-21T09:16:19.504097+00:00 mail postfix/master[13923]: fatal: chmod socket private/smtpd: Invalid argument
2025-11-21T09:16:25.594281+00:00 mail postfix/postfix-script[14001]: starting the Postfix mail system
2025-11-21T09:16:25.601371+00:00 mail postfix/master[14002]: fatal: chmod socket private/smtpd: Invalid argument
2025-11-21T09:16:31.752113+00:00 mail postfix/postfix-script[14080]: starting the Postfix mail system
2025-11-21T09:16:31.758506+00:00 mail postfix/master[14081]: fatal: chmod socket private/smtpd: Invalid argument
2025-11-21T09:16:37.735449+00:00 mail postfix/postfix-script[14159]: starting the Postfix mail system
2025-11-21T09:16:37.741424+00:00 mail postfix/master[14160]: fatal: chmod socket private/smtpd: Invalid argument
2025-11-21T09:16:43.894154+00:00 mail postfix/postfix-script[14238]: starting the Postfix mail system
2025-11-21T09:16:43.901424+00:00 mail postfix/master[14239]: fatal: chmod socket private/smtpd: Invalid argument
2025-11-21T09:16:49.881492+00:00 mail postfix/postfix-script[14317]: starting the Postfix mail system
2025-11-21T09:16:49.886469+00:00 mail postfix/master[14318]: fatal: chmod socket private/smtpd: Invalid argument
2025-11-21T09:16:55.950124+00:00 mail postfix/postfix-script[14396]: starting the Postfix mail system
2025-11-21T09:16:55.955382+00:00 mail postfix/master[14397]: fatal: chmod socket private/smtpd: Invalid argument
2025-11-21T09:17:02.050981+00:00 mail postfix/postfix-script[14478]: starting the Postfix mail system
2025-11-21T09:17:02.056322+00:00 mail postfix/master[14479]: fatal: chmod socket private/smtpd: Invalid argument
2025-11-21T09:17:08.096904+00:00 mail postfix/postfix-script[14557]: starting the Postfix mail system
2025-11-21T09:17:08.102080+00:00 mail postfix/master[14558]: fatal: chmod socket private/smtpd: Invalid argument
2025-11-21T09:17:14.221933+00:00 mail postfix/postfix-script[14636]: starting the Postfix mail system
2025-11-21T09:17:14.228553+00:00 mail postfix/master[14637]: fatal: chmod socket private/smtpd: Invalid argument
2025-11-21T09:17:20.247520+00:00 mail postfix/postfix-script[14715]: starting the Postfix mail system
2025-11-21T09:17:20.252843+00:00 mail postfix/master[14716]: fatal: chmod socket private/smtpd: Invalid argument
2025-11-21T09:17:26.343773+00:00 mail postfix/postfix-script[14794]: starting the Postfix mail system
2025-11-21T09:17:26.349710+00:00 mail postfix/master[14795]: fatal: chmod socket private/smtpd: Invalid argument
2025-11-21T09:17:32.419617+00:00 mail postfix/postfix-script[14873]: starting the Postfix mail system
2025-11-21T09:17:32.424651+00:00 mail postfix/master[14874]: fatal: chmod socket private/smtpd: Invalid argument
2025-11-21T09:17:38.474678+00:00 mail postfix/postfix-script[14952]: starting the Postfix mail system
2025-11-21T09:17:38.480723+00:00 mail postfix/master[14953]: fatal: chmod socket private/smtpd: Invalid argument
2025-11-21T09:17:44.590352+00:00 mail postfix/postfix-script[15034]: starting the Postfix mail system
2025-11-21T09:17:44.598399+00:00 mail postfix/master[15035]: fatal: chmod socket private/smtpd: Invalid argument
2025-11-21T09:17:50.614045+00:00 mail postfix/postfix-script[15113]: starting the Postfix mail system
2025-11-21T09:17:50.619705+00:00 mail postfix/master[15114]: fatal: chmod socket private/smtpd: Invalid argument
2025-11-21T09:17:56.745256+00:00 mail postfix/postfix-script[15192]: starting the Postfix mail system
2025-11-21T09:17:56.752733+00:00 mail postfix/master[15193]: fatal: chmod socket private/smtpd: Invalid argument
2025-11-21T09:18:02.834681+00:00 mail postfix/postfix-script[15278]: starting the Postfix mail system
2025-11-21T09:18:02.840430+00:00 mail postfix/master[15279]: fatal: chmod socket private/smtpd: Invalid argument
2025-11-21T09:18:08.922157+00:00 mail postfix/postfix-script[15361]: starting the Postfix mail system
2025-11-21T09:18:08.928364+00:00 mail postfix/master[15362]: fatal: chmod socket private/smtpd: Invalid argument
2025-11-21T09:18:14.987310+00:00 mail postfix/postfix-script[15440]: starting the Postfix mail system
2025-11-21T09:18:14.995939+00:00 mail postfix/master[15441]: fatal: chmod socket private/smtpd: Invalid argument
2025-11-21T09:18:21.013629+00:00 mail postfix/postfix-script[15519]: starting the Postfix mail system
2025-11-21T09:18:21.018906+00:00 mail postfix/master[15520]: fatal: chmod socket private/smtpd: Invalid argument
2025-11-21T09:18:27.093477+00:00 mail postfix/postfix-script[15598]: starting the Postfix mail system
2025-11-21T09:18:27.099132+00:00 mail postfix/master[15599]: fatal: chmod socket private/smtpd: Invalid argument
2025-11-21T09:18:33.146725+00:00 mail postfix/postfix-script[15677]: starting the Postfix mail system
2025-11-21T09:18:33.152803+00:00 mail postfix/master[15678]: fatal: chmod socket private/smtpd: Invalid argument
2025-11-21T09:18:39.737069+00:00 mail postfix/postfix-script[15756]: starting the Postfix mail system
2025-11-21T09:18:39.749630+00:00 mail postfix/master[15757]: fatal: chmod socket private/smtpd: Invalid argument
2025-11-21T09:18:45.424450+00:00 mail postfix/postfix-script[15835]: starting the Postfix mail system
2025-11-21T09:18:45.431846+00:00 mail postfix/master[15836]: fatal: chmod socket private/smtpd: Invalid argument
2025-11-21T09:18:51.527920+00:00 mail postfix/postfix-script[15914]: starting the Postfix mail system
2025-11-21T09:18:51.535923+00:00 mail postfix/master[15915]: fatal: chmod socket private/smtpd: Invalid argument
2025-11-21T09:18:57.736636+00:00 mail postfix/postfix-script[15993]: starting the Postfix mail system
2025-11-21T09:18:57.745764+00:00 mail postfix/master[15994]: fatal: chmod socket private/smtpd: Invalid argument
2025-11-21T09:19:03.749218+00:00 mail postfix/postfix-script[16072]: starting the Postfix mail system
2025-11-21T09:19:03.755653+00:00 mail postfix/master[16073]: fatal: chmod socket private/smtpd: Invalid argument
2025-11-21T09:19:09.773602+00:00 mail postfix/postfix-script[16151]: starting the Postfix mail system
2025-11-21T09:19:09.778994+00:00 mail postfix/master[16152]: fatal: chmod socket private/smtpd: Invalid argument
2025-11-21T09:19:15.840721+00:00 mail postfix/postfix-script[16230]: starting the Postfix mail system
2025-11-21T09:19:15.847716+00:00 mail postfix/master[16231]: fatal: chmod socket private/smtpd: Invalid argument
2025-11-21T09:19:22.003247+00:00 mail postfix/postfix-script[16309]: starting the Postfix mail system
2025-11-21T09:19:22.048508+00:00 mail postfix/master[16310]: fatal: chmod socket private/smtpd: Invalid argument
2025-11-21T09:19:28.030568+00:00 mail postfix/postfix-script[16388]: starting the Postfix mail system
2025-11-21T09:19:28.036061+00:00 mail postfix/master[16389]: fatal: chmod socket private/smtpd: Invalid argument
2025-11-21T09:19:34.129835+00:00 mail postfix/postfix-script[16467]: starting the Postfix mail system
2025-11-21T09:19:34.136247+00:00 mail postfix/master[16468]: fatal: chmod socket private/smtpd: Invalid argument
2025-11-21T09:19:40.235456+00:00 mail postfix/postfix-script[16546]: starting the Postfix mail system
2025-11-21T09:19:40.241146+00:00 mail postfix/master[16547]: fatal: chmod socket private/smtpd: Invalid argument
2025-11-21T09:19:46.286274+00:00 mail postfix/postfix-script[16625]: starting the Postfix mail system
2025-11-21T09:19:46.292737+00:00 mail postfix/master[16626]: fatal: chmod socket private/smtpd: Invalid argument
2025-11-21T09:19:52.435364+00:00 mail postfix/postfix-script[16704]: starting the Postfix mail system
2025-11-21T09:19:52.444776+00:00 mail postfix/master[16705]: fatal: chmod socket private/smtpd: Invalid argument
2025-11-21T09:19:58.418866+00:00 mail postfix/postfix-script[16783]: starting the Postfix mail system
2025-11-21T09:19:58.424316+00:00 mail postfix/master[16784]: fatal: chmod socket private/smtpd: Invalid argument
2025-11-21T09:20:04.558453+00:00 mail postfix/postfix-script[16862]: starting the Postfix mail system
2025-11-21T09:20:04.564177+00:00 mail postfix/master[16863]: fatal: chmod socket private/smtpd: Invalid argument
2025-11-21T09:20:10.679410+00:00 mail postfix/postfix-script[16941]: starting the Postfix mail system
2025-11-21T09:20:10.687118+00:00 mail postfix/master[16942]: fatal: chmod socket private/smtpd: Invalid argument
2025-11-21T09:20:16.684371+00:00 mail postfix/postfix-script[17020]: starting the Postfix mail system
2025-11-21T09:20:16.689656+00:00 mail postfix/master[17021]: fatal: chmod socket private/smtpd: Invalid argument
2025-11-21T09:20:22.833378+00:00 mail postfix/postfix-script[17099]: starting the Postfix mail system
2025-11-21T09:20:22.840330+00:00 mail postfix/master[17100]: fatal: chmod socket private/smtpd: Invalid argument
2025-11-21T09:20:28.881049+00:00 mail postfix/postfix-script[17178]: starting the Postfix mail system
2025-11-21T09:20:28.886903+00:00 mail postfix/master[17179]: fatal: chmod socket private/smtpd: Invalid argument
2025-11-21T09:20:34.959055+00:00 mail postfix/postfix-script[17257]: starting the Postfix mail system
2025-11-21T09:20:34.966687+00:00 mail postfix/master[17258]: fatal: chmod socket private/smtpd: Invalid argument
2025-11-21T09:20:41.032824+00:00 mail postfix/postfix-script[17336]: starting the Postfix mail system
2025-11-21T09:20:41.038326+00:00 mail postfix/master[17337]: fatal: chmod socket private/smtpd: Invalid argument
2025-11-21T09:20:47.102378+00:00 mail postfix/postfix-script[17415]: starting the Postfix mail system
2025-11-21T09:20:47.107992+00:00 mail postfix/master[17416]: fatal: chmod socket private/smtpd: Invalid argument
2025-11-21T09:20:53.285526+00:00 mail postfix/postfix-script[17494]: starting the Postfix mail system
2025-11-21T09:20:53.291912+00:00 mail postfix/master[17495]: fatal: chmod socket private/smtpd: Invalid argument
2025-11-21T09:20:59.244015+00:00 mail postfix/postfix-script[17573]: starting the Postfix mail system
2025-11-21T09:20:59.249749+00:00 mail postfix/master[17574]: fatal: chmod socket private/smtpd: Invalid argument
2025-11-21T09:21:05.387427+00:00 mail postfix/postfix-script[17652]: starting the Postfix mail system
2025-11-21T09:21:05.394813+00:00 mail postfix/master[17653]: fatal: chmod socket private/smtpd: Invalid argument
2025-11-21T09:21:11.374205+00:00 mail postfix/postfix-script[17731]: starting the Postfix mail system
2025-11-21T09:21:11.379752+00:00 mail postfix/master[17732]: fatal: chmod socket private/smtpd: Invalid argument
2025-11-21T09:21:17.433194+00:00 mail postfix/postfix-script[17810]: starting the Postfix mail system
2025-11-21T09:21:17.439593+00:00 mail postfix/master[17811]: fatal: chmod socket private/smtpd: Invalid argument
2025-11-21T09:21:23.523238+00:00 mail postfix/postfix-script[17889]: starting the Postfix mail system
2025-11-21T09:21:23.529218+00:00 mail postfix/master[17890]: fatal: chmod socket private/smtpd: Invalid argument
2025-11-21T09:21:29.584693+00:00 mail postfix/postfix-script[17968]: starting the Postfix mail system
2025-11-21T09:21:29.590155+00:00 mail postfix/master[17969]: fatal: chmod socket private/smtpd: Invalid argument
2025-11-21T09:21:35.642926+00:00 mail postfix/postfix-script[18050]: starting the Postfix mail system
2025-11-21T09:21:35.649387+00:00 mail postfix/master[18051]: fatal: chmod socket private/smtpd: Invalid argument
2025-11-21T09:21:41.706184+00:00 mail postfix/postfix-script[18129]: starting the Postfix mail system
2025-11-21T09:21:41.712045+00:00 mail postfix/master[18130]: fatal: chmod socket private/smtpd: Invalid argument
2025-11-21T09:21:47.819098+00:00 mail postfix/postfix-script[18208]: starting the Postfix mail system
2025-11-21T09:21:47.824919+00:00 mail postfix/master[18209]: fatal: chmod socket private/smtpd: Invalid argument
2025-11-21T09:21:53.884406+00:00 mail postfix/postfix-script[18287]: starting the Postfix mail system
2025-11-21T09:21:53.890666+00:00 mail postfix/master[18288]: fatal: chmod socket private/smtpd: Invalid argument
2025-11-21T09:21:59.927852+00:00 mail postfix/postfix-script[18366]: starting the Postfix mail system
2025-11-21T09:21:59.933306+00:00 mail postfix/master[18367]: fatal: chmod socket private/smtpd: Invalid argument
2025-11-21T09:22:06.002844+00:00 mail postfix/postfix-script[18445]: starting the Postfix mail system
2025-11-21T09:22:06.008214+00:00 mail postfix/master[18446]: fatal: chmod socket private/smtpd: Invalid argument
2025-11-21T09:22:12.085860+00:00 mail postfix/postfix-script[18524]: starting the Postfix mail system
2025-11-21T09:22:12.092229+00:00 mail postfix/master[18525]: fatal: chmod socket private/smtpd: Invalid argument
2025-11-21T09:22:18.134010+00:00 mail postfix/postfix-script[18603]: starting the Postfix mail system
2025-11-21T09:22:18.139545+00:00 mail postfix/master[18604]: fatal: chmod socket private/smtpd: Invalid argument
2025-11-21T09:22:24.241711+00:00 mail postfix/postfix-script[18682]: starting the Postfix mail system
2025-11-21T09:22:24.251957+00:00 mail postfix/master[18683]: fatal: chmod socket private/smtpd: Invalid argument
2025-11-21T09:22:30.276206+00:00 mail postfix/postfix-script[18761]: starting the Postfix mail system
2025-11-21T09:22:30.281570+00:00 mail postfix/master[18762]: fatal: chmod socket private/smtpd: Invalid argument
2025-11-21T09:22:36.353174+00:00 mail postfix/postfix-script[18840]: starting the Postfix mail system
2025-11-21T09:22:36.358401+00:00 mail postfix/master[18841]: fatal: chmod socket private/smtpd: Invalid argument
2025-11-21T09:22:42.468241+00:00 mail postfix/postfix-script[18919]: starting the Postfix mail system
2025-11-21T09:22:42.473712+00:00 mail postfix/master[18920]: fatal: chmod socket private/smtpd: Invalid argument
2025-11-21T09:22:48.693553+00:00 mail postfix/postfix-script[18998]: starting the Postfix mail system
2025-11-21T09:22:48.700861+00:00 mail postfix/master[18999]: fatal: chmod socket private/smtpd: Invalid argument
2025-11-21T09:22:54.626046+00:00 mail postfix/postfix-script[19077]: starting the Postfix mail system
2025-11-21T09:22:54.631293+00:00 mail postfix/master[19078]: fatal: chmod socket private/smtpd: Invalid argument
2025-11-21T09:23:00.690768+00:00 mail postfix/postfix-script[19156]: starting the Postfix mail system
2025-11-21T09:23:00.697311+00:00 mail postfix/master[19157]: fatal: chmod socket private/smtpd: Invalid argument
2025-11-21T09:23:06.754585+00:00 mail postfix/postfix-script[19235]: starting the Postfix mail system
2025-11-21T09:23:06.761194+00:00 mail postfix/master[19236]: fatal: chmod socket private/smtpd: Invalid argument
2025-11-21T09:23:12.810645+00:00 mail postfix/postfix-script[19314]: starting the Postfix mail system
2025-11-21T09:23:12.817688+00:00 mail postfix/master[19315]: fatal: chmod socket private/smtpd: Invalid argument
2025-11-21T09:23:18.940397+00:00 mail postfix/postfix-script[19393]: starting the Postfix mail system
2025-11-21T09:23:18.945742+00:00 mail postfix/master[19394]: fatal: chmod socket private/smtpd: Invalid argument
2025-11-21T09:23:24.994245+00:00 mail postfix/postfix-script[19472]: starting the Postfix mail system
2025-11-21T09:23:24.999506+00:00 mail postfix/master[19473]: fatal: chmod socket private/smtpd: Invalid argument
2025-11-21T09:23:31.052522+00:00 mail postfix/postfix-script[19551]: starting the Postfix mail system
2025-11-21T09:23:31.058665+00:00 mail postfix/master[19552]: fatal: chmod socket private/smtpd: Invalid argument
2025-11-21T09:23:37.254015+00:00 mail postfix/postfix-script[19630]: starting the Postfix mail system
2025-11-21T09:23:37.259677+00:00 mail postfix/master[19631]: fatal: chmod socket private/smtpd: Invalid argument
2025-11-21T09:23:43.462710+00:00 mail postfix/postfix-script[19709]: starting the Postfix mail system
2025-11-21T09:23:43.470804+00:00 mail postfix/master[19710]: fatal: chmod socket private/smtpd: Invalid argument
2025-11-21T09:23:49.642260+00:00 mail postfix/postfix-script[19788]: starting the Postfix mail system
2025-11-21T09:23:49.659276+00:00 mail postfix/master[19789]: fatal: chmod socket private/smtpd: Invalid argument
2025-11-21T09:23:55.531036+00:00 mail postfix/postfix-script[19867]: starting the Postfix mail system
2025-11-21T09:23:55.537373+00:00 mail postfix/master[19868]: fatal: chmod socket private/smtpd: Invalid argument
2025-11-21T09:24:01.674248+00:00 mail postfix/postfix-script[19946]: starting the Postfix mail system
2025-11-21T09:24:01.681723+00:00 mail postfix/master[19947]: fatal: chmod socket private/smtpd: Invalid argument
2025-11-21T09:24:07.719694+00:00 mail postfix/postfix-script[20025]: starting the Postfix mail system
2025-11-21T09:24:07.725892+00:00 mail postfix/master[20026]: fatal: chmod socket private/smtpd: Invalid argument
2025-11-21T09:24:13.907884+00:00 mail postfix/postfix-script[20104]: starting the Postfix mail system
2025-11-21T09:24:13.915144+00:00 mail postfix/master[20105]: fatal: chmod socket private/smtpd: Invalid argument
2025-11-21T09:24:19.841702+00:00 mail postfix/postfix-script[20183]: starting the Postfix mail system
2025-11-21T09:24:19.848912+00:00 mail postfix/master[20184]: fatal: chmod socket private/smtpd: Invalid argument
2025-11-21T09:24:25.899800+00:00 mail postfix/postfix-script[20262]: starting the Postfix mail system
2025-11-21T09:24:25.907091+00:00 mail postfix/master[20263]: fatal: chmod socket private/smtpd: Invalid argument
2025-11-21T09:24:32.093752+00:00 mail postfix/postfix-script[20341]: starting the Postfix mail system
2025-11-21T09:24:32.099984+00:00 mail postfix/master[20342]: fatal: chmod socket private/smtpd: Invalid argument
2025-11-21T09:24:38.083964+00:00 mail postfix/postfix-script[20420]: starting the Postfix mail system
2025-11-21T09:24:38.093227+00:00 mail postfix/master[20421]: fatal: chmod socket private/smtpd: Invalid argument
2025-11-21T09:24:44.313815+00:00 mail postfix/postfix-script[20499]: starting the Postfix mail system
2025-11-21T09:24:44.320288+00:00 mail postfix/master[20500]: fatal: chmod socket private/smtpd: Invalid argument
2025-11-21T09:24:50.267781+00:00 mail postfix/postfix-script[20578]: starting the Postfix mail system
2025-11-21T09:24:50.273988+00:00 mail postfix/master[20579]: fatal: chmod socket private/smtpd: Invalid argument
2025-11-21T09:24:56.346422+00:00 mail postfix/postfix-script[20657]: starting the Postfix mail system
2025-11-21T09:24:56.352349+00:00 mail postfix/master[20658]: fatal: chmod socket private/smtpd: Invalid argument
2025-11-21T09:25:02.485334+00:00 mail postfix/postfix-script[20736]: starting the Postfix mail system
2025-11-21T09:25:02.493545+00:00 mail postfix/master[20737]: fatal: chmod socket private/smtpd: Invalid argument
2025-11-21T09:25:08.470536+00:00 mail postfix/postfix-script[20815]: starting the Postfix mail system
2025-11-21T09:25:08.476800+00:00 mail postfix/master[20816]: fatal: chmod socket private/smtpd: Invalid argument
2025-11-21T09:25:14.595040+00:00 mail postfix/postfix-script[20894]: starting the Postfix mail system
2025-11-21T09:25:14.603294+00:00 mail postfix/master[20895]: fatal: chmod socket private/smtpd: Invalid argument
2025-11-21T09:25:20.623780+00:00 mail postfix/postfix-script[20973]: starting the Postfix mail system
2025-11-21T09:25:20.629007+00:00 mail postfix/master[20974]: fatal: chmod socket private/smtpd: Invalid argument
2025-11-21T09:25:26.783567+00:00 mail postfix/postfix-script[21052]: starting the Postfix mail system
2025-11-21T09:25:26.789695+00:00 mail postfix/master[21053]: fatal: chmod socket private/smtpd: Invalid argument
2025-11-21T09:25:32.816339+00:00 mail postfix/postfix-script[21131]: starting the Postfix mail system
2025-11-21T09:25:32.823565+00:00 mail postfix/master[21132]: fatal: chmod socket private/smtpd: Invalid argument
2025-11-21T09:25:38.942390+00:00 mail postfix/postfix-script[21213]: starting the Postfix mail system
2025-11-21T09:25:38.949848+00:00 mail postfix/master[21214]: fatal: chmod socket private/smtpd: Invalid argument
2025-11-21T09:25:45.066563+00:00 mail postfix/postfix-script[21292]: starting the Postfix mail system
2025-11-21T09:25:45.072859+00:00 mail postfix/master[21293]: fatal: chmod socket private/smtpd: Invalid argument
2025-11-21T09:25:51.042443+00:00 mail postfix/postfix-script[21371]: starting the Postfix mail system
2025-11-21T09:25:51.048254+00:00 mail postfix/master[21372]: fatal: chmod socket private/smtpd: Invalid argument
2025-11-21T09:25:57.133492+00:00 mail postfix/postfix-script[21450]: starting the Postfix mail system
2025-11-21T09:25:57.138976+00:00 mail postfix/master[21451]: fatal: chmod socket private/smtpd: Invalid argument
2025-11-21T09:26:03.187170+00:00 mail postfix/postfix-script[21529]: starting the Postfix mail system
2025-11-21T09:26:03.193494+00:00 mail postfix/master[21530]: fatal: chmod socket private/smtpd: Invalid argument
2025-11-21T09:26:09.305297+00:00 mail postfix/postfix-script[21608]: starting the Postfix mail system
2025-11-21T09:26:09.311816+00:00 mail postfix/master[21609]: fatal: chmod socket private/smtpd: Invalid argument
2025-11-21T09:26:15.386172+00:00 mail postfix/postfix-script[21687]: starting the Postfix mail system
2025-11-21T09:26:15.391906+00:00 mail postfix/master[21688]: fatal: chmod socket private/smtpd: Invalid argument
2025-11-21T09:26:21.442486+00:00 mail postfix/postfix-script[21766]: starting the Postfix mail system
2025-11-21T09:26:21.447845+00:00 mail postfix/master[21767]: fatal: chmod socket private/smtpd: Invalid argument
2025-11-21T09:26:27.483901+00:00 mail postfix/postfix-script[21845]: starting the Postfix mail system
2025-11-21T09:26:27.490902+00:00 mail postfix/master[21846]: fatal: chmod socket private/smtpd: Invalid argument
2025-11-21T09:26:33.670765+00:00 mail postfix/postfix-script[21924]: starting the Postfix mail system
2025-11-21T09:26:33.677171+00:00 mail postfix/master[21925]: fatal: chmod socket private/smtpd: Invalid argument
2025-11-21T09:26:39.960753+00:00 mail postfix/postfix-script[22003]: starting the Postfix mail system
2025-11-21T09:26:39.971087+00:00 mail postfix/master[22004]: fatal: chmod socket private/smtpd: Invalid argument
2025-11-21T09:26:45.793003+00:00 mail postfix/postfix-script[22082]: starting the Postfix mail system
2025-11-21T09:26:45.799268+00:00 mail postfix/master[22083]: fatal: chmod socket private/smtpd: Invalid argument
2025-11-21T09:26:52.035059+00:00 mail postfix/postfix-script[22161]: starting the Postfix mail system
2025-11-21T09:26:52.044148+00:00 mail postfix/master[22162]: fatal: chmod socket private/smtpd: Invalid argument
2025-11-21T09:26:57.945302+00:00 mail postfix/postfix-script[22240]: starting the Postfix mail system
2025-11-21T09:26:57.952708+00:00 mail postfix/master[22241]: fatal: chmod socket private/smtpd: Invalid argument
2025-11-21T09:27:04.084237+00:00 mail postfix/postfix-script[22319]: starting the Postfix mail system
2025-11-21T09:27:04.092033+00:00 mail postfix/master[22320]: fatal: chmod socket private/smtpd: Invalid argument
2025-11-21T09:27:10.126935+00:00 mail postfix/postfix-script[22398]: starting the Postfix mail system
2025-11-21T09:27:10.133272+00:00 mail postfix/master[22399]: fatal: chmod socket private/smtpd: Invalid argument
2025-11-21T09:27:16.171727+00:00 mail postfix/postfix-script[22477]: starting the Postfix mail system
2025-11-21T09:27:16.177198+00:00 mail postfix/master[22478]: fatal: chmod socket private/smtpd: Invalid argument
2025-11-21T09:27:22.416181+00:00 mail postfix/postfix-script[22556]: starting the Postfix mail system
2025-11-21T09:27:22.423438+00:00 mail postfix/master[22557]: fatal: chmod socket private/smtpd: Invalid argument
2025-11-21T09:27:28.431387+00:00 mail postfix/postfix-script[22635]: starting the Postfix mail system
2025-11-21T09:27:28.437866+00:00 mail postfix/master[22636]: fatal: chmod socket private/smtpd: Invalid argument
2025-11-21T09:27:34.625189+00:00 mail postfix/postfix-script[22714]: starting the Postfix mail system
2025-11-21T09:27:34.641342+00:00 mail postfix/master[22715]: fatal: chmod socket private/smtpd: Invalid argument
2025-11-21T09:27:40.615850+00:00 mail postfix/postfix-script[22793]: starting the Postfix mail system
2025-11-21T09:27:40.621863+00:00 mail postfix/master[22794]: fatal: chmod socket private/smtpd: Invalid argument
2025-11-21T09:27:46.664017+00:00 mail postfix/postfix-script[22872]: starting the Postfix mail system
2025-11-21T09:27:46.669195+00:00 mail postfix/master[22873]: fatal: chmod socket private/smtpd: Invalid argument
2025-11-21T09:27:52.826508+00:00 mail postfix/postfix-script[22951]: starting the Postfix mail system
2025-11-21T09:27:52.834522+00:00 mail postfix/master[22952]: fatal: chmod socket private/smtpd: Invalid argument
2025-11-21T09:27:58.803006+00:00 mail postfix/postfix-script[23030]: starting the Postfix mail system
2025-11-21T09:27:58.809723+00:00 mail postfix/master[23031]: fatal: chmod socket private/smtpd: Invalid argument
2025-11-21T09:28:04.894514+00:00 mail postfix/postfix-script[23109]: starting the Postfix mail system
2025-11-21T09:28:04.900653+00:00 mail postfix/master[23110]: fatal: chmod socket private/smtpd: Invalid argument
2025-11-21T09:28:10.952260+00:00 mail postfix/postfix-script[23188]: starting the Postfix mail system
2025-11-21T09:28:10.958280+00:00 mail postfix/master[23189]: fatal: chmod socket private/smtpd: Invalid argument
2025-11-21T09:28:17.004101+00:00 mail postfix/postfix-script[23267]: starting the Postfix mail system
2025-11-21T09:28:17.009733+00:00 mail postfix/master[23268]: fatal: chmod socket private/smtpd: Invalid argument
2025-11-21T09:28:23.118468+00:00 mail postfix/postfix-script[23346]: starting the Postfix mail system
2025-11-21T09:28:23.124427+00:00 mail postfix/master[23347]: fatal: chmod socket private/smtpd: Invalid argument
2025-11-21T09:28:29.160210+00:00 mail postfix/postfix-script[23425]: starting the Postfix mail system
2025-11-21T09:28:29.167926+00:00 mail postfix/master[23426]: fatal: chmod socket private/smtpd: Invalid argument
2025-11-21T09:28:35.251338+00:00 mail postfix/postfix-script[23504]: starting the Postfix mail system
2025-11-21T09:28:35.257642+00:00 mail postfix/master[23505]: fatal: chmod socket private/smtpd: Invalid argument
2025-11-21T09:28:41.300992+00:00 mail postfix/postfix-script[23583]: starting the Postfix mail system
2025-11-21T09:28:41.308162+00:00 mail postfix/master[23584]: fatal: chmod socket private/smtpd: Invalid argument
2025-11-21T09:28:47.375596+00:00 mail postfix/postfix-script[23662]: starting the Postfix mail system
2025-11-21T09:28:47.381424+00:00 mail postfix/master[23663]: fatal: chmod socket private/smtpd: Invalid argument
2025-11-21T09:28:53.463831+00:00 mail postfix/postfix-script[23741]: starting the Postfix mail system
2025-11-21T09:28:53.469830+00:00 mail postfix/master[23742]: fatal: chmod socket private/smtpd: Invalid argument
2025-11-21T09:28:59.564747+00:00 mail postfix/postfix-script[23820]: starting the Postfix mail system
2025-11-21T09:28:59.571012+00:00 mail postfix/master[23821]: fatal: chmod socket private/smtpd: Invalid argument
2025-11-21T09:29:05.628504+00:00 mail postfix/postfix-script[23899]: starting the Postfix mail system
2025-11-21T09:29:05.636534+00:00 mail postfix/master[23900]: fatal: chmod socket private/smtpd: Invalid argument
2025-11-21T09:29:11.698920+00:00 mail postfix/postfix-script[23978]: starting the Postfix mail system
2025-11-21T09:29:11.705141+00:00 mail postfix/master[23979]: fatal: chmod socket private/smtpd: Invalid argument
2025-11-21T09:29:17.808216+00:00 mail postfix/postfix-script[24057]: starting the Postfix mail system
2025-11-21T09:29:17.813807+00:00 mail postfix/master[24058]: fatal: chmod socket private/smtpd: Invalid argument
2025-11-21T09:29:23.886188+00:00 mail postfix/postfix-script[24136]: starting the Postfix mail system
2025-11-21T09:29:23.891311+00:00 mail postfix/master[24137]: fatal: chmod socket private/smtpd: Invalid argument
2025-11-21T09:29:29.939221+00:00 mail postfix/postfix-script[24215]: starting the Postfix mail system
2025-11-21T09:29:29.944215+00:00 mail postfix/master[24216]: fatal: chmod socket private/smtpd: Invalid argument
2025-11-21T09:29:36.018825+00:00 mail postfix/postfix-script[24294]: starting the Postfix mail system
2025-11-21T09:29:36.024076+00:00 mail postfix/master[24295]: fatal: chmod socket private/smtpd: Invalid argument
2025-11-21T09:29:42.272927+00:00 mail postfix/postfix-script[24376]: starting the Postfix mail system
2025-11-21T09:29:42.283505+00:00 mail postfix/master[24377]: fatal: chmod socket private/smtpd: Invalid argument
2025-11-21T09:29:48.254333+00:00 mail postfix/postfix-script[24452]: starting the Postfix mail system
2025-11-21T09:29:48.262406+00:00 mail postfix/master[24453]: fatal: chmod socket private/smtpd: Invalid argument
2025-11-21T09:29:54.389039+00:00 mail postfix/postfix-script[24531]: starting the Postfix mail system
2025-11-21T09:29:54.396863+00:00 mail postfix/master[24532]: fatal: chmod socket private/smtpd: Invalid argument
2025-11-21T09:30:00.456406+00:00 mail postfix/postfix-script[24610]: starting the Postfix mail system
2025-11-21T09:30:00.464066+00:00 mail postfix/master[24611]: fatal: chmod socket private/smtpd: Invalid argument
2025-11-21T09:30:06.520627+00:00 mail postfix/postfix-script[24689]: starting the Postfix mail system
2025-11-21T09:30:06.527686+00:00 mail postfix/master[24690]: fatal: chmod socket private/smtpd: Invalid argument
2025-11-21T09:30:12.629892+00:00 mail postfix/postfix-script[24768]: starting the Postfix mail system
2025-11-21T09:30:12.636471+00:00 mail postfix/master[24769]: fatal: chmod socket private/smtpd: Invalid argument
2025-11-21T09:30:18.737665+00:00 mail postfix/postfix-script[24847]: starting the Postfix mail system
2025-11-21T09:30:18.744273+00:00 mail postfix/master[24848]: fatal: chmod socket private/smtpd: Invalid argument
2025-11-21T09:30:24.840653+00:00 mail postfix/postfix-script[24926]: starting the Postfix mail system
2025-11-21T09:30:24.845720+00:00 mail postfix/master[24927]: fatal: chmod socket private/smtpd: Invalid argument
2025-11-21T09:30:30.852097+00:00 mail postfix/postfix-script[25005]: starting the Postfix mail system
2025-11-21T09:30:30.857014+00:00 mail postfix/master[25006]: fatal: chmod socket private/smtpd: Invalid argument
2025-11-21T09:30:36.974525+00:00 mail postfix/postfix-script[25084]: starting the Postfix mail system
2025-11-21T09:30:36.981341+00:00 mail postfix/master[25085]: fatal: chmod socket private/smtpd: Invalid argument
2025-11-21T09:30:43.018381+00:00 mail postfix/postfix-script[25163]: starting the Postfix mail system
2025-11-21T09:30:43.023645+00:00 mail postfix/master[25164]: fatal: chmod socket private/smtpd: Invalid argument
2025-11-21T09:30:49.093189+00:00 mail postfix/postfix-script[25242]: starting the Postfix mail system
2025-11-21T09:30:49.098053+00:00 mail postfix/master[25243]: fatal: chmod socket private/smtpd: Invalid argument
2025-11-21T09:30:55.189001+00:00 mail postfix/postfix-script[25321]: starting the Postfix mail system
2025-11-21T09:30:55.194319+00:00 mail postfix/master[25322]: fatal: chmod socket private/smtpd: Invalid argument
2025-11-21T09:31:01.254619+00:00 mail postfix/postfix-script[25400]: starting the Postfix mail system
2025-11-21T09:31:01.259506+00:00 mail postfix/master[25401]: fatal: chmod socket private/smtpd: Invalid argument
2025-11-21T09:31:07.349298+00:00 mail postfix/postfix-script[25479]: starting the Postfix mail system
2025-11-21T09:31:07.354903+00:00 mail postfix/master[25480]: fatal: chmod socket private/smtpd: Invalid argument
2025-11-21T09:31:13.445957+00:00 mail postfix/postfix-script[25558]: starting the Postfix mail system
2025-11-21T09:31:13.451054+00:00 mail postfix/master[25559]: fatal: chmod socket private/smtpd: Invalid argument
2025-11-21T09:31:19.516802+00:00 mail postfix/postfix-script[25637]: starting the Postfix mail system
2025-11-21T09:31:19.521990+00:00 mail postfix/master[25638]: fatal: chmod socket private/smtpd: Invalid argument
2025-11-21T09:31:25.618331+00:00 mail postfix/postfix-script[25716]: starting the Postfix mail system
2025-11-21T09:31:25.623439+00:00 mail postfix/master[25717]: fatal: chmod socket private/smtpd: Invalid argument
2025-11-21T09:31:31.699039+00:00 mail postfix/postfix-script[25795]: starting the Postfix mail system
2025-11-21T09:31:31.704212+00:00 mail postfix/master[25796]: fatal: chmod socket private/smtpd: Invalid argument
2025-11-21T09:31:37.764362+00:00 mail postfix/postfix-script[25874]: starting the Postfix mail system
2025-11-21T09:31:37.770009+00:00 mail postfix/master[25875]: fatal: chmod socket private/smtpd: Invalid argument
2025-11-21T09:31:44.123331+00:00 mail postfix/postfix-script[25953]: starting the Postfix mail system
2025-11-21T09:31:44.131756+00:00 mail postfix/master[25954]: fatal: chmod socket private/smtpd: Invalid argument
2025-11-21T09:31:49.986017+00:00 mail postfix/postfix-script[26032]: starting the Postfix mail system
2025-11-21T09:31:49.993056+00:00 mail postfix/master[26033]: fatal: chmod socket private/smtpd: Invalid argument
2025-11-21T09:31:56.062253+00:00 mail postfix/postfix-script[26111]: starting the Postfix mail system
2025-11-21T09:31:56.068440+00:00 mail postfix/master[26112]: fatal: chmod socket private/smtpd: Invalid argument
2025-11-21T09:32:02.153120+00:00 mail postfix/postfix-script[26190]: starting the Postfix mail system
2025-11-21T09:32:02.159607+00:00 mail postfix/master[26191]: fatal: chmod socket private/smtpd: Invalid argument
2025-11-21T09:32:08.288779+00:00 mail postfix/postfix-script[26269]: starting the Postfix mail system
2025-11-21T09:32:08.314873+00:00 mail postfix/master[26270]: fatal: chmod socket private/smtpd: Invalid argument
2025-11-21T09:32:14.296506+00:00 mail postfix/postfix-script[26348]: starting the Postfix mail system
2025-11-21T09:32:14.302349+00:00 mail postfix/master[26349]: fatal: chmod socket private/smtpd: Invalid argument
2025-11-21T09:32:20.340046+00:00 mail postfix/postfix-script[26427]: starting the Postfix mail system
2025-11-21T09:32:20.345129+00:00 mail postfix/master[26428]: fatal: chmod socket private/smtpd: Invalid argument
2025-11-21T09:32:26.439772+00:00 mail postfix/postfix-script[26506]: starting the Postfix mail system
2025-11-21T09:32:26.445073+00:00 mail postfix/master[26507]: fatal: chmod socket private/smtpd: Invalid argument
2025-11-21T09:32:32.509061+00:00 mail postfix/postfix-script[26585]: starting the Postfix mail system
2025-11-21T09:32:32.515730+00:00 mail postfix/master[26586]: fatal: chmod socket private/smtpd: Invalid argument
2025-11-21T09:32:38.586873+00:00 mail postfix/postfix-script[26664]: starting the Postfix mail system
2025-11-21T09:32:38.591980+00:00 mail postfix/master[26665]: fatal: chmod socket private/smtpd: Invalid argument
2025-11-21T09:32:44.665003+00:00 mail postfix/postfix-script[26746]: starting the Postfix mail system
2025-11-21T09:32:44.669984+00:00 mail postfix/master[26747]: fatal: chmod socket private/smtpd: Invalid argument
2025-11-21T09:32:50.758274+00:00 mail postfix/postfix-script[26825]: starting the Postfix mail system
2025-11-21T09:32:50.763012+00:00 mail postfix/master[26826]: fatal: chmod socket private/smtpd: Invalid argument
2025-11-21T09:32:56.855927+00:00 mail postfix/postfix-script[26904]: starting the Postfix mail system
2025-11-21T09:32:56.860864+00:00 mail postfix/master[26905]: fatal: chmod socket private/smtpd: Invalid argument
2025-11-21T09:33:02.939546+00:00 mail postfix/postfix-script[26983]: starting the Postfix mail system
2025-11-21T09:33:02.944721+00:00 mail postfix/master[26984]: fatal: chmod socket private/smtpd: Invalid argument
2025-11-21T09:33:08.999871+00:00 mail postfix/postfix-script[27062]: starting the Postfix mail system
2025-11-21T09:33:09.004981+00:00 mail postfix/master[27063]: fatal: chmod socket private/smtpd: Invalid argument
2025-11-21T09:33:15.113536+00:00 mail postfix/postfix-script[27141]: starting the Postfix mail system
2025-11-21T09:33:15.118392+00:00 mail postfix/master[27142]: fatal: chmod socket private/smtpd: Invalid argument
2025-11-21T09:33:21.190239+00:00 mail postfix/postfix-script[27220]: starting the Postfix mail system
2025-11-21T09:33:21.195341+00:00 mail postfix/master[27221]: fatal: chmod socket private/smtpd: Invalid argument
2025-11-21T09:33:27.277874+00:00 mail postfix/postfix-script[27299]: starting the Postfix mail system
2025-11-21T09:33:27.286402+00:00 mail postfix/master[27300]: fatal: chmod socket private/smtpd: Invalid argument
2025-11-21T09:33:33.344522+00:00 mail postfix/postfix-script[27378]: starting the Postfix mail system
2025-11-21T09:33:33.349424+00:00 mail postfix/master[27379]: fatal: chmod socket private/smtpd: Invalid argument
2025-11-21T09:33:39.419191+00:00 mail postfix/postfix-script[27457]: starting the Postfix mail system
2025-11-21T09:33:39.425771+00:00 mail postfix/master[27458]: fatal: chmod socket private/smtpd: Invalid argument
2025-11-21T09:33:45.657729+00:00 mail postfix/postfix-script[27533]: starting the Postfix mail system
2025-11-21T09:33:45.665311+00:00 mail postfix/master[27534]: fatal: chmod socket private/smtpd: Invalid argument
2025-11-21T09:33:51.667291+00:00 mail postfix/postfix-script[27612]: starting the Postfix mail system
2025-11-21T09:33:51.675035+00:00 mail postfix/master[27613]: fatal: chmod socket private/smtpd: Invalid argument
2025-11-21T09:33:57.738742+00:00 mail postfix/postfix-script[27691]: starting the Postfix mail system
2025-11-21T09:33:57.746337+00:00 mail postfix/master[27692]: fatal: chmod socket private/smtpd: Invalid argument
2025-11-21T09:34:03.844898+00:00 mail postfix/postfix-script[27770]: starting the Postfix mail system
2025-11-21T09:34:03.852036+00:00 mail postfix/master[27771]: fatal: chmod socket private/smtpd: Invalid argument
2025-11-21T09:34:09.924830+00:00 mail postfix/postfix-script[27849]: starting the Postfix mail system
2025-11-21T09:34:09.931558+00:00 mail postfix/master[27850]: fatal: chmod socket private/smtpd: Invalid argument
2025-11-21T09:34:15.966004+00:00 mail postfix/postfix-script[27928]: starting the Postfix mail system
2025-11-21T09:34:15.971866+00:00 mail postfix/master[27929]: fatal: chmod socket private/smtpd: Invalid argument
2025-11-21T09:34:21.114630+00:00 mail postfix/postfix-script[28007]: starting the Postfix mail system
2025-11-21T09:34:21.121466+00:00 mail postfix/master[28008]: fatal: chmod socket private/smtpd: Invalid argument
2025-11-21T09:34:27.202834+00:00 mail postfix/postfix-script[28086]: starting the Postfix mail system
2025-11-21T09:34:27.209798+00:00 mail postfix/master[28087]: fatal: chmod socket private/smtpd: Invalid argument
2025-11-21T09:34:33.243416+00:00 mail postfix/postfix-script[28165]: starting the Postfix mail system
2025-11-21T09:34:33.248443+00:00 mail postfix/master[28166]: fatal: chmod socket private/smtpd: Invalid argument
2025-11-21T09:34:39.342268+00:00 mail postfix/postfix-script[28244]: starting the Postfix mail system
2025-11-21T09:34:39.347171+00:00 mail postfix/master[28245]: fatal: chmod socket private/smtpd: Invalid argument
2025-11-21T09:34:45.471555+00:00 mail postfix/postfix-script[28323]: starting the Postfix mail system
2025-11-21T09:34:45.482966+00:00 mail postfix/master[28324]: fatal: chmod socket private/smtpd: Invalid argument
2025-11-21T09:34:51.512772+00:00 mail postfix/postfix-script[28402]: starting the Postfix mail system
2025-11-21T09:34:51.520186+00:00 mail postfix/master[28403]: fatal: chmod socket private/smtpd: Invalid argument
2025-11-21T09:34:57.578242+00:00 mail postfix/postfix-script[28481]: starting the Postfix mail system
2025-11-21T09:34:57.584531+00:00 mail postfix/master[28482]: fatal: chmod socket private/smtpd: Invalid argument
2025-11-21T09:35:03.731482+00:00 mail postfix/postfix-script[28560]: starting the Postfix mail system
2025-11-21T09:35:03.739301+00:00 mail postfix/master[28561]: fatal: chmod socket private/smtpd: Invalid argument
2025-11-21T09:35:09.815380+00:00 mail postfix/postfix-script[28639]: starting the Postfix mail system
2025-11-21T09:35:09.823615+00:00 mail postfix/master[28640]: fatal: chmod socket private/smtpd: Invalid argument
2025-11-21T09:35:15.960090+00:00 mail postfix/postfix-script[28718]: starting the Postfix mail system
2025-11-21T09:35:15.968335+00:00 mail postfix/master[28719]: fatal: chmod socket private/smtpd: Invalid argument
2025-11-21T09:35:22.026235+00:00 mail postfix/postfix-script[28797]: starting the Postfix mail system
2025-11-21T09:35:22.036204+00:00 mail postfix/master[28798]: fatal: chmod socket private/smtpd: Invalid argument
2025-11-21T09:35:28.096016+00:00 mail postfix/postfix-script[28876]: starting the Postfix mail system
2025-11-21T09:35:28.101990+00:00 mail postfix/master[28877]: fatal: chmod socket private/smtpd: Invalid argument
2025-11-21T09:35:34.207996+00:00 mail postfix/postfix-script[28955]: starting the Postfix mail system
2025-11-21T09:35:34.215393+00:00 mail postfix/master[28956]: fatal: chmod socket private/smtpd: Invalid argument
2025-11-21T09:35:40.333651+00:00 mail postfix/postfix-script[29034]: starting the Postfix mail system
2025-11-21T09:35:40.340913+00:00 mail postfix/master[29035]: fatal: chmod socket private/smtpd: Invalid argument
2025-11-21T09:35:46.431823+00:00 mail postfix/postfix-script[29113]: starting the Postfix mail system
2025-11-21T09:35:46.441768+00:00 mail postfix/master[29114]: fatal: chmod socket private/smtpd: Invalid argument
2025-11-21T09:35:52.531525+00:00 mail postfix/postfix-script[29192]: starting the Postfix mail system
2025-11-21T09:35:52.537934+00:00 mail postfix/master[29193]: fatal: chmod socket private/smtpd: Invalid argument
2025-11-21T09:35:58.605477+00:00 mail postfix/postfix-script[29271]: starting the Postfix mail system
2025-11-21T09:35:58.611867+00:00 mail postfix/master[29272]: fatal: chmod socket private/smtpd: Invalid argument
2025-11-21T09:36:04.685490+00:00 mail postfix/postfix-script[29350]: starting the Postfix mail system
2025-11-21T09:36:04.692987+00:00 mail postfix/master[29351]: fatal: chmod socket private/smtpd: Invalid argument
2025-11-21T09:36:11.161214+00:00 mail postfix/postfix-script[29429]: starting the Postfix mail system
2025-11-21T09:36:11.171152+00:00 mail postfix/master[29430]: fatal: chmod socket private/smtpd: Invalid argument
2025-11-21T09:36:16.877946+00:00 mail postfix/postfix-script[29508]: starting the Postfix mail system
2025-11-21T09:36:16.883529+00:00 mail postfix/master[29509]: fatal: chmod socket private/smtpd: Invalid argument
2025-11-21T09:36:22.961854+00:00 mail postfix/postfix-script[29587]: starting the Postfix mail system
2025-11-21T09:36:22.966810+00:00 mail postfix/master[29588]: fatal: chmod socket private/smtpd: Invalid argument
2025-11-21T09:36:29.030946+00:00 mail postfix/postfix-script[29666]: starting the Postfix mail system
2025-11-21T09:36:29.037062+00:00 mail postfix/master[29667]: fatal: chmod socket private/smtpd: Invalid argument
2025-11-21T09:36:35.107654+00:00 mail postfix/postfix-script[29745]: starting the Postfix mail system
2025-11-21T09:36:35.113228+00:00 mail postfix/master[29746]: fatal: chmod socket private/smtpd: Invalid argument
2025-11-21T09:36:41.191314+00:00 mail postfix/postfix-script[29824]: starting the Postfix mail system
2025-11-21T09:36:41.196704+00:00 mail postfix/master[29825]: fatal: chmod socket private/smtpd: Invalid argument
2025-11-21T09:36:47.270833+00:00 mail postfix/postfix-script[29903]: starting the Postfix mail system
2025-11-21T09:36:47.275921+00:00 mail postfix/master[29904]: fatal: chmod socket private/smtpd: Invalid argument
2025-11-21T09:36:53.357053+00:00 mail postfix/postfix-script[29982]: starting the Postfix mail system
2025-11-21T09:36:53.361973+00:00 mail postfix/master[29983]: fatal: chmod socket private/smtpd: Invalid argument
2025-11-21T09:36:59.454119+00:00 mail postfix/postfix-script[30061]: starting the Postfix mail system
2025-11-21T09:36:59.459291+00:00 mail postfix/master[30062]: fatal: chmod socket private/smtpd: Invalid argument
2025-11-21T09:37:05.546680+00:00 mail postfix/postfix-script[30140]: starting the Postfix mail system
2025-11-21T09:37:05.551702+00:00 mail postfix/master[30141]: fatal: chmod socket private/smtpd: Invalid argument
2025-11-21T09:37:11.615888+00:00 mail postfix/postfix-script[30219]: starting the Postfix mail system
2025-11-21T09:37:11.621447+00:00 mail postfix/master[30220]: fatal: chmod socket private/smtpd: Invalid argument
2025-11-21T09:37:17.716710+00:00 mail postfix/postfix-script[30298]: starting the Postfix mail system
2025-11-21T09:37:17.721758+00:00 mail postfix/master[30299]: fatal: chmod socket private/smtpd: Invalid argument
2025-11-21T09:37:23.788088+00:00 mail postfix/postfix-script[30377]: starting the Postfix mail system
2025-11-21T09:37:23.794244+00:00 mail postfix/master[30378]: fatal: chmod socket private/smtpd: Invalid argument
2025-11-21T09:37:29.842696+00:00 mail postfix/postfix-script[30456]: starting the Postfix mail system
2025-11-21T09:37:29.847918+00:00 mail postfix/master[30457]: fatal: chmod socket private/smtpd: Invalid argument
2025-11-21T09:37:35.915607+00:00 mail postfix/postfix-script[30535]: starting the Postfix mail system
2025-11-21T09:37:35.921116+00:00 mail postfix/master[30536]: fatal: chmod socket private/smtpd: Invalid argument
2025-11-21T09:37:43.914012+00:00 mail postfix/postfix-script[30617]: starting the Postfix mail system
2025-11-21T09:37:43.919711+00:00 mail postfix/master[30618]: fatal: chmod socket private/smtpd: Invalid argument
2025-11-21T09:37:50.072922+00:00 mail postfix/postfix-script[30696]: starting the Postfix mail system
2025-11-21T09:37:50.079508+00:00 mail postfix/master[30697]: fatal: chmod socket private/smtpd: Invalid argument
2025-11-21T09:37:56.143363+00:00 mail postfix/postfix-script[30775]: starting the Postfix mail system
2025-11-21T09:37:56.150431+00:00 mail postfix/master[30776]: fatal: chmod socket private/smtpd: Invalid argument
2025-11-21T09:38:02.245578+00:00 mail postfix/postfix-script[30854]: starting the Postfix mail system
2025-11-21T09:38:02.251997+00:00 mail postfix/master[30855]: fatal: chmod socket private/smtpd: Invalid argument
2025-11-21T09:38:08.317215+00:00 mail postfix/postfix-script[30933]: starting the Postfix mail system
2025-11-21T09:38:08.323474+00:00 mail postfix/master[30934]: fatal: chmod socket private/smtpd: Invalid argument
2025-11-21T09:38:14.354413+00:00 mail postfix/postfix-script[31012]: starting the Postfix mail system
2025-11-21T09:38:14.359654+00:00 mail postfix/master[31013]: fatal: chmod socket private/smtpd: Invalid argument
2025-11-21T09:38:20.406960+00:00 mail postfix/postfix-script[31091]: starting the Postfix mail system
2025-11-21T09:38:20.412902+00:00 mail postfix/master[31092]: fatal: chmod socket private/smtpd: Invalid argument
2025-11-21T09:38:26.489789+00:00 mail postfix/postfix-script[31170]: starting the Postfix mail system
2025-11-21T09:38:26.495081+00:00 mail postfix/master[31171]: fatal: chmod socket private/smtpd: Invalid argument
2025-11-21T09:38:32.569389+00:00 mail postfix/postfix-script[31249]: starting the Postfix mail system
2025-11-21T09:38:32.575042+00:00 mail postfix/master[31250]: fatal: chmod socket private/smtpd: Invalid argument
2025-11-21T09:38:38.657639+00:00 mail postfix/postfix-script[31328]: starting the Postfix mail system
2025-11-21T09:38:38.662681+00:00 mail postfix/master[31329]: fatal: chmod socket private/smtpd: Invalid argument
2025-11-21T09:38:44.831058+00:00 mail postfix/postfix-script[31407]: starting the Postfix mail system
2025-11-21T09:38:44.839210+00:00 mail postfix/master[31408]: fatal: chmod socket private/smtpd: Invalid argument
2025-11-21T09:38:50.852049+00:00 mail postfix/postfix-script[31486]: starting the Postfix mail system
2025-11-21T09:38:50.857032+00:00 mail postfix/master[31487]: fatal: chmod socket private/smtpd: Invalid argument
2025-11-21T09:38:56.970572+00:00 mail postfix/postfix-script[31565]: starting the Postfix mail system
2025-11-21T09:38:56.978912+00:00 mail postfix/master[31566]: fatal: chmod socket private/smtpd: Invalid argument
2025-11-21T09:39:03.042188+00:00 mail postfix/postfix-script[31647]: starting the Postfix mail system
2025-11-21T09:39:03.048555+00:00 mail postfix/master[31648]: fatal: chmod socket private/smtpd: Invalid argument
2025-11-21T09:39:09.131054+00:00 mail postfix/postfix-script[31726]: starting the Postfix mail system
2025-11-21T09:39:09.139456+00:00 mail postfix/master[31727]: fatal: chmod socket private/smtpd: Invalid argument
2025-11-21T09:39:15.194750+00:00 mail postfix/postfix-script[31805]: starting the Postfix mail system
2025-11-21T09:39:15.200498+00:00 mail postfix/master[31806]: fatal: chmod socket private/smtpd: Invalid argument
2025-11-21T09:39:21.286161+00:00 mail postfix/postfix-script[31884]: starting the Postfix mail system
2025-11-21T09:39:21.292096+00:00 mail postfix/master[31885]: fatal: chmod socket private/smtpd: Invalid argument
2025-11-21T09:39:27.423139+00:00 mail postfix/postfix-script[31963]: starting the Postfix mail system
2025-11-21T09:39:27.429860+00:00 mail postfix/master[31964]: fatal: chmod socket private/smtpd: Invalid argument
2025-11-21T09:39:33.468323+00:00 mail postfix/postfix-script[32042]: starting the Postfix mail system
2025-11-21T09:39:33.474473+00:00 mail postfix/master[32043]: fatal: chmod socket private/smtpd: Invalid argument
2025-11-21T09:39:39.566707+00:00 mail postfix/postfix-script[32121]: starting the Postfix mail system
2025-11-21T09:39:39.572769+00:00 mail postfix/master[32122]: fatal: chmod socket private/smtpd: Invalid argument
2025-11-21T09:39:45.727939+00:00 mail postfix/postfix-script[32197]: starting the Postfix mail system
2025-11-21T09:39:45.739379+00:00 mail postfix/master[32198]: fatal: chmod socket private/smtpd: Invalid argument
2025-11-21T09:39:51.772812+00:00 mail postfix/postfix-script[32276]: starting the Postfix mail system
2025-11-21T09:39:51.779277+00:00 mail postfix/master[32277]: fatal: chmod socket private/smtpd: Invalid argument
2025-11-21T09:39:57.877954+00:00 mail postfix/postfix-script[32355]: starting the Postfix mail system
2025-11-21T09:39:57.887768+00:00 mail postfix/master[32356]: fatal: chmod socket private/smtpd: Invalid argument
2025-11-21T09:40:03.976986+00:00 mail postfix/postfix-script[32434]: starting the Postfix mail system
2025-11-21T09:40:03.983727+00:00 mail postfix/master[32435]: fatal: chmod socket private/smtpd: Invalid argument
2025-11-21T09:40:10.057188+00:00 mail postfix/postfix-script[32513]: starting the Postfix mail system
2025-11-21T09:40:10.064517+00:00 mail postfix/master[32514]: fatal: chmod socket private/smtpd: Invalid argument
2025-11-21T09:40:16.158829+00:00 mail postfix/postfix-script[32592]: starting the Postfix mail system
2025-11-21T09:40:16.163749+00:00 mail postfix/master[32593]: fatal: chmod socket private/smtpd: Invalid argument
2025-11-21T09:40:22.192291+00:00 mail postfix/postfix-script[32671]: starting the Postfix mail system
2025-11-21T09:40:22.199010+00:00 mail postfix/master[32672]: fatal: chmod socket private/smtpd: Invalid argument
2025-11-21T09:40:28.301257+00:00 mail postfix/postfix-script[32750]: starting the Postfix mail system
2025-11-21T09:40:28.306301+00:00 mail postfix/master[32751]: fatal: chmod socket private/smtpd: Invalid argument
2025-11-21T09:40:34.344834+00:00 mail postfix/postfix-script[32829]: starting the Postfix mail system
2025-11-21T09:40:34.350677+00:00 mail postfix/master[32830]: fatal: chmod socket private/smtpd: Invalid argument
2025-11-21T09:40:40.431045+00:00 mail postfix/postfix-script[32908]: starting the Postfix mail system
2025-11-21T09:40:40.437893+00:00 mail postfix/master[32909]: fatal: chmod socket private/smtpd: Invalid argument
2025-11-21T09:40:46.517046+00:00 mail postfix/postfix-script[32987]: starting the Postfix mail system
2025-11-21T09:40:46.522727+00:00 mail postfix/master[32988]: fatal: chmod socket private/smtpd: Invalid argument
2025-11-21T09:40:52.599923+00:00 mail postfix/postfix-script[33066]: starting the Postfix mail system
2025-11-21T09:40:52.605164+00:00 mail postfix/master[33067]: fatal: chmod socket private/smtpd: Invalid argument
2025-11-21T09:40:58.684658+00:00 mail postfix/postfix-script[33145]: starting the Postfix mail system
2025-11-21T09:40:58.694870+00:00 mail postfix/master[33146]: fatal: chmod socket private/smtpd: Invalid argument
2025-11-21T09:41:04.773058+00:00 mail postfix/postfix-script[33224]: starting the Postfix mail system
2025-11-21T09:41:04.778182+00:00 mail postfix/master[33225]: fatal: chmod socket private/smtpd: Invalid argument
2025-11-21T09:41:10.853826+00:00 mail postfix/postfix-script[33303]: starting the Postfix mail system
2025-11-21T09:41:10.859925+00:00 mail postfix/master[33304]: fatal: chmod socket private/smtpd: Invalid argument
2025-11-21T09:41:16.947973+00:00 mail postfix/postfix-script[33382]: starting the Postfix mail system
2025-11-21T09:41:16.954581+00:00 mail postfix/master[33383]: fatal: chmod socket private/smtpd: Invalid argument
2025-11-21T09:41:22.018330+00:00 mail postfix/postfix-script[33461]: starting the Postfix mail system
2025-11-21T09:41:22.023194+00:00 mail postfix/master[33462]: fatal: chmod socket private/smtpd: Invalid argument
2025-11-21T09:41:28.125650+00:00 mail postfix/postfix-script[33540]: starting the Postfix mail system
2025-11-21T09:41:28.131293+00:00 mail postfix/master[33541]: fatal: chmod socket private/smtpd: Invalid argument
2025-11-21T09:41:34.178605+00:00 mail postfix/postfix-script[33619]: starting the Postfix mail system
2025-11-21T09:41:34.184916+00:00 mail postfix/master[33620]: fatal: chmod socket private/smtpd: Invalid argument
2025-11-21T09:41:40.263455+00:00 mail postfix/postfix-script[33698]: starting the Postfix mail system
2025-11-21T09:41:40.269536+00:00 mail postfix/master[33699]: fatal: chmod socket private/smtpd: Invalid argument
2025-11-21T09:41:46.426540+00:00 mail postfix/postfix-script[33774]: starting the Postfix mail system
2025-11-21T09:41:46.433400+00:00 mail postfix/master[33775]: fatal: chmod socket private/smtpd: Invalid argument
2025-11-21T09:41:52.504722+00:00 mail postfix/postfix-script[33853]: starting the Postfix mail system
2025-11-21T09:41:52.512081+00:00 mail postfix/master[33854]: fatal: chmod socket private/smtpd: Invalid argument
2025-11-21T09:41:58.594346+00:00 mail postfix/postfix-script[33932]: starting the Postfix mail system
2025-11-21T09:41:58.600383+00:00 mail postfix/master[33933]: fatal: chmod socket private/smtpd: Invalid argument
2025-11-21T09:42:04.673730+00:00 mail postfix/postfix-script[34011]: starting the Postfix mail system
2025-11-21T09:42:04.680549+00:00 mail postfix/master[34012]: fatal: chmod socket private/smtpd: Invalid argument
2025-11-21T09:42:10.765878+00:00 mail postfix/postfix-script[34090]: starting the Postfix mail system
2025-11-21T09:42:10.772304+00:00 mail postfix/master[34091]: fatal: chmod socket private/smtpd: Invalid argument
2025-11-21T09:42:16.783665+00:00 mail postfix/postfix-script[34169]: starting the Postfix mail system
2025-11-21T09:42:16.789378+00:00 mail postfix/master[34170]: fatal: chmod socket private/smtpd: Invalid argument
2025-11-21T09:42:22.861769+00:00 mail postfix/postfix-script[34248]: starting the Postfix mail system
2025-11-21T09:42:22.866754+00:00 mail postfix/master[34249]: fatal: chmod socket private/smtpd: Invalid argument
2025-11-21T09:42:28.935211+00:00 mail postfix/postfix-script[34327]: starting the Postfix mail system
2025-11-21T09:42:28.941397+00:00 mail postfix/master[34328]: fatal: chmod socket private/smtpd: Invalid argument
2025-11-21T09:42:35.016776+00:00 mail postfix/postfix-script[34406]: starting the Postfix mail system
2025-11-21T09:42:35.021753+00:00 mail postfix/master[34407]: fatal: chmod socket private/smtpd: Invalid argument
2025-11-21T09:42:41.110053+00:00 mail postfix/postfix-script[34485]: starting the Postfix mail system
2025-11-21T09:42:41.115104+00:00 mail postfix/master[34486]: fatal: chmod socket private/smtpd: Invalid argument
2025-11-21T09:42:47.188258+00:00 mail postfix/postfix-script[34564]: starting the Postfix mail system
2025-11-21T09:42:47.194123+00:00 mail postfix/master[34565]: fatal: chmod socket private/smtpd: Invalid argument
2025-11-21T09:42:53.243286+00:00 mail postfix/postfix-script[34643]: starting the Postfix mail system
2025-11-21T09:42:53.248226+00:00 mail postfix/master[34644]: fatal: chmod socket private/smtpd: Invalid argument
2025-11-21T09:42:59.337649+00:00 mail postfix/postfix-script[34722]: starting the Postfix mail system
2025-11-21T09:42:59.342526+00:00 mail postfix/master[34723]: fatal: chmod socket private/smtpd: Invalid argument
2025-11-21T09:43:05.414312+00:00 mail postfix/postfix-script[34801]: starting the Postfix mail system
2025-11-21T09:43:05.421796+00:00 mail postfix/master[34802]: fatal: chmod socket private/smtpd: Invalid argument
2025-11-21T09:43:11.497943+00:00 mail postfix/postfix-script[34880]: starting the Postfix mail system
2025-11-21T09:43:11.502875+00:00 mail postfix/master[34881]: fatal: chmod socket private/smtpd: Invalid argument
2025-11-21T09:43:17.578643+00:00 mail postfix/postfix-script[34959]: starting the Postfix mail system
2025-11-21T09:43:17.584861+00:00 mail postfix/master[34960]: fatal: chmod socket private/smtpd: Invalid argument
2025-11-21T09:43:23.664756+00:00 mail postfix/postfix-script[35038]: starting the Postfix mail system
2025-11-21T09:43:23.670099+00:00 mail postfix/master[35039]: fatal: chmod socket private/smtpd: Invalid argument
2025-11-21T09:43:29.734799+00:00 mail postfix/postfix-script[35117]: starting the Postfix mail system
2025-11-21T09:43:29.740378+00:00 mail postfix/master[35118]: fatal: chmod socket private/smtpd: Invalid argument
2025-11-21T09:43:35.831450+00:00 mail postfix/postfix-script[35199]: starting the Postfix mail system
2025-11-21T09:43:35.836444+00:00 mail postfix/master[35200]: fatal: chmod socket private/smtpd: Invalid argument
2025-11-21T09:43:43.464511+00:00 mail postfix/postfix-script[35276]: starting the Postfix mail system
2025-11-21T09:43:43.474141+00:00 mail postfix/master[35279]: fatal: chmod socket private/smtpd: Invalid argument
2025-11-21T09:43:49.616348+00:00 mail postfix/postfix-script[35357]: starting the Postfix mail system
2025-11-21T09:43:49.626482+00:00 mail postfix/master[35358]: fatal: chmod socket private/smtpd: Invalid argument
2025-11-21T09:43:55.722744+00:00 mail postfix/postfix-script[35436]: starting the Postfix mail system
2025-11-21T09:43:55.731083+00:00 mail postfix/master[35437]: fatal: chmod socket private/smtpd: Invalid argument
2025-11-21T09:44:01.787642+00:00 mail postfix/postfix-script[35515]: starting the Postfix mail system
2025-11-21T09:44:01.794725+00:00 mail postfix/master[35516]: fatal: chmod socket private/smtpd: Invalid argument
2025-11-21T09:44:07.878241+00:00 mail postfix/postfix-script[35594]: starting the Postfix mail system
2025-11-21T09:44:07.884368+00:00 mail postfix/master[35595]: fatal: chmod socket private/smtpd: Invalid argument
2025-11-21T09:44:13.972748+00:00 mail postfix/postfix-script[35673]: starting the Postfix mail system
2025-11-21T09:44:13.979443+00:00 mail postfix/master[35674]: fatal: chmod socket private/smtpd: Invalid argument
2025-11-21T09:44:20.033159+00:00 mail postfix/postfix-script[35752]: starting the Postfix mail system
2025-11-21T09:44:20.038221+00:00 mail postfix/master[35753]: fatal: chmod socket private/smtpd: Invalid argument
2025-11-21T09:44:26.090992+00:00 mail postfix/postfix-script[35831]: starting the Postfix mail system
2025-11-21T09:44:26.096083+00:00 mail postfix/master[35832]: fatal: chmod socket private/smtpd: Invalid argument
2025-11-21T09:44:32.189650+00:00 mail postfix/postfix-script[35910]: starting the Postfix mail system
2025-11-21T09:44:32.195238+00:00 mail postfix/master[35911]: fatal: chmod socket private/smtpd: Invalid argument
2025-11-21T09:44:38.263966+00:00 mail postfix/postfix-script[35989]: starting the Postfix mail system
2025-11-21T09:44:38.271057+00:00 mail postfix/master[35990]: fatal: chmod socket private/smtpd: Invalid argument
2025-11-21T09:44:44.346195+00:00 mail postfix/postfix-script[36068]: starting the Postfix mail system
2025-11-21T09:44:44.351199+00:00 mail postfix/master[36069]: fatal: chmod socket private/smtpd: Invalid argument
2025-11-21T09:44:50.434844+00:00 mail postfix/postfix-script[36147]: starting the Postfix mail system
2025-11-21T09:44:50.441110+00:00 mail postfix/master[36148]: fatal: chmod socket private/smtpd: Invalid argument
2025-11-21T09:44:56.510569+00:00 mail postfix/postfix-script[36226]: starting the Postfix mail system
2025-11-21T09:44:56.518359+00:00 mail postfix/master[36227]: fatal: chmod socket private/smtpd: Invalid argument
2025-11-21T09:45:02.619831+00:00 mail postfix/postfix-script[36305]: starting the Postfix mail system
2025-11-21T09:45:02.628150+00:00 mail postfix/master[36306]: fatal: chmod socket private/smtpd: Invalid argument
2025-11-21T09:45:08.681321+00:00 mail postfix/postfix-script[36384]: starting the Postfix mail system
2025-11-21T09:45:08.687064+00:00 mail postfix/master[36385]: fatal: chmod socket private/smtpd: Invalid argument
2025-11-21T09:45:14.777886+00:00 mail postfix/postfix-script[36463]: starting the Postfix mail system
2025-11-21T09:45:14.784025+00:00 mail postfix/master[36464]: fatal: chmod socket private/smtpd: Invalid argument
2025-11-21T09:45:20.863423+00:00 mail postfix/postfix-script[36542]: starting the Postfix mail system
2025-11-21T09:45:20.870745+00:00 mail postfix/master[36543]: fatal: chmod socket private/smtpd: Invalid argument
2025-11-21T09:45:26.966094+00:00 mail postfix/postfix-script[36621]: starting the Postfix mail system
2025-11-21T09:45:26.974008+00:00 mail postfix/master[36622]: fatal: chmod socket private/smtpd: Invalid argument
2025-11-21T09:45:33.039288+00:00 mail postfix/postfix-script[36700]: starting the Postfix mail system
2025-11-21T09:45:33.044106+00:00 mail postfix/master[36701]: fatal: chmod socket private/smtpd: Invalid argument
2025-11-21T09:45:39.115494+00:00 mail postfix/postfix-script[36779]: starting the Postfix mail system
2025-11-21T09:45:39.121710+00:00 mail postfix/master[36780]: fatal: chmod socket private/smtpd: Invalid argument
2025-11-21T09:45:45.487389+00:00 mail postfix/postfix-script[36855]: starting the Postfix mail system
2025-11-21T09:45:45.493966+00:00 mail postfix/master[36856]: fatal: chmod socket private/smtpd: Invalid argument
2025-11-21T09:45:51.604835+00:00 mail postfix/postfix-script[36934]: starting the Postfix mail system
2025-11-21T09:45:51.609982+00:00 mail postfix/master[36935]: fatal: chmod socket private/smtpd: Invalid argument
2025-11-21T09:45:57.698463+00:00 mail postfix/postfix-script[37013]: starting the Postfix mail system
2025-11-21T09:45:57.706299+00:00 mail postfix/master[37014]: fatal: chmod socket private/smtpd: Invalid argument
2025-11-21T09:46:03.785272+00:00 mail postfix/postfix-script[37092]: starting the Postfix mail system
2025-11-21T09:46:03.794651+00:00 mail postfix/master[37093]: fatal: chmod socket private/smtpd: Invalid argument
2025-11-21T09:46:09.854386+00:00 mail postfix/postfix-script[37171]: starting the Postfix mail system
2025-11-21T09:46:09.861155+00:00 mail postfix/master[37172]: fatal: chmod socket private/smtpd: Invalid argument
2025-11-21T09:46:15.942748+00:00 mail postfix/postfix-script[37250]: starting the Postfix mail system
2025-11-21T09:46:15.947829+00:00 mail postfix/master[37251]: fatal: chmod socket private/smtpd: Invalid argument
2025-11-21T09:46:21.961519+00:00 mail postfix/postfix-script[37329]: starting the Postfix mail system
2025-11-21T09:46:21.966813+00:00 mail postfix/master[37330]: fatal: chmod socket private/smtpd: Invalid argument
2025-11-21T09:46:28.164741+00:00 mail postfix/postfix-script[37408]: starting the Postfix mail system
2025-11-21T09:46:28.170003+00:00 mail postfix/master[37409]: fatal: chmod socket private/smtpd: Invalid argument
2025-11-21T09:46:34.172965+00:00 mail postfix/postfix-script[37487]: starting the Postfix mail system
2025-11-21T09:46:34.179071+00:00 mail postfix/master[37488]: fatal: chmod socket private/smtpd: Invalid argument
2025-11-21T09:46:40.245255+00:00 mail postfix/postfix-script[37566]: starting the Postfix mail system
2025-11-21T09:46:40.250204+00:00 mail postfix/master[37567]: fatal: chmod socket private/smtpd: Invalid argument
2025-11-21T09:46:46.327958+00:00 mail postfix/postfix-script[37645]: starting the Postfix mail system
2025-11-21T09:46:46.333689+00:00 mail postfix/master[37646]: fatal: chmod socket private/smtpd: Invalid argument
2025-11-21T09:46:52.427847+00:00 mail postfix/postfix-script[37724]: starting the Postfix mail system
2025-11-21T09:46:52.433698+00:00 mail postfix/master[37725]: fatal: chmod socket private/smtpd: Invalid argument
2025-11-21T09:46:58.489613+00:00 mail postfix/postfix-script[37803]: starting the Postfix mail system
2025-11-21T09:46:58.494900+00:00 mail postfix/master[37804]: fatal: chmod socket private/smtpd: Invalid argument
2025-11-21T09:47:04.570104+00:00 mail postfix/postfix-script[37882]: starting the Postfix mail system
2025-11-21T09:47:04.576134+00:00 mail postfix/master[37883]: fatal: chmod socket private/smtpd: Invalid argument
2025-11-21T09:47:10.654388+00:00 mail postfix/postfix-script[37964]: starting the Postfix mail system
2025-11-21T09:47:10.660367+00:00 mail postfix/master[37965]: fatal: chmod socket private/smtpd: Invalid argument
2025-11-21T09:47:16.725211+00:00 mail postfix/postfix-script[38043]: starting the Postfix mail system
2025-11-21T09:47:16.730722+00:00 mail postfix/master[38044]: fatal: chmod socket private/smtpd: Invalid argument
2025-11-21T09:47:22.816625+00:00 mail postfix/postfix-script[38122]: starting the Postfix mail system
2025-11-21T09:47:22.822765+00:00 mail postfix/master[38123]: fatal: chmod socket private/smtpd: Invalid argument
2025-11-21T09:47:28.887061+00:00 mail postfix/postfix-script[38201]: starting the Postfix mail system
2025-11-21T09:47:28.893518+00:00 mail postfix/master[38202]: fatal: chmod socket private/smtpd: Invalid argument
2025-11-21T09:47:34.974222+00:00 mail postfix/postfix-script[38280]: starting the Postfix mail system
2025-11-21T09:47:34.979296+00:00 mail postfix/master[38281]: fatal: chmod socket private/smtpd: Invalid argument
2025-11-21T09:47:41.061990+00:00 mail postfix/postfix-script[38359]: starting the Postfix mail system
2025-11-21T09:47:41.066986+00:00 mail postfix/master[38360]: fatal: chmod socket private/smtpd: Invalid argument
2025-11-21T09:47:47.231908+00:00 mail postfix/postfix-script[38435]: starting the Postfix mail system
2025-11-21T09:47:47.241107+00:00 mail postfix/master[38436]: fatal: chmod socket private/smtpd: Invalid argument
2025-11-21T09:47:53.315467+00:00 mail postfix/postfix-script[38514]: starting the Postfix mail system
2025-11-21T09:47:53.321842+00:00 mail postfix/master[38515]: fatal: chmod socket private/smtpd: Invalid argument
2025-11-21T09:47:59.386899+00:00 mail postfix/postfix-script[38593]: starting the Postfix mail system
2025-11-21T09:47:59.392209+00:00 mail postfix/master[38594]: fatal: chmod socket private/smtpd: Invalid argument
2025-11-21T09:48:05.504147+00:00 mail postfix/postfix-script[38672]: starting the Postfix mail system
2025-11-21T09:48:05.511969+00:00 mail postfix/master[38673]: fatal: chmod socket private/smtpd: Invalid argument
2025-11-21T09:48:11.580236+00:00 mail postfix/postfix-script[38751]: starting the Postfix mail system
2025-11-21T09:48:11.586736+00:00 mail postfix/master[38752]: fatal: chmod socket private/smtpd: Invalid argument
2025-11-21T09:48:17.593017+00:00 mail postfix/postfix-script[38830]: starting the Postfix mail system
2025-11-21T09:48:17.598887+00:00 mail postfix/master[38831]: fatal: chmod socket private/smtpd: Invalid argument
2025-11-21T09:48:23.669820+00:00 mail postfix/postfix-script[38909]: starting the Postfix mail system
2025-11-21T09:48:23.675413+00:00 mail postfix/master[38910]: fatal: chmod socket private/smtpd: Invalid argument
2025-11-21T09:48:29.755331+00:00 mail postfix/postfix-script[38988]: starting the Postfix mail system
2025-11-21T09:48:29.762036+00:00 mail postfix/master[38989]: fatal: chmod socket private/smtpd: Invalid argument
2025-11-21T09:48:35.857287+00:00 mail postfix/postfix-script[39067]: starting the Postfix mail system
2025-11-21T09:48:35.862325+00:00 mail postfix/master[39068]: fatal: chmod socket private/smtpd: Invalid argument
2025-11-21T09:48:41.916278+00:00 mail postfix/postfix-script[39146]: starting the Postfix mail system
2025-11-21T09:48:41.921445+00:00 mail postfix/master[39147]: fatal: chmod socket private/smtpd: Invalid argument
2025-11-21T09:48:48.000415+00:00 mail postfix/postfix-script[39225]: starting the Postfix mail system
2025-11-21T09:48:48.006228+00:00 mail postfix/master[39226]: fatal: chmod socket private/smtpd: Invalid argument
2025-11-21T09:48:54.076754+00:00 mail postfix/postfix-script[39304]: starting the Postfix mail system
2025-11-21T09:48:54.082597+00:00 mail postfix/master[39305]: fatal: chmod socket private/smtpd: Invalid argument
2025-11-21T09:49:00.180418+00:00 mail postfix/postfix-script[39383]: starting the Postfix mail system
2025-11-21T09:49:00.186704+00:00 mail postfix/master[39384]: fatal: chmod socket private/smtpd: Invalid argument
2025-11-21T09:49:06.268997+00:00 mail postfix/postfix-script[39462]: starting the Postfix mail system
2025-11-21T09:49:06.274429+00:00 mail postfix/master[39464]: fatal: chmod socket private/smtpd: Invalid argument
2025-11-21T09:49:12.354330+00:00 mail postfix/postfix-script[39544]: starting the Postfix mail system
2025-11-21T09:49:12.359345+00:00 mail postfix/master[39545]: fatal: chmod socket private/smtpd: Invalid argument
2025-11-21T09:49:18.472158+00:00 mail postfix/postfix-script[39623]: starting the Postfix mail system
2025-11-21T09:49:18.476908+00:00 mail postfix/master[39624]: fatal: chmod socket private/smtpd: Invalid argument
2025-11-21T09:49:24.605147+00:00 mail postfix/postfix-script[39702]: starting the Postfix mail system
2025-11-21T09:49:24.610774+00:00 mail postfix/master[39703]: fatal: chmod socket private/smtpd: Invalid argument
2025-11-21T09:49:30.660509+00:00 mail postfix/postfix-script[39781]: starting the Postfix mail system
2025-11-21T09:49:30.666082+00:00 mail postfix/master[39782]: fatal: chmod socket private/smtpd: Invalid argument
2025-11-21T09:49:36.728983+00:00 mail postfix/postfix-script[39860]: starting the Postfix mail system
2025-11-21T09:49:36.735392+00:00 mail postfix/master[39861]: fatal: chmod socket private/smtpd: Invalid argument
2025-11-21T09:49:44.661010+00:00 mail postfix/postfix-script[39939]: starting the Postfix mail system
2025-11-21T09:49:44.666083+00:00 mail postfix/master[39940]: fatal: chmod socket private/smtpd: Invalid argument
2025-11-21T09:49:50.799378+00:00 mail postfix/postfix-script[40018]: starting the Postfix mail system
2025-11-21T09:49:50.807435+00:00 mail postfix/master[40019]: fatal: chmod socket private/smtpd: Invalid argument
2025-11-21T09:49:56.869672+00:00 mail postfix/postfix-script[40097]: starting the Postfix mail system
2025-11-21T09:49:56.877045+00:00 mail postfix/master[40098]: fatal: chmod socket private/smtpd: Invalid argument
2025-11-21T09:50:02.954991+00:00 mail postfix/postfix-script[40176]: starting the Postfix mail system
2025-11-21T09:50:02.962048+00:00 mail postfix/master[40177]: fatal: chmod socket private/smtpd: Invalid argument
2025-11-21T09:50:09.039471+00:00 mail postfix/postfix-script[40255]: starting the Postfix mail system
2025-11-21T09:50:09.046533+00:00 mail postfix/master[40256]: fatal: chmod socket private/smtpd: Invalid argument
2025-11-21T09:50:15.055740+00:00 mail postfix/postfix-script[40334]: starting the Postfix mail system
2025-11-21T09:50:15.061263+00:00 mail postfix/master[40335]: fatal: chmod socket private/smtpd: Invalid argument
2025-11-21T09:50:21.157208+00:00 mail postfix/postfix-script[40413]: starting the Postfix mail system
2025-11-21T09:50:21.162123+00:00 mail postfix/master[40414]: fatal: chmod socket private/smtpd: Invalid argument
2025-11-21T09:50:27.247673+00:00 mail postfix/postfix-script[40492]: starting the Postfix mail system
2025-11-21T09:50:27.252920+00:00 mail postfix/master[40493]: fatal: chmod socket private/smtpd: Invalid argument
2025-11-21T09:50:33.334352+00:00 mail postfix/postfix-script[40571]: starting the Postfix mail system
2025-11-21T09:50:33.342743+00:00 mail postfix/master[40572]: fatal: chmod socket private/smtpd: Invalid argument
2025-11-21T09:50:39.457953+00:00 mail postfix/postfix-script[40650]: starting the Postfix mail system
2025-11-21T09:50:39.463970+00:00 mail postfix/master[40651]: fatal: chmod socket private/smtpd: Invalid argument
2025-11-21T09:50:45.506824+00:00 mail postfix/postfix-script[40729]: starting the Postfix mail system
2025-11-21T09:50:45.513331+00:00 mail postfix/master[40730]: fatal: chmod socket private/smtpd: Invalid argument
2025-11-21T09:50:51.601699+00:00 mail postfix/postfix-script[40808]: starting the Postfix mail system
2025-11-21T09:50:51.606665+00:00 mail postfix/master[40809]: fatal: chmod socket private/smtpd: Invalid argument
2025-11-21T09:50:57.678782+00:00 mail postfix/postfix-script[40887]: starting the Postfix mail system
2025-11-21T09:50:57.683898+00:00 mail postfix/master[40888]: fatal: chmod socket private/smtpd: Invalid argument
2025-11-21T09:51:03.770189+00:00 mail postfix/postfix-script[40966]: starting the Postfix mail system
2025-11-21T09:51:03.776697+00:00 mail postfix/master[40967]: fatal: chmod socket private/smtpd: Invalid argument
2025-11-21T09:51:09.842482+00:00 mail postfix/postfix-script[41048]: starting the Postfix mail system
2025-11-21T09:51:09.850786+00:00 mail postfix/master[41049]: fatal: chmod socket private/smtpd: Invalid argument
2025-11-21T09:51:15.957957+00:00 mail postfix/postfix-script[41127]: starting the Postfix mail system
2025-11-21T09:51:15.962792+00:00 mail postfix/master[41128]: fatal: chmod socket private/smtpd: Invalid argument
2025-11-21T09:51:22.016183+00:00 mail postfix/postfix-script[41206]: starting the Postfix mail system
2025-11-21T09:51:22.022685+00:00 mail postfix/master[41207]: fatal: chmod socket private/smtpd: Invalid argument
2025-11-21T09:51:28.138205+00:00 mail postfix/postfix-script[41285]: starting the Postfix mail system
2025-11-21T09:51:28.147269+00:00 mail postfix/master[41286]: fatal: chmod socket private/smtpd: Invalid argument
2025-11-21T09:51:34.179511+00:00 mail postfix/postfix-script[41364]: starting the Postfix mail system
2025-11-21T09:51:34.185087+00:00 mail postfix/master[41365]: fatal: chmod socket private/smtpd: Invalid argument
2025-11-21T09:51:40.263864+00:00 mail postfix/postfix-script[41443]: starting the Postfix mail system
2025-11-21T09:51:40.269356+00:00 mail postfix/master[41444]: fatal: chmod socket private/smtpd: Invalid argument
2025-11-21T09:51:46.492511+00:00 mail postfix/postfix-script[41519]: starting the Postfix mail system
2025-11-21T09:51:46.502770+00:00 mail postfix/master[41520]: fatal: chmod socket private/smtpd: Invalid argument
2025-11-21T09:51:52.537194+00:00 mail postfix/postfix-script[41598]: starting the Postfix mail system
2025-11-21T09:51:52.543264+00:00 mail postfix/master[41599]: fatal: chmod socket private/smtpd: Invalid argument
2025-11-21T09:51:58.606280+00:00 mail postfix/postfix-script[41677]: starting the Postfix mail system
2025-11-21T09:51:58.612898+00:00 mail postfix/master[41678]: fatal: chmod socket private/smtpd: Invalid argument
2025-11-21T09:52:04.703128+00:00 mail postfix/postfix-script[41756]: starting the Postfix mail system
2025-11-21T09:52:04.711421+00:00 mail postfix/master[41757]: fatal: chmod socket private/smtpd: Invalid argument
2025-11-21T09:52:10.785537+00:00 mail postfix/postfix-script[41835]: starting the Postfix mail system
2025-11-21T09:52:10.793833+00:00 mail postfix/master[41836]: fatal: chmod socket private/smtpd: Invalid argument
2025-11-21T09:52:16.795693+00:00 mail postfix/postfix-script[41914]: starting the Postfix mail system
2025-11-21T09:52:16.801320+00:00 mail postfix/master[41915]: fatal: chmod socket private/smtpd: Invalid argument
2025-11-21T09:52:22.921326+00:00 mail postfix/postfix-script[41993]: starting the Postfix mail system
2025-11-21T09:52:22.927626+00:00 mail postfix/master[41994]: fatal: chmod socket private/smtpd: Invalid argument
2025-11-21T09:52:28.999257+00:00 mail postfix/postfix-script[42072]: starting the Postfix mail system
2025-11-21T09:52:29.005023+00:00 mail postfix/master[42073]: fatal: chmod socket private/smtpd: Invalid argument
2025-11-21T09:52:35.102304+00:00 mail postfix/postfix-script[42151]: starting the Postfix mail system
2025-11-21T09:52:35.107473+00:00 mail postfix/master[42152]: fatal: chmod socket private/smtpd: Invalid argument
2025-11-21T09:52:41.164202+00:00 mail postfix/postfix-script[42230]: starting the Postfix mail system
2025-11-21T09:52:41.169178+00:00 mail postfix/master[42231]: fatal: chmod socket private/smtpd: Invalid argument
2025-11-21T09:52:47.246378+00:00 mail postfix/postfix-script[42309]: starting the Postfix mail system
2025-11-21T09:52:47.252154+00:00 mail postfix/master[42310]: fatal: chmod socket private/smtpd: Invalid argument
2025-11-21T09:52:53.467391+00:00 mail postfix/postfix-script[42388]: starting the Postfix mail system
2025-11-21T09:52:53.473393+00:00 mail postfix/master[42389]: fatal: chmod socket private/smtpd: Invalid argument
2025-11-21T09:52:59.551809+00:00 mail postfix/postfix-script[42467]: starting the Postfix mail system
2025-11-21T09:52:59.556883+00:00 mail postfix/master[42468]: fatal: chmod socket private/smtpd: Invalid argument
2025-11-21T09:53:05.621875+00:00 mail postfix/postfix-script[42546]: starting the Postfix mail system
2025-11-21T09:53:05.628580+00:00 mail postfix/master[42547]: fatal: chmod socket private/smtpd: Invalid argument
2025-11-21T09:53:11.728305+00:00 mail postfix/postfix-script[42625]: starting the Postfix mail system
2025-11-21T09:53:11.735083+00:00 mail postfix/master[42626]: fatal: chmod socket private/smtpd: Invalid argument
2025-11-21T09:53:17.806982+00:00 mail postfix/postfix-script[42704]: starting the Postfix mail system
2025-11-21T09:53:17.812669+00:00 mail postfix/master[42705]: fatal: chmod socket private/smtpd: Invalid argument
2025-11-21T09:53:23.936718+00:00 mail postfix/postfix-script[42783]: starting the Postfix mail system
2025-11-21T09:53:23.944513+00:00 mail postfix/master[42784]: fatal: chmod socket private/smtpd: Invalid argument
2025-11-21T09:53:29.957170+00:00 mail postfix/postfix-script[42862]: starting the Postfix mail system
2025-11-21T09:53:29.962345+00:00 mail postfix/master[42863]: fatal: chmod socket private/smtpd: Invalid argument
2025-11-21T09:53:36.070613+00:00 mail postfix/postfix-script[42941]: starting the Postfix mail system
2025-11-21T09:53:36.076127+00:00 mail postfix/master[42942]: fatal: chmod socket private/smtpd: Invalid argument
2025-11-21T09:53:44.359738+00:00 mail postfix/postfix-script[43023]: starting the Postfix mail system
2025-11-21T09:53:44.377482+00:00 mail postfix/master[43024]: fatal: chmod socket private/smtpd: Invalid argument
2025-11-21T09:53:48.308576+00:00 mail postfix/postfix-script[43099]: starting the Postfix mail system
2025-11-21T09:53:48.315715+00:00 mail postfix/master[43100]: fatal: chmod socket private/smtpd: Invalid argument
2025-11-21T09:53:54.355718+00:00 mail postfix/postfix-script[43178]: starting the Postfix mail system
2025-11-21T09:53:54.364077+00:00 mail postfix/master[43179]: fatal: chmod socket private/smtpd: Invalid argument
2025-11-21T09:54:00.448980+00:00 mail postfix/postfix-script[43257]: starting the Postfix mail system
2025-11-21T09:54:00.455809+00:00 mail postfix/master[43258]: fatal: chmod socket private/smtpd: Invalid argument
2025-11-21T09:54:06.543891+00:00 mail postfix/postfix-script[43336]: starting the Postfix mail system
2025-11-21T09:54:06.550088+00:00 mail postfix/master[43337]: fatal: chmod socket private/smtpd: Invalid argument
2025-11-21T09:54:12.660537+00:00 mail postfix/postfix-script[43415]: starting the Postfix mail system
2025-11-21T09:54:12.667478+00:00 mail postfix/master[43416]: fatal: chmod socket private/smtpd: Invalid argument
2025-11-21T09:54:18.637262+00:00 mail postfix/postfix-script[43494]: starting the Postfix mail system
2025-11-21T09:54:18.642449+00:00 mail postfix/master[43495]: fatal: chmod socket private/smtpd: Invalid argument
2025-11-21T09:54:24.723005+00:00 mail postfix/postfix-script[43573]: starting the Postfix mail system
2025-11-21T09:54:24.728167+00:00 mail postfix/master[43574]: fatal: chmod socket private/smtpd: Invalid argument
2025-11-21T09:54:31.072442+00:00 mail postfix/postfix-script[43652]: starting the Postfix mail system
2025-11-21T09:54:31.078836+00:00 mail postfix/master[43653]: fatal: chmod socket private/smtpd: Invalid argument
2025-11-21T09:54:37.033709+00:00 mail postfix/postfix-script[43731]: starting the Postfix mail system
2025-11-21T09:54:37.039219+00:00 mail postfix/master[43732]: fatal: chmod socket private/smtpd: Invalid argument
2025-11-21T09:54:43.442406+00:00 mail postfix/postfix-script[43810]: starting the Postfix mail system
2025-11-21T09:54:43.447827+00:00 mail postfix/master[43811]: fatal: chmod socket private/smtpd: Invalid argument
2025-11-21T09:54:49.643772+00:00 mail postfix/postfix-script[43889]: starting the Postfix mail system
2025-11-21T09:54:49.649107+00:00 mail postfix/master[43890]: fatal: chmod socket private/smtpd: Invalid argument
2025-11-21T09:54:55.630268+00:00 mail postfix/postfix-script[43968]: starting the Postfix mail system
2025-11-21T09:54:55.638062+00:00 mail postfix/master[43969]: fatal: chmod socket private/smtpd: Invalid argument
2025-11-21T09:55:01.751738+00:00 mail postfix/postfix-script[44047]: starting the Postfix mail system
2025-11-21T09:55:01.757080+00:00 mail postfix/master[44048]: fatal: chmod socket private/smtpd: Invalid argument
2025-11-21T09:55:07.843135+00:00 mail postfix/postfix-script[44126]: starting the Postfix mail system
2025-11-21T09:55:07.848205+00:00 mail postfix/master[44127]: fatal: chmod socket private/smtpd: Invalid argument
2025-11-21T09:55:13.851682+00:00 mail postfix/postfix-script[44205]: starting the Postfix mail system
2025-11-21T09:55:13.857190+00:00 mail postfix/master[44206]: fatal: chmod socket private/smtpd: Invalid argument
2025-11-21T09:55:19.936865+00:00 mail postfix/postfix-script[44284]: starting the Postfix mail system
2025-11-21T09:55:19.945512+00:00 mail postfix/master[44285]: fatal: chmod socket private/smtpd: Invalid argument
2025-11-21T09:55:26.112532+00:00 mail postfix/postfix-script[44363]: starting the Postfix mail system
2025-11-21T09:55:26.119687+00:00 mail postfix/master[44364]: fatal: chmod socket private/smtpd: Invalid argument
2025-11-21T09:55:32.055947+00:00 mail postfix/postfix-script[44442]: starting the Postfix mail system
2025-11-21T09:55:32.061639+00:00 mail postfix/master[44443]: fatal: chmod socket private/smtpd: Invalid argument
2025-11-21T09:55:38.150213+00:00 mail postfix/postfix-script[44521]: starting the Postfix mail system
2025-11-21T09:55:38.155270+00:00 mail postfix/master[44522]: fatal: chmod socket private/smtpd: Invalid argument
2025-11-21T09:55:46.177540+00:00 mail postfix/postfix-script[44603]: starting the Postfix mail system
2025-11-21T09:55:46.183702+00:00 mail postfix/master[44604]: fatal: chmod socket private/smtpd: Invalid argument
2025-11-21T09:55:51.893083+00:00 mail postfix/postfix-script[44682]: starting the Postfix mail system
2025-11-21T09:55:51.900873+00:00 mail postfix/master[44683]: fatal: chmod socket private/smtpd: Invalid argument
2025-11-21T09:55:57.978257+00:00 mail postfix/postfix-script[44761]: starting the Postfix mail system
2025-11-21T09:55:57.985022+00:00 mail postfix/master[44762]: fatal: chmod socket private/smtpd: Invalid argument
2025-11-21T09:56:04.112809+00:00 mail postfix/postfix-script[44840]: starting the Postfix mail system
2025-11-21T09:56:04.118707+00:00 mail postfix/master[44841]: fatal: chmod socket private/smtpd: Invalid argument
2025-11-21T09:56:10.187875+00:00 mail postfix/postfix-script[44919]: starting the Postfix mail system
2025-11-21T09:56:10.194885+00:00 mail postfix/master[44920]: fatal: chmod socket private/smtpd: Invalid argument
2025-11-21T09:56:16.267480+00:00 mail postfix/postfix-script[44998]: starting the Postfix mail system
2025-11-21T09:56:16.273197+00:00 mail postfix/master[44999]: fatal: chmod socket private/smtpd: Invalid argument
2025-11-21T09:56:22.273147+00:00 mail postfix/postfix-script[45077]: starting the Postfix mail system
2025-11-21T09:56:22.278676+00:00 mail postfix/master[45078]: fatal: chmod socket private/smtpd: Invalid argument
2025-11-21T09:56:28.679865+00:00 mail postfix/postfix-script[45156]: starting the Postfix mail system
2025-11-21T09:56:28.686691+00:00 mail postfix/master[45157]: fatal: chmod socket private/smtpd: Invalid argument
2025-11-21T09:56:34.588630+00:00 mail postfix/postfix-script[45235]: starting the Postfix mail system
2025-11-21T09:56:34.596121+00:00 mail postfix/master[45236]: fatal: chmod socket private/smtpd: Invalid argument
2025-11-21T09:56:40.692185+00:00 mail postfix/postfix-script[45314]: starting the Postfix mail system
2025-11-21T09:56:40.697631+00:00 mail postfix/master[45315]: fatal: chmod socket private/smtpd: Invalid argument
2025-11-21T09:56:46.796625+00:00 mail postfix/postfix-script[45393]: starting the Postfix mail system
2025-11-21T09:56:46.802282+00:00 mail postfix/master[45394]: fatal: chmod socket private/smtpd: Invalid argument
2025-11-21T09:56:52.873877+00:00 mail postfix/postfix-script[45472]: starting the Postfix mail system
2025-11-21T09:56:52.879669+00:00 mail postfix/master[45473]: fatal: chmod socket private/smtpd: Invalid argument
2025-11-21T09:56:58.957404+00:00 mail postfix/postfix-script[45551]: starting the Postfix mail system
2025-11-21T09:56:58.963383+00:00 mail postfix/master[45552]: fatal: chmod socket private/smtpd: Invalid argument
2025-11-21T09:57:05.037409+00:00 mail postfix/postfix-script[45630]: starting the Postfix mail system
2025-11-21T09:57:05.044896+00:00 mail postfix/master[45631]: fatal: chmod socket private/smtpd: Invalid argument
2025-11-21T09:57:11.138972+00:00 mail postfix/postfix-script[45709]: starting the Postfix mail system
2025-11-21T09:57:11.145288+00:00 mail postfix/master[45710]: fatal: chmod socket private/smtpd: Invalid argument
2025-11-21T09:57:17.209768+00:00 mail postfix/postfix-script[45788]: starting the Postfix mail system
2025-11-21T09:57:17.215235+00:00 mail postfix/master[45789]: fatal: chmod socket private/smtpd: Invalid argument
2025-11-21T09:57:23.322777+00:00 mail postfix/postfix-script[45867]: starting the Postfix mail system
2025-11-21T09:57:23.329142+00:00 mail postfix/master[45868]: fatal: chmod socket private/smtpd: Invalid argument
2025-11-21T09:57:29.374895+00:00 mail postfix/postfix-script[45946]: starting the Postfix mail system
2025-11-21T09:57:29.380444+00:00 mail postfix/master[45947]: fatal: chmod socket private/smtpd: Invalid argument
2025-11-21T09:57:35.509002+00:00 mail postfix/postfix-script[46025]: starting the Postfix mail system
2025-11-21T09:57:35.514749+00:00 mail postfix/master[46026]: fatal: chmod socket private/smtpd: Invalid argument
2025-11-21T09:57:41.559810+00:00 mail postfix/postfix-script[46104]: starting the Postfix mail system
2025-11-21T09:57:41.564806+00:00 mail postfix/master[46105]: fatal: chmod socket private/smtpd: Invalid argument
2025-11-21T09:57:47.681956+00:00 mail postfix/postfix-script[46183]: starting the Postfix mail system
2025-11-21T09:57:47.689633+00:00 mail postfix/master[46184]: fatal: chmod socket private/smtpd: Invalid argument
2025-11-21T09:57:53.777289+00:00 mail postfix/postfix-script[46262]: starting the Postfix mail system
2025-11-21T09:57:53.782372+00:00 mail postfix/master[46263]: fatal: chmod socket private/smtpd: Invalid argument
2025-11-21T09:57:59.843734+00:00 mail postfix/postfix-script[46341]: starting the Postfix mail system
2025-11-21T09:57:59.848812+00:00 mail postfix/master[46342]: fatal: chmod socket private/smtpd: Invalid argument
2025-11-21T09:58:05.956727+00:00 mail postfix/postfix-script[46420]: starting the Postfix mail system
2025-11-21T09:58:05.963778+00:00 mail postfix/master[46421]: fatal: chmod socket private/smtpd: Invalid argument
2025-11-21T09:58:12.021010+00:00 mail postfix/postfix-script[46499]: starting the Postfix mail system
2025-11-21T09:58:12.027569+00:00 mail postfix/master[46500]: fatal: chmod socket private/smtpd: Invalid argument
2025-11-21T09:58:18.100460+00:00 mail postfix/postfix-script[46578]: starting the Postfix mail system
2025-11-21T09:58:18.105986+00:00 mail postfix/master[46579]: fatal: chmod socket private/smtpd: Invalid argument
2025-11-21T09:58:24.156554+00:00 mail postfix/postfix-script[46657]: starting the Postfix mail system
2025-11-21T09:58:24.161416+00:00 mail postfix/master[46658]: fatal: chmod socket private/smtpd: Invalid argument
2025-11-21T09:58:30.252433+00:00 mail postfix/postfix-script[46736]: starting the Postfix mail system
2025-11-21T09:58:30.257285+00:00 mail postfix/master[46737]: fatal: chmod socket private/smtpd: Invalid argument
2025-11-21T09:58:36.334423+00:00 mail postfix/postfix-script[46815]: starting the Postfix mail system
2025-11-21T09:58:36.339406+00:00 mail postfix/master[46816]: fatal: chmod socket private/smtpd: Invalid argument
2025-11-21T09:58:42.425998+00:00 mail postfix/postfix-script[46894]: starting the Postfix mail system
2025-11-21T09:58:42.431651+00:00 mail postfix/master[46895]: fatal: chmod socket private/smtpd: Invalid argument
2025-11-21T09:58:48.503087+00:00 mail postfix/postfix-script[46973]: starting the Postfix mail system
2025-11-21T09:58:48.508090+00:00 mail postfix/master[46974]: fatal: chmod socket private/smtpd: Invalid argument
2025-11-21T09:58:54.597473+00:00 mail postfix/postfix-script[47052]: starting the Postfix mail system
2025-11-21T09:58:54.602397+00:00 mail postfix/master[47053]: fatal: chmod socket private/smtpd: Invalid argument
2025-11-21T09:59:00.677011+00:00 mail postfix/postfix-script[47131]: starting the Postfix mail system
2025-11-21T09:59:00.683536+00:00 mail postfix/master[47132]: fatal: chmod socket private/smtpd: Invalid argument
2025-11-21T09:59:06.776496+00:00 mail postfix/postfix-script[47210]: starting the Postfix mail system
2025-11-21T09:59:06.782103+00:00 mail postfix/master[47211]: fatal: chmod socket private/smtpd: Invalid argument
2025-11-21T09:59:12.845210+00:00 mail postfix/postfix-script[47289]: starting the Postfix mail system
2025-11-21T09:59:12.850834+00:00 mail postfix/master[47290]: fatal: chmod socket private/smtpd: Invalid argument
2025-11-21T09:59:18.941691+00:00 mail postfix/postfix-script[47368]: starting the Postfix mail system
2025-11-21T09:59:18.947818+00:00 mail postfix/master[47369]: fatal: chmod socket private/smtpd: Invalid argument
2025-11-21T09:59:25.023624+00:00 mail postfix/postfix-script[47447]: starting the Postfix mail system
2025-11-21T09:59:25.031027+00:00 mail postfix/master[47448]: fatal: chmod socket private/smtpd: Invalid argument
2025-11-21T09:59:31.100450+00:00 mail postfix/postfix-script[47526]: starting the Postfix mail system
2025-11-21T09:59:31.105845+00:00 mail postfix/master[47527]: fatal: chmod socket private/smtpd: Invalid argument
2025-11-21T09:59:37.192577+00:00 mail postfix/postfix-script[47605]: starting the Postfix mail system
2025-11-21T09:59:37.197351+00:00 mail postfix/master[47606]: fatal: chmod socket private/smtpd: Invalid argument
2025-11-21T09:59:44.446690+00:00 mail postfix/postfix-script[47687]: starting the Postfix mail system
2025-11-21T09:59:44.500891+00:00 mail postfix/master[47688]: fatal: chmod socket private/smtpd: Invalid argument
2025-11-21T09:59:50.608843+00:00 mail postfix/postfix-script[47766]: starting the Postfix mail system
2025-11-21T09:59:50.616351+00:00 mail postfix/master[47767]: fatal: chmod socket private/smtpd: Invalid argument
2025-11-21T09:59:56.679020+00:00 mail postfix/postfix-script[47845]: starting the Postfix mail system
2025-11-21T09:59:56.686803+00:00 mail postfix/master[47846]: fatal: chmod socket private/smtpd: Invalid argument
2025-11-21T10:00:02.754410+00:00 mail postfix/postfix-script[47924]: starting the Postfix mail system
2025-11-21T10:00:02.760334+00:00 mail postfix/master[47925]: fatal: chmod socket private/smtpd: Invalid argument
2025-11-21T10:00:08.855941+00:00 mail postfix/postfix-script[48003]: starting the Postfix mail system
2025-11-21T10:00:08.861636+00:00 mail postfix/master[48004]: fatal: chmod socket private/smtpd: Invalid argument
2025-11-21T10:00:14.932157+00:00 mail postfix/postfix-script[48082]: starting the Postfix mail system
2025-11-21T10:00:14.939285+00:00 mail postfix/master[48083]: fatal: chmod socket private/smtpd: Invalid argument
2025-11-21T10:00:20.966193+00:00 mail postfix/postfix-script[48161]: starting the Postfix mail system
2025-11-21T10:00:20.972745+00:00 mail postfix/master[48162]: fatal: chmod socket private/smtpd: Invalid argument
2025-11-21T10:00:27.096206+00:00 mail postfix/postfix-script[48240]: starting the Postfix mail system
2025-11-21T10:00:27.101363+00:00 mail postfix/master[48241]: fatal: chmod socket private/smtpd: Invalid argument
2025-11-21T10:00:33.162847+00:00 mail postfix/postfix-script[48319]: starting the Postfix mail system
2025-11-21T10:00:33.170189+00:00 mail postfix/master[48320]: fatal: chmod socket private/smtpd: Invalid argument
2025-11-21T10:00:39.247038+00:00 mail postfix/postfix-script[48398]: starting the Postfix mail system
2025-11-21T10:00:39.253522+00:00 mail postfix/master[48399]: fatal: chmod socket private/smtpd: Invalid argument
2025-11-21T10:00:45.343486+00:00 mail postfix/postfix-script[48477]: starting the Postfix mail system
2025-11-21T10:00:45.349225+00:00 mail postfix/master[48478]: fatal: chmod socket private/smtpd: Invalid argument
2025-11-21T10:00:51.416757+00:00 mail postfix/postfix-script[48556]: starting the Postfix mail system
2025-11-21T10:00:51.423129+00:00 mail postfix/master[48557]: fatal: chmod socket private/smtpd: Invalid argument
2025-11-21T10:00:57.505631+00:00 mail postfix/postfix-script[48635]: starting the Postfix mail system
2025-11-21T10:00:57.510934+00:00 mail postfix/master[48636]: fatal: chmod socket private/smtpd: Invalid argument
2025-11-21T10:01:03.586806+00:00 mail postfix/postfix-script[48714]: starting the Postfix mail system
2025-11-21T10:01:03.591855+00:00 mail postfix/master[48715]: fatal: chmod socket private/smtpd: Invalid argument
2025-11-21T10:01:09.672133+00:00 mail postfix/postfix-script[48793]: starting the Postfix mail system
2025-11-21T10:01:09.680129+00:00 mail postfix/master[48794]: fatal: chmod socket private/smtpd: Invalid argument
2025-11-21T10:01:15.746890+00:00 mail postfix/postfix-script[48872]: starting the Postfix mail system
2025-11-21T10:01:15.751814+00:00 mail postfix/master[48873]: fatal: chmod socket private/smtpd: Invalid argument
2025-11-21T10:01:21.844698+00:00 mail postfix/postfix-script[48951]: starting the Postfix mail system
2025-11-21T10:01:21.850000+00:00 mail postfix/master[48952]: fatal: chmod socket private/smtpd: Invalid argument
2025-11-21T10:01:28.088063+00:00 mail postfix/postfix-script[49030]: starting the Postfix mail system
2025-11-21T10:01:28.092899+00:00 mail postfix/master[49031]: fatal: chmod socket private/smtpd: Invalid argument
2025-11-21T10:01:34.134630+00:00 mail postfix/postfix-script[49109]: starting the Postfix mail system
2025-11-21T10:01:34.139644+00:00 mail postfix/master[49110]: fatal: chmod socket private/smtpd: Invalid argument
2025-11-21T10:01:40.210948+00:00 mail postfix/postfix-script[49188]: starting the Postfix mail system
2025-11-21T10:01:40.215967+00:00 mail postfix/master[49189]: fatal: chmod socket private/smtpd: Invalid argument
2025-11-21T10:01:46.485774+00:00 mail postfix/postfix-script[49264]: starting the Postfix mail system
2025-11-21T10:01:46.491987+00:00 mail postfix/master[49265]: fatal: chmod socket private/smtpd: Invalid argument
2025-11-21T10:01:52.452028+00:00 mail postfix/postfix-script[49343]: starting the Postfix mail system
2025-11-21T10:01:52.460703+00:00 mail postfix/master[49344]: fatal: chmod socket private/smtpd: Invalid argument
2025-11-21T10:01:58.516259+00:00 mail postfix/postfix-script[49422]: starting the Postfix mail system
2025-11-21T10:01:58.522189+00:00 mail postfix/master[49423]: fatal: chmod socket private/smtpd: Invalid argument
2025-11-21T10:02:04.605744+00:00 mail postfix/postfix-script[49501]: starting the Postfix mail system
2025-11-21T10:02:04.611991+00:00 mail postfix/master[49502]: fatal: chmod socket private/smtpd: Invalid argument
2025-11-21T10:02:10.691021+00:00 mail postfix/postfix-script[49580]: starting the Postfix mail system
2025-11-21T10:02:10.697077+00:00 mail postfix/master[49581]: fatal: chmod socket private/smtpd: Invalid argument
2025-11-21T10:02:16.724407+00:00 mail postfix/postfix-script[49659]: starting the Postfix mail system
2025-11-21T10:02:16.729484+00:00 mail postfix/master[49660]: fatal: chmod socket private/smtpd: Invalid argument
2025-11-21T10:02:22.810485+00:00 mail postfix/postfix-script[49738]: starting the Postfix mail system
2025-11-21T10:02:22.815986+00:00 mail postfix/master[49739]: fatal: chmod socket private/smtpd: Invalid argument
2025-11-21T10:02:28.915221+00:00 mail postfix/postfix-script[49817]: starting the Postfix mail system
2025-11-21T10:02:28.921194+00:00 mail postfix/master[49818]: fatal: chmod socket private/smtpd: Invalid argument
2025-11-21T10:02:34.980248+00:00 mail postfix/postfix-script[49896]: starting the Postfix mail system
2025-11-21T10:02:34.986075+00:00 mail postfix/master[49899]: fatal: chmod socket private/smtpd: Invalid argument
2025-11-21T10:02:41.068887+00:00 mail postfix/postfix-script[49978]: starting the Postfix mail system
2025-11-21T10:02:41.074777+00:00 mail postfix/master[49979]: fatal: chmod socket private/smtpd: Invalid argument
2025-11-21T10:02:47.161565+00:00 mail postfix/postfix-script[50057]: starting the Postfix mail system
2025-11-21T10:02:47.167458+00:00 mail postfix/master[50058]: fatal: chmod socket private/smtpd: Invalid argument
2025-11-21T10:02:53.261120+00:00 mail postfix/postfix-script[50136]: starting the Postfix mail system
2025-11-21T10:02:53.266809+00:00 mail postfix/master[50137]: fatal: chmod socket private/smtpd: Invalid argument
2025-11-21T10:02:59.338602+00:00 mail postfix/postfix-script[50215]: starting the Postfix mail system
2025-11-21T10:02:59.346254+00:00 mail postfix/master[50216]: fatal: chmod socket private/smtpd: Invalid argument
2025-11-21T10:03:05.430412+00:00 mail postfix/postfix-script[50294]: starting the Postfix mail system
2025-11-21T10:03:05.436482+00:00 mail postfix/master[50295]: fatal: chmod socket private/smtpd: Invalid argument
2025-11-21T10:03:11.498756+00:00 mail postfix/postfix-script[50373]: starting the Postfix mail system
2025-11-21T10:03:11.504667+00:00 mail postfix/master[50374]: fatal: chmod socket private/smtpd: Invalid argument
2025-11-21T10:03:17.586032+00:00 mail postfix/postfix-script[50452]: starting the Postfix mail system
2025-11-21T10:03:17.593147+00:00 mail postfix/master[50453]: fatal: chmod socket private/smtpd: Invalid argument
2025-11-21T10:03:23.671726+00:00 mail postfix/postfix-script[50531]: starting the Postfix mail system
2025-11-21T10:03:23.677889+00:00 mail postfix/master[50532]: fatal: chmod socket private/smtpd: Invalid argument
2025-11-21T10:03:29.779657+00:00 mail postfix/postfix-script[50610]: starting the Postfix mail system
2025-11-21T10:03:29.784600+00:00 mail postfix/master[50611]: fatal: chmod socket private/smtpd: Invalid argument
2025-11-21T10:03:35.847032+00:00 mail postfix/postfix-script[50689]: starting the Postfix mail system
2025-11-21T10:03:35.852321+00:00 mail postfix/master[50690]: fatal: chmod socket private/smtpd: Invalid argument
2025-11-21T10:03:41.931073+00:00 mail postfix/postfix-script[50768]: starting the Postfix mail system
2025-11-21T10:03:41.936283+00:00 mail postfix/master[50769]: fatal: chmod socket private/smtpd: Invalid argument
2025-11-21T10:03:48.075657+00:00 mail postfix/postfix-script[50844]: starting the Postfix mail system
2025-11-21T10:03:48.081810+00:00 mail postfix/master[50845]: fatal: chmod socket private/smtpd: Invalid argument
2025-11-21T10:03:54.158081+00:00 mail postfix/postfix-script[50923]: starting the Postfix mail system
2025-11-21T10:03:54.164565+00:00 mail postfix/master[50924]: fatal: chmod socket private/smtpd: Invalid argument
2025-11-21T10:04:00.247660+00:00 mail postfix/postfix-script[51002]: starting the Postfix mail system
2025-11-21T10:04:00.254991+00:00 mail postfix/master[51003]: fatal: chmod socket private/smtpd: Invalid argument
2025-11-21T10:04:06.336950+00:00 mail postfix/postfix-script[51081]: starting the Postfix mail system
2025-11-21T10:04:06.343701+00:00 mail postfix/master[51082]: fatal: chmod socket private/smtpd: Invalid argument
2025-11-21T10:04:12.460016+00:00 mail postfix/postfix-script[51160]: starting the Postfix mail system
2025-11-21T10:04:12.466516+00:00 mail postfix/master[51161]: fatal: chmod socket private/smtpd: Invalid argument
2025-11-21T10:04:18.480769+00:00 mail postfix/postfix-script[51239]: starting the Postfix mail system
2025-11-21T10:04:18.486242+00:00 mail postfix/master[51240]: fatal: chmod socket private/smtpd: Invalid argument
2025-11-21T10:04:24.601235+00:00 mail postfix/postfix-script[51318]: starting the Postfix mail system
2025-11-21T10:04:24.607131+00:00 mail postfix/master[51319]: fatal: chmod socket private/smtpd: Invalid argument
2025-11-21T10:04:30.665552+00:00 mail postfix/postfix-script[51397]: starting the Postfix mail system
2025-11-21T10:04:30.670641+00:00 mail postfix/master[51398]: fatal: chmod socket private/smtpd: Invalid argument
2025-11-21T10:04:36.759149+00:00 mail postfix/postfix-script[51476]: starting the Postfix mail system
2025-11-21T10:04:36.764052+00:00 mail postfix/master[51477]: fatal: chmod socket private/smtpd: Invalid argument
2025-11-21T10:04:42.834803+00:00 mail postfix/postfix-script[51555]: starting the Postfix mail system
2025-11-21T10:04:42.841310+00:00 mail postfix/master[51556]: fatal: chmod socket private/smtpd: Invalid argument
2025-11-21T10:04:48.909564+00:00 mail postfix/postfix-script[51634]: starting the Postfix mail system
2025-11-21T10:04:48.915236+00:00 mail postfix/master[51635]: fatal: chmod socket private/smtpd: Invalid argument
2025-11-21T10:04:55.014251+00:00 mail postfix/postfix-script[51713]: starting the Postfix mail system
2025-11-21T10:04:55.019387+00:00 mail postfix/master[51714]: fatal: chmod socket private/smtpd: Invalid argument
2025-11-21T10:05:01.089692+00:00 mail postfix/postfix-script[51792]: starting the Postfix mail system
2025-11-21T10:05:01.097291+00:00 mail postfix/master[51793]: fatal: chmod socket private/smtpd: Invalid argument
2025-11-21T10:05:07.169621+00:00 mail postfix/postfix-script[51871]: starting the Postfix mail system
2025-11-21T10:05:07.174590+00:00 mail postfix/master[51872]: fatal: chmod socket private/smtpd: Invalid argument
2025-11-21T10:05:13.289121+00:00 mail postfix/postfix-script[51950]: starting the Postfix mail system
2025-11-21T10:05:13.297071+00:00 mail postfix/master[51951]: fatal: chmod socket private/smtpd: Invalid argument
2025-11-21T10:05:19.384704+00:00 mail postfix/postfix-script[52029]: starting the Postfix mail system
2025-11-21T10:05:19.392849+00:00 mail postfix/master[52030]: fatal: chmod socket private/smtpd: Invalid argument
2025-11-21T10:05:25.483629+00:00 mail postfix/postfix-script[52108]: starting the Postfix mail system
2025-11-21T10:05:25.490477+00:00 mail postfix/master[52109]: fatal: chmod socket private/smtpd: Invalid argument
2025-11-21T10:05:31.571749+00:00 mail postfix/postfix-script[52187]: starting the Postfix mail system
2025-11-21T10:05:31.576853+00:00 mail postfix/master[52188]: fatal: chmod socket private/smtpd: Invalid argument
2025-11-21T10:05:39.484819+00:00 mail postfix/postfix-script[52269]: starting the Postfix mail system
2025-11-21T10:05:39.495409+00:00 mail postfix/master[52270]: fatal: chmod socket private/smtpd: Invalid argument
2025-11-21T10:05:45.534660+00:00 mail postfix/postfix-script[52348]: starting the Postfix mail system
2025-11-21T10:05:45.542788+00:00 mail postfix/master[52349]: fatal: chmod socket private/smtpd: Invalid argument
2025-11-21T10:05:51.589756+00:00 mail postfix/postfix-script[52427]: starting the Postfix mail system
2025-11-21T10:05:51.596805+00:00 mail postfix/master[52428]: fatal: chmod socket private/smtpd: Invalid argument
2025-11-21T10:05:57.742893+00:00 mail postfix/postfix-script[52506]: starting the Postfix mail system
2025-11-21T10:05:57.749924+00:00 mail postfix/master[52507]: fatal: chmod socket private/smtpd: Invalid argument
2025-11-21T10:06:03.832590+00:00 mail postfix/postfix-script[52585]: starting the Postfix mail system
2025-11-21T10:06:03.841572+00:00 mail postfix/master[52586]: fatal: chmod socket private/smtpd: Invalid argument
2025-11-21T10:06:09.863313+00:00 mail postfix/postfix-script[52664]: starting the Postfix mail system
2025-11-21T10:06:09.868907+00:00 mail postfix/master[52665]: fatal: chmod socket private/smtpd: Invalid argument
2025-11-21T10:06:15.994802+00:00 mail postfix/postfix-script[52743]: starting the Postfix mail system
2025-11-21T10:06:16.003121+00:00 mail postfix/master[52744]: fatal: chmod socket private/smtpd: Invalid argument
2025-11-21T10:06:22.057279+00:00 mail postfix/postfix-script[52822]: starting the Postfix mail system
2025-11-21T10:06:22.064194+00:00 mail postfix/master[52823]: fatal: chmod socket private/smtpd: Invalid argument
2025-11-21T10:06:27.175595+00:00 mail postfix/postfix-script[52901]: starting the Postfix mail system
2025-11-21T10:06:27.181742+00:00 mail postfix/master[52902]: fatal: chmod socket private/smtpd: Invalid argument
2025-11-21T10:06:33.186605+00:00 mail postfix/postfix-script[52980]: starting the Postfix mail system
2025-11-21T10:06:33.194182+00:00 mail postfix/master[52981]: fatal: chmod socket private/smtpd: Invalid argument
2025-11-21T10:06:39.292925+00:00 mail postfix/postfix-script[53059]: starting the Postfix mail system
2025-11-21T10:06:39.300457+00:00 mail postfix/master[53060]: fatal: chmod socket private/smtpd: Invalid argument
2025-11-21T10:06:45.383787+00:00 mail postfix/postfix-script[53138]: starting the Postfix mail system
2025-11-21T10:06:45.389703+00:00 mail postfix/master[53139]: fatal: chmod socket private/smtpd: Invalid argument
2025-11-21T10:06:51.480254+00:00 mail postfix/postfix-script[53217]: starting the Postfix mail system
2025-11-21T10:06:51.485265+00:00 mail postfix/master[53218]: fatal: chmod socket private/smtpd: Invalid argument
2025-11-21T10:06:57.571060+00:00 mail postfix/postfix-script[53296]: starting the Postfix mail system
2025-11-21T10:06:57.577277+00:00 mail postfix/master[53297]: fatal: chmod socket private/smtpd: Invalid argument
2025-11-21T10:07:03.663946+00:00 mail postfix/postfix-script[53375]: starting the Postfix mail system
2025-11-21T10:07:03.671598+00:00 mail postfix/master[53376]: fatal: chmod socket private/smtpd: Invalid argument
2025-11-21T10:07:09.730767+00:00 mail postfix/postfix-script[53454]: starting the Postfix mail system
2025-11-21T10:07:09.736133+00:00 mail postfix/master[53455]: fatal: chmod socket private/smtpd: Invalid argument
2025-11-21T10:07:15.818857+00:00 mail postfix/postfix-script[53533]: starting the Postfix mail system
2025-11-21T10:07:15.823772+00:00 mail postfix/master[53534]: fatal: chmod socket private/smtpd: Invalid argument
2025-11-21T10:07:21.895805+00:00 mail postfix/postfix-script[53612]: starting the Postfix mail system
2025-11-21T10:07:21.902491+00:00 mail postfix/master[53613]: fatal: chmod socket private/smtpd: Invalid argument
2025-11-21T10:07:27.988458+00:00 mail postfix/postfix-script[53691]: starting the Postfix mail system
2025-11-21T10:07:27.995986+00:00 mail postfix/master[53692]: fatal: chmod socket private/smtpd: Invalid argument
2025-11-21T10:07:34.078275+00:00 mail postfix/postfix-script[53770]: starting the Postfix mail system
2025-11-21T10:07:34.084690+00:00 mail postfix/master[53771]: fatal: chmod socket private/smtpd: Invalid argument
2025-11-21T10:07:40.162281+00:00 mail postfix/postfix-script[53849]: starting the Postfix mail system
2025-11-21T10:07:40.167444+00:00 mail postfix/master[53850]: fatal: chmod socket private/smtpd: Invalid argument
2025-11-21T10:07:46.583813+00:00 mail postfix/postfix-script[53928]: starting the Postfix mail system
2025-11-21T10:07:46.590278+00:00 mail postfix/master[53929]: fatal: chmod socket private/smtpd: Invalid argument
2025-11-21T10:07:52.678437+00:00 mail postfix/postfix-script[54007]: starting the Postfix mail system
2025-11-21T10:07:52.685002+00:00 mail postfix/master[54008]: fatal: chmod socket private/smtpd: Invalid argument
2025-11-21T10:07:58.747564+00:00 mail postfix/postfix-script[54086]: starting the Postfix mail system
2025-11-21T10:07:58.754986+00:00 mail postfix/master[54087]: fatal: chmod socket private/smtpd: Invalid argument
2025-11-21T10:08:04.846367+00:00 mail postfix/postfix-script[54165]: starting the Postfix mail system
2025-11-21T10:08:04.854174+00:00 mail postfix/master[54166]: fatal: chmod socket private/smtpd: Invalid argument
2025-11-21T10:08:10.981678+00:00 mail postfix/postfix-script[54244]: starting the Postfix mail system
2025-11-21T10:08:10.986840+00:00 mail postfix/master[54245]: fatal: chmod socket private/smtpd: Invalid argument
2025-11-21T10:08:17.181414+00:00 mail postfix/postfix-script[54323]: starting the Postfix mail system
2025-11-21T10:08:17.191084+00:00 mail postfix/master[54324]: fatal: chmod socket private/smtpd: Invalid argument
2025-11-21T10:08:23.122762+00:00 mail postfix/postfix-script[54402]: starting the Postfix mail system
2025-11-21T10:08:23.128772+00:00 mail postfix/master[54403]: fatal: chmod socket private/smtpd: Invalid argument
2025-11-21T10:08:29.222919+00:00 mail postfix/postfix-script[54481]: starting the Postfix mail system
2025-11-21T10:08:29.228753+00:00 mail postfix/master[54482]: fatal: chmod socket private/smtpd: Invalid argument
2025-11-21T10:08:34.284426+00:00 mail postfix/postfix-script[54560]: starting the Postfix mail system
2025-11-21T10:08:34.290119+00:00 mail postfix/master[54561]: fatal: chmod socket private/smtpd: Invalid argument
2025-11-21T10:08:40.367596+00:00 mail postfix/postfix-script[54639]: starting the Postfix mail system
2025-11-21T10:08:40.373716+00:00 mail postfix/master[54640]: fatal: chmod socket private/smtpd: Invalid argument
2025-11-21T10:08:46.461715+00:00 mail postfix/postfix-script[54718]: starting the Postfix mail system
2025-11-21T10:08:46.468603+00:00 mail postfix/master[54719]: fatal: chmod socket private/smtpd: Invalid argument
2025-11-21T10:08:52.564282+00:00 mail postfix/postfix-script[54797]: starting the Postfix mail system
2025-11-21T10:08:52.570104+00:00 mail postfix/master[54798]: fatal: chmod socket private/smtpd: Invalid argument
2025-11-21T10:08:58.623949+00:00 mail postfix/postfix-script[54876]: starting the Postfix mail system
2025-11-21T10:08:58.628924+00:00 mail postfix/master[54877]: fatal: chmod socket private/smtpd: Invalid argument
2025-11-21T10:09:04.709550+00:00 mail postfix/postfix-script[54955]: starting the Postfix mail system
2025-11-21T10:09:04.714492+00:00 mail postfix/master[54956]: fatal: chmod socket private/smtpd: Invalid argument
2025-11-21T10:09:10.811980+00:00 mail postfix/postfix-script[55034]: starting the Postfix mail system
2025-11-21T10:09:10.817969+00:00 mail postfix/master[55035]: fatal: chmod socket private/smtpd: Invalid argument
2025-11-21T10:09:16.912439+00:00 mail postfix/postfix-script[55113]: starting the Postfix mail system
2025-11-21T10:09:16.918032+00:00 mail postfix/master[55114]: fatal: chmod socket private/smtpd: Invalid argument
2025-11-21T10:09:23.012299+00:00 mail postfix/postfix-script[55192]: starting the Postfix mail system
2025-11-21T10:09:23.021216+00:00 mail postfix/master[55193]: fatal: chmod socket private/smtpd: Invalid argument
2025-11-21T10:09:29.074593+00:00 mail postfix/postfix-script[55271]: starting the Postfix mail system
2025-11-21T10:09:29.079664+00:00 mail postfix/master[55272]: fatal: chmod socket private/smtpd: Invalid argument
2025-11-21T10:09:35.334702+00:00 mail postfix/postfix-script[55350]: starting the Postfix mail system
2025-11-21T10:09:35.343126+00:00 mail postfix/master[55351]: fatal: chmod socket private/smtpd: Invalid argument
2025-11-21T10:09:41.861571+00:00 mail postfix/postfix-script[55429]: starting the Postfix mail system
2025-11-21T10:09:41.879155+00:00 mail postfix/master[55430]: fatal: chmod socket private/smtpd: Invalid argument
2025-11-21T10:09:47.766178+00:00 mail postfix/postfix-script[55508]: starting the Postfix mail system
2025-11-21T10:09:47.777084+00:00 mail postfix/master[55509]: fatal: chmod socket private/smtpd: Invalid argument
2025-11-21T10:09:53.984601+00:00 mail postfix/postfix-script[55587]: starting the Postfix mail system
2025-11-21T10:09:53.991855+00:00 mail postfix/master[55588]: fatal: chmod socket private/smtpd: Invalid argument
2025-11-21T10:10:01.657057+00:00 mail postfix/postfix-script[55669]: starting the Postfix mail system
2025-11-21T10:10:01.672319+00:00 mail postfix/master[55670]: fatal: chmod socket private/smtpd: Invalid argument
2025-11-21T10:10:08.353348+00:00 mail postfix/postfix-script[55748]: starting the Postfix mail system
2025-11-21T10:10:08.368165+00:00 mail postfix/master[55749]: fatal: chmod socket private/smtpd: Invalid argument
2025-11-21T10:10:15.028871+00:00 mail postfix/postfix-script[55830]: starting the Postfix mail system
2025-11-21T10:10:15.062938+00:00 mail postfix/master[55831]: fatal: chmod socket private/smtpd: Invalid argument
2025-11-21T10:10:21.818729+00:00 mail postfix/postfix-script[55909]: starting the Postfix mail system
2025-11-21T10:10:21.831717+00:00 mail postfix/master[55910]: fatal: chmod socket private/smtpd: Invalid argument
2025-11-21T10:10:27.077802+00:00 mail postfix/postfix-script[55988]: starting the Postfix mail system
2025-11-21T10:10:27.089738+00:00 mail postfix/master[55989]: fatal: chmod socket private/smtpd: Invalid argument
2025-11-21T10:10:33.687885+00:00 mail postfix/postfix-script[56067]: starting the Postfix mail system
2025-11-21T10:10:33.709355+00:00 mail postfix/master[56068]: fatal: chmod socket private/smtpd: Invalid argument
2025-11-21T10:10:39.979972+00:00 mail postfix/postfix-script[56146]: starting the Postfix mail system
2025-11-21T10:10:39.990443+00:00 mail postfix/master[56147]: fatal: chmod socket private/smtpd: Invalid argument
2025-11-21T10:10:46.745854+00:00 mail postfix/postfix-script[56225]: starting the Postfix mail system
2025-11-21T10:10:46.757821+00:00 mail postfix/master[56226]: fatal: chmod socket private/smtpd: Invalid argument
2025-11-21T10:10:53.257821+00:00 mail postfix/postfix-script[56304]: starting the Postfix mail system
2025-11-21T10:10:53.280903+00:00 mail postfix/master[56305]: fatal: chmod socket private/smtpd: Invalid argument
2025-11-21T10:10:59.883993+00:00 mail postfix/postfix-script[56386]: starting the Postfix mail system
2025-11-21T10:10:59.897924+00:00 mail postfix/master[56387]: fatal: chmod socket private/smtpd: Invalid argument
2025-12-11T04:26:38.129400+00:00 mail dovecot: master: Dovecot v2.3.19.1 (9b53102964) starting up for imap, lmtp (core dumps disabled)
2025-12-11T04:26:38.895859+00:00 mail opendkim[204]: OpenDKIM Filter v2.11.0 starting (args: -f)
2025-12-11T04:26:39.221239+00:00 mail opendmarc[213]: OpenDMARC Filter v1.4.2 starting (args: -f -p inet:8893@localhost -P /var/run/opendmarc/opendmarc.pid)
2025-12-11T04:26:39.221280+00:00 mail opendmarc[213]: additional trusted authentication services: mail.localhost
2025-12-11T04:26:40.227076+00:00 mail postfix/postfix-script[308]: starting the Postfix mail system
2025-12-11T04:26:40.244178+00:00 mail postfix/master[309]: fatal: chmod socket private/smtpd: Invalid argument
2025-12-11T04:26:41.494358+00:00 mail amavis[264]: starting. /usr/sbin/amavisd at mail.localhost amavis-2.13.0 (20230106), Unicode aware, LC_CTYPE="C.UTF-8"
2025-12-11T04:26:41.494419+00:00 mail amavis[264]: perl=5.036000, user=, EUID: 999 (999);  group=(), EGID: 999 999 (999 999)
2025-12-11T04:26:41.569253+00:00 mail amavis[264]: Net::Server: Group Not Defined.  Defaulting to EGID '999 999'
2025-12-11T04:26:41.569316+00:00 mail amavis[264]: Net::Server: User Not Defined.  Defaulting to EUID '999'
2025-12-11T04:26:41.582958+00:00 mail amavis[264]: No ext program for   .zoo, tried: zoo
2025-12-11T04:26:41.583088+00:00 mail amavis[264]: No ext program for   .doc, tried: ripole
2025-12-11T04:26:41.583706+00:00 mail amavis[264]: No ext program for   .zst, tried: unzstd
2025-12-11T04:26:41.583762+00:00 mail amavis[264]: No decoder for       .F   
2025-12-11T04:26:41.583772+00:00 mail amavis[264]: No decoder for       .doc 
2025-12-11T04:26:41.583782+00:00 mail amavis[264]: No decoder for       .zoo 
2025-12-11T04:26:41.583791+00:00 mail amavis[264]: No decoder for       .zst 
2025-12-11T04:26:46.072121+00:00 mail postfix/postfix-script[433]: starting the Postfix mail system
2025-12-11T04:26:46.077482+00:00 mail postfix/master[434]: fatal: chmod socket private/smtpd: Invalid argument
2025-12-11T04:26:52.079101+00:00 mail postfix/postfix-script[512]: starting the Postfix mail system
2025-12-11T04:26:52.084584+00:00 mail postfix/master[513]: fatal: chmod socket private/smtpd: Invalid argument
2025-12-11T04:26:58.366777+00:00 mail postfix/postfix-script[591]: starting the Postfix mail system
2025-12-11T04:26:58.372823+00:00 mail postfix/master[592]: fatal: chmod socket private/smtpd: Invalid argument
2025-12-11T04:27:04.437723+00:00 mail postfix/postfix-script[670]: starting the Postfix mail system
2025-12-11T04:27:04.443568+00:00 mail postfix/master[671]: fatal: chmod socket private/smtpd: Invalid argument
2025-12-11T04:27:10.524220+00:00 mail postfix/postfix-script[749]: starting the Postfix mail system
2025-12-11T04:27:10.530574+00:00 mail postfix/master[750]: fatal: chmod socket private/smtpd: Invalid argument
2025-12-11T04:27:16.635871+00:00 mail postfix/postfix-script[828]: starting the Postfix mail system
2025-12-11T04:27:16.642392+00:00 mail postfix/master[829]: fatal: chmod socket private/smtpd: Invalid argument
2025-12-11T04:27:22.765602+00:00 mail postfix/postfix-script[908]: starting the Postfix mail system
2025-12-11T04:27:22.773658+00:00 mail postfix/master[911]: fatal: chmod socket private/smtpd: Invalid argument
2025-12-11T04:27:28.825621+00:00 mail postfix/postfix-script[989]: starting the Postfix mail system
2025-12-11T04:27:28.832713+00:00 mail postfix/master[990]: fatal: chmod socket private/smtpd: Invalid argument
2025-12-11T04:27:34.793140+00:00 mail postfix/postfix-script[1065]: starting the Postfix mail system
2025-12-11T04:27:34.798581+00:00 mail postfix/master[1066]: fatal: chmod socket private/smtpd: Invalid argument
2025-12-11T04:27:40.857474+00:00 mail postfix/postfix-script[1147]: starting the Postfix mail system
2025-12-11T04:27:40.863098+00:00 mail postfix/master[1148]: fatal: chmod socket private/smtpd: Invalid argument
2025-12-11T04:27:46.942622+00:00 mail postfix/postfix-script[1226]: starting the Postfix mail system
2025-12-11T04:27:46.948258+00:00 mail postfix/master[1227]: fatal: chmod socket private/smtpd: Invalid argument
2025-12-11T04:27:53.002108+00:00 mail postfix/postfix-script[1305]: starting the Postfix mail system
2025-12-11T04:27:53.007201+00:00 mail postfix/master[1306]: fatal: chmod socket private/smtpd: Invalid argument
2025-12-11T04:27:59.096089+00:00 mail postfix/postfix-script[1384]: starting the Postfix mail system
2025-12-11T04:27:59.101368+00:00 mail postfix/master[1385]: fatal: chmod socket private/smtpd: Invalid argument
2025-12-11T04:28:05.138839+00:00 mail postfix/postfix-script[1463]: starting the Postfix mail system
2025-12-11T04:28:05.143966+00:00 mail postfix/master[1464]: fatal: chmod socket private/smtpd: Invalid argument
2025-12-11T04:28:11.250603+00:00 mail postfix/postfix-script[1542]: starting the Postfix mail system
2025-12-11T04:28:11.256867+00:00 mail postfix/master[1543]: fatal: chmod socket private/smtpd: Invalid argument
2025-12-11T04:28:17.261979+00:00 mail postfix/postfix-script[1621]: starting the Postfix mail system
2025-12-11T04:28:17.266910+00:00 mail postfix/master[1622]: fatal: chmod socket private/smtpd: Invalid argument
2025-12-11T04:28:23.343099+00:00 mail postfix/postfix-script[1700]: starting the Postfix mail system
2025-12-11T04:28:23.348304+00:00 mail postfix/master[1701]: fatal: chmod socket private/smtpd: Invalid argument
2025-12-11T04:28:29.420574+00:00 mail postfix/postfix-script[1779]: starting the Postfix mail system
2025-12-11T04:28:29.425595+00:00 mail postfix/master[1780]: fatal: chmod socket private/smtpd: Invalid argument
2025-12-11T04:28:35.510973+00:00 mail postfix/postfix-script[1858]: starting the Postfix mail system
2025-12-11T04:28:35.516316+00:00 mail postfix/master[1859]: fatal: chmod socket private/smtpd: Invalid argument
2025-12-11T04:28:41.577807+00:00 mail postfix/postfix-script[1937]: starting the Postfix mail system
2025-12-11T04:28:41.582949+00:00 mail postfix/master[1938]: fatal: chmod socket private/smtpd: Invalid argument
2025-12-11T04:28:47.655634+00:00 mail postfix/postfix-script[2016]: starting the Postfix mail system
2025-12-11T04:28:47.660755+00:00 mail postfix/master[2017]: fatal: chmod socket private/smtpd: Invalid argument
2025-12-11T04:28:53.721095+00:00 mail postfix/postfix-script[2095]: starting the Postfix mail system
2025-12-11T04:28:53.726000+00:00 mail postfix/master[2096]: fatal: chmod socket private/smtpd: Invalid argument
2025-12-11T04:28:59.797460+00:00 mail postfix/postfix-script[2174]: starting the Postfix mail system
2025-12-11T04:28:59.802549+00:00 mail postfix/master[2175]: fatal: chmod socket private/smtpd: Invalid argument
2025-12-11T04:29:05.865451+00:00 mail postfix/postfix-script[2253]: starting the Postfix mail system
2025-12-11T04:29:05.870280+00:00 mail postfix/master[2254]: fatal: chmod socket private/smtpd: Invalid argument
2025-12-11T04:29:11.951404+00:00 mail postfix/postfix-script[2332]: starting the Postfix mail system
2025-12-11T04:29:11.956356+00:00 mail postfix/master[2333]: fatal: chmod socket private/smtpd: Invalid argument
2025-12-11T04:29:18.040916+00:00 mail postfix/postfix-script[2411]: starting the Postfix mail system
2025-12-11T04:29:18.047246+00:00 mail postfix/master[2412]: fatal: chmod socket private/smtpd: Invalid argument
2025-12-11T04:29:24.113571+00:00 mail postfix/postfix-script[2490]: starting the Postfix mail system
2025-12-11T04:29:24.118375+00:00 mail postfix/master[2491]: fatal: chmod socket private/smtpd: Invalid argument
2025-12-11T04:29:30.185961+00:00 mail postfix/postfix-script[2569]: starting the Postfix mail system
2025-12-11T04:29:30.191080+00:00 mail postfix/master[2570]: fatal: chmod socket private/smtpd: Invalid argument
2025-12-11T04:29:36.268061+00:00 mail postfix/postfix-script[2648]: starting the Postfix mail system
2025-12-11T04:29:36.273003+00:00 mail postfix/master[2649]: fatal: chmod socket private/smtpd: Invalid argument
2025-12-11T04:29:42.323747+00:00 mail postfix/postfix-script[2727]: starting the Postfix mail system
2025-12-11T04:29:42.328895+00:00 mail postfix/master[2728]: fatal: chmod socket private/smtpd: Invalid argument
2025-12-11T04:29:48.519020+00:00 mail postfix/postfix-script[2806]: starting the Postfix mail system
2025-12-11T04:29:48.524167+00:00 mail postfix/master[2807]: fatal: chmod socket private/smtpd: Invalid argument
2025-12-11T04:29:54.509197+00:00 mail postfix/postfix-script[2885]: starting the Postfix mail system
2025-12-11T04:29:54.514070+00:00 mail postfix/master[2886]: fatal: chmod socket private/smtpd: Invalid argument
2025-12-11T04:30:00.600918+00:00 mail postfix/postfix-script[2964]: starting the Postfix mail system
2025-12-11T04:30:00.606043+00:00 mail postfix/master[2965]: fatal: chmod socket private/smtpd: Invalid argument
2025-12-11T04:30:06.719133+00:00 mail postfix/postfix-script[3043]: starting the Postfix mail system
2025-12-11T04:30:06.724212+00:00 mail postfix/master[3044]: fatal: chmod socket private/smtpd: Invalid argument
2025-12-11T04:30:12.748915+00:00 mail postfix/postfix-script[3122]: starting the Postfix mail system
2025-12-11T04:30:12.754079+00:00 mail postfix/master[3123]: fatal: chmod socket private/smtpd: Invalid argument
2025-12-11T04:30:18.868141+00:00 mail postfix/postfix-script[3201]: starting the Postfix mail system
2025-12-11T04:30:18.873086+00:00 mail postfix/master[3202]: fatal: chmod socket private/smtpd: Invalid argument
2025-12-11T04:30:24.913051+00:00 mail postfix/postfix-script[3280]: starting the Postfix mail system
2025-12-11T04:30:24.918041+00:00 mail postfix/master[3281]: fatal: chmod socket private/smtpd: Invalid argument
2025-12-11T04:30:31.108608+00:00 mail postfix/postfix-script[3359]: starting the Postfix mail system
2025-12-11T04:30:31.116278+00:00 mail postfix/master[3360]: fatal: chmod socket private/smtpd: Invalid argument
2025-12-11T04:30:37.083136+00:00 mail postfix/postfix-script[3438]: starting the Postfix mail system
2025-12-11T04:30:37.087958+00:00 mail postfix/master[3439]: fatal: chmod socket private/smtpd: Invalid argument
2025-12-11T04:30:43.214481+00:00 mail postfix/postfix-script[3517]: starting the Postfix mail system
2025-12-11T04:30:43.219675+00:00 mail postfix/master[3518]: fatal: chmod socket private/smtpd: Invalid argument
2025-12-11T04:30:49.234458+00:00 mail postfix/postfix-script[3596]: starting the Postfix mail system
2025-12-11T04:30:49.239613+00:00 mail postfix/master[3597]: fatal: chmod socket private/smtpd: Invalid argument
2025-12-11T04:30:55.300849+00:00 mail postfix/postfix-script[3675]: starting the Postfix mail system
2025-12-11T04:30:55.306008+00:00 mail postfix/master[3676]: fatal: chmod socket private/smtpd: Invalid argument
2025-12-11T04:31:01.354923+00:00 mail postfix/postfix-script[3754]: starting the Postfix mail system
2025-12-11T04:31:01.360096+00:00 mail postfix/master[3755]: fatal: chmod socket private/smtpd: Invalid argument
2025-12-11T04:31:07.419348+00:00 mail postfix/postfix-script[3833]: starting the Postfix mail system
2025-12-11T04:31:07.424488+00:00 mail postfix/master[3834]: fatal: chmod socket private/smtpd: Invalid argument
2025-12-11T04:31:13.488345+00:00 mail postfix/postfix-script[3912]: starting the Postfix mail system
2025-12-11T04:31:13.493448+00:00 mail postfix/master[3913]: fatal: chmod socket private/smtpd: Invalid argument
2025-12-11T04:31:19.599295+00:00 mail postfix/postfix-script[3991]: starting the Postfix mail system
2025-12-11T04:31:19.605634+00:00 mail postfix/master[3992]: fatal: chmod socket private/smtpd: Invalid argument
2025-12-11T04:31:25.812529+00:00 mail postfix/postfix-script[4070]: starting the Postfix mail system
2025-12-11T04:31:25.822327+00:00 mail postfix/master[4071]: fatal: chmod socket private/smtpd: Invalid argument
2025-12-11T04:31:31.766840+00:00 mail postfix/postfix-script[4149]: starting the Postfix mail system
2025-12-11T04:31:31.772146+00:00 mail postfix/master[4150]: fatal: chmod socket private/smtpd: Invalid argument
2025-12-11T04:31:37.821363+00:00 mail postfix/postfix-script[4228]: starting the Postfix mail system
2025-12-11T04:31:37.827002+00:00 mail postfix/master[4229]: fatal: chmod socket private/smtpd: Invalid argument
2025-12-11T04:31:43.890289+00:00 mail postfix/postfix-script[4307]: starting the Postfix mail system
2025-12-11T04:31:43.895418+00:00 mail postfix/master[4308]: fatal: chmod socket private/smtpd: Invalid argument
2025-12-11T04:31:49.961507+00:00 mail postfix/postfix-script[4386]: starting the Postfix mail system
2025-12-11T04:31:49.966478+00:00 mail postfix/master[4387]: fatal: chmod socket private/smtpd: Invalid argument
2025-12-11T04:31:56.029150+00:00 mail postfix/postfix-script[4468]: starting the Postfix mail system
2025-12-11T04:31:56.034215+00:00 mail postfix/master[4469]: fatal: chmod socket private/smtpd: Invalid argument
2025-12-11T04:32:02.115004+00:00 mail postfix/postfix-script[4547]: starting the Postfix mail system
2025-12-11T04:32:02.122330+00:00 mail postfix/master[4548]: fatal: chmod socket private/smtpd: Invalid argument
2025-12-11T04:32:08.275873+00:00 mail postfix/postfix-script[4626]: starting the Postfix mail system
2025-12-11T04:32:08.281236+00:00 mail postfix/master[4627]: fatal: chmod socket private/smtpd: Invalid argument
2025-12-11T04:32:14.298475+00:00 mail postfix/postfix-script[4705]: starting the Postfix mail system
2025-12-11T04:32:14.303479+00:00 mail postfix/master[4706]: fatal: chmod socket private/smtpd: Invalid argument
2025-12-11T04:32:20.445658+00:00 mail postfix/postfix-script[4784]: starting the Postfix mail system
2025-12-11T04:32:20.451982+00:00 mail postfix/master[4785]: fatal: chmod socket private/smtpd: Invalid argument
2025-12-11T04:32:26.463211+00:00 mail postfix/postfix-script[4863]: starting the Postfix mail system
2025-12-11T04:32:26.469625+00:00 mail postfix/master[4864]: fatal: chmod socket private/smtpd: Invalid argument
2025-12-11T04:32:32.624953+00:00 mail postfix/postfix-script[4942]: starting the Postfix mail system
2025-12-11T04:32:32.631205+00:00 mail postfix/master[4943]: fatal: chmod socket private/smtpd: Invalid argument
2025-12-11T04:32:38.648551+00:00 mail postfix/postfix-script[5021]: starting the Postfix mail system
2025-12-11T04:32:38.653339+00:00 mail postfix/master[5022]: fatal: chmod socket private/smtpd: Invalid argument
2025-12-11T04:32:44.698759+00:00 mail postfix/postfix-script[5100]: starting the Postfix mail system
2025-12-11T04:32:44.703664+00:00 mail postfix/master[5101]: fatal: chmod socket private/smtpd: Invalid argument
2025-12-11T04:32:50.772336+00:00 mail postfix/postfix-script[5179]: starting the Postfix mail system
2025-12-11T04:32:50.777583+00:00 mail postfix/master[5180]: fatal: chmod socket private/smtpd: Invalid argument
2025-12-11T04:32:56.872043+00:00 mail postfix/postfix-script[5258]: starting the Postfix mail system
2025-12-11T04:32:56.876949+00:00 mail postfix/master[5259]: fatal: chmod socket private/smtpd: Invalid argument
2025-12-11T04:33:02.907399+00:00 mail postfix/postfix-script[5337]: starting the Postfix mail system
2025-12-11T04:33:02.912667+00:00 mail postfix/master[5338]: fatal: chmod socket private/smtpd: Invalid argument
2025-12-11T04:33:08.976869+00:00 mail postfix/postfix-script[5416]: starting the Postfix mail system
2025-12-11T04:33:08.981952+00:00 mail postfix/master[5417]: fatal: chmod socket private/smtpd: Invalid argument
2025-12-11T04:33:15.152494+00:00 mail postfix/postfix-script[5495]: starting the Postfix mail system
2025-12-11T04:33:15.159126+00:00 mail postfix/master[5496]: fatal: chmod socket private/smtpd: Invalid argument
2025-12-11T04:33:21.167024+00:00 mail postfix/postfix-script[5574]: starting the Postfix mail system
2025-12-11T04:33:21.172727+00:00 mail postfix/master[5575]: fatal: chmod socket private/smtpd: Invalid argument
2025-12-11T04:33:27.220290+00:00 mail postfix/postfix-script[5653]: starting the Postfix mail system
2025-12-11T04:33:27.226827+00:00 mail postfix/master[5654]: fatal: chmod socket private/smtpd: Invalid argument
2025-12-11T04:33:33.376185+00:00 mail postfix/postfix-script[5732]: starting the Postfix mail system
2025-12-11T04:33:33.383618+00:00 mail postfix/master[5733]: fatal: chmod socket private/smtpd: Invalid argument
2025-12-11T04:33:39.435436+00:00 mail postfix/postfix-script[5811]: starting the Postfix mail system
2025-12-11T04:33:39.440474+00:00 mail postfix/master[5812]: fatal: chmod socket private/smtpd: Invalid argument
2025-12-11T04:33:45.582469+00:00 mail postfix/postfix-script[5890]: starting the Postfix mail system
2025-12-11T04:33:45.587412+00:00 mail postfix/master[5891]: fatal: chmod socket private/smtpd: Invalid argument
2025-12-11T04:33:51.553302+00:00 mail postfix/postfix-script[5969]: starting the Postfix mail system
2025-12-11T04:33:51.558549+00:00 mail postfix/master[5970]: fatal: chmod socket private/smtpd: Invalid argument
2025-12-11T04:33:57.667250+00:00 mail postfix/postfix-script[6048]: starting the Postfix mail system
2025-12-11T04:33:57.672530+00:00 mail postfix/master[6049]: fatal: chmod socket private/smtpd: Invalid argument
2025-12-11T04:34:03.770034+00:00 mail postfix/postfix-script[6127]: starting the Postfix mail system
2025-12-11T04:34:03.775318+00:00 mail postfix/master[6128]: fatal: chmod socket private/smtpd: Invalid argument
2025-12-11T04:34:09.810271+00:00 mail postfix/postfix-script[6206]: starting the Postfix mail system
2025-12-11T04:34:09.815462+00:00 mail postfix/master[6207]: fatal: chmod socket private/smtpd: Invalid argument
2025-12-11T04:34:15.894099+00:00 mail postfix/postfix-script[6285]: starting the Postfix mail system
2025-12-11T04:34:15.898969+00:00 mail postfix/master[6286]: fatal: chmod socket private/smtpd: Invalid argument
2025-12-11T04:34:21.962490+00:00 mail postfix/postfix-script[6364]: starting the Postfix mail system
2025-12-11T04:34:21.967419+00:00 mail postfix/master[6365]: fatal: chmod socket private/smtpd: Invalid argument
2025-12-11T04:34:28.039090+00:00 mail postfix/postfix-script[6443]: starting the Postfix mail system
2025-12-11T04:34:28.045837+00:00 mail postfix/master[6444]: fatal: chmod socket private/smtpd: Invalid argument
2025-12-11T04:34:34.118277+00:00 mail postfix/postfix-script[6522]: starting the Postfix mail system
2025-12-11T04:34:34.124005+00:00 mail postfix/master[6523]: fatal: chmod socket private/smtpd: Invalid argument
2025-12-11T04:34:40.186643+00:00 mail postfix/postfix-script[6601]: starting the Postfix mail system
2025-12-11T04:34:40.191446+00:00 mail postfix/master[6602]: fatal: chmod socket private/smtpd: Invalid argument
2025-12-11T04:34:46.261622+00:00 mail postfix/postfix-script[6680]: starting the Postfix mail system
2025-12-11T04:34:46.266468+00:00 mail postfix/master[6681]: fatal: chmod socket private/smtpd: Invalid argument
2025-12-11T04:34:52.352196+00:00 mail postfix/postfix-script[6759]: starting the Postfix mail system
2025-12-11T04:34:52.357580+00:00 mail postfix/master[6760]: fatal: chmod socket private/smtpd: Invalid argument
2025-12-11T04:34:58.449062+00:00 mail postfix/postfix-script[6838]: starting the Postfix mail system
2025-12-11T04:34:58.454717+00:00 mail postfix/master[6839]: fatal: chmod socket private/smtpd: Invalid argument
2025-12-11T04:35:04.517922+00:00 mail postfix/postfix-script[6917]: starting the Postfix mail system
2025-12-11T04:35:04.523909+00:00 mail postfix/master[6918]: fatal: chmod socket private/smtpd: Invalid argument
2025-12-11T04:35:10.615000+00:00 mail postfix/postfix-script[6996]: starting the Postfix mail system
2025-12-11T04:35:10.620113+00:00 mail postfix/master[6997]: fatal: chmod socket private/smtpd: Invalid argument
2025-12-11T04:35:16.664409+00:00 mail postfix/postfix-script[7075]: starting the Postfix mail system
2025-12-11T04:35:16.669284+00:00 mail postfix/master[7076]: fatal: chmod socket private/smtpd: Invalid argument
2025-12-11T04:35:22.729952+00:00 mail postfix/postfix-script[7154]: starting the Postfix mail system
2025-12-11T04:35:22.734962+00:00 mail postfix/master[7155]: fatal: chmod socket private/smtpd: Invalid argument
2025-12-11T04:35:28.878074+00:00 mail postfix/postfix-script[7233]: starting the Postfix mail system
2025-12-11T04:35:28.883190+00:00 mail postfix/master[7234]: fatal: chmod socket private/smtpd: Invalid argument
2025-12-11T04:35:34.959154+00:00 mail postfix/postfix-script[7312]: starting the Postfix mail system
2025-12-11T04:35:34.964815+00:00 mail postfix/master[7313]: fatal: chmod socket private/smtpd: Invalid argument
2025-12-11T04:35:41.044880+00:00 mail postfix/postfix-script[7391]: starting the Postfix mail system
2025-12-11T04:35:41.049974+00:00 mail postfix/master[7392]: fatal: chmod socket private/smtpd: Invalid argument
2025-12-11T04:35:47.094064+00:00 mail postfix/postfix-script[7470]: starting the Postfix mail system
2025-12-11T04:35:47.099105+00:00 mail postfix/master[7471]: fatal: chmod socket private/smtpd: Invalid argument
2025-12-11T04:35:53.185832+00:00 mail postfix/postfix-script[7549]: starting the Postfix mail system
2025-12-11T04:35:53.191559+00:00 mail postfix/master[7550]: fatal: chmod socket private/smtpd: Invalid argument
2025-12-11T04:35:59.251443+00:00 mail postfix/postfix-script[7628]: starting the Postfix mail system
2025-12-11T04:35:59.256377+00:00 mail postfix/master[7629]: fatal: chmod socket private/smtpd: Invalid argument
2025-12-11T04:36:05.327110+00:00 mail postfix/postfix-script[7707]: starting the Postfix mail system
2025-12-11T04:36:05.332111+00:00 mail postfix/master[7708]: fatal: chmod socket private/smtpd: Invalid argument
2025-12-11T04:36:11.410667+00:00 mail postfix/postfix-script[7789]: starting the Postfix mail system
2025-12-11T04:36:11.415625+00:00 mail postfix/master[7790]: fatal: chmod socket private/smtpd: Invalid argument
2025-12-11T04:36:17.503730+00:00 mail postfix/postfix-script[7868]: starting the Postfix mail system
2025-12-11T04:36:17.508634+00:00 mail postfix/master[7869]: fatal: chmod socket private/smtpd: Invalid argument
2025-12-11T04:36:23.583557+00:00 mail postfix/postfix-script[7947]: starting the Postfix mail system
2025-12-11T04:36:23.588481+00:00 mail postfix/master[7948]: fatal: chmod socket private/smtpd: Invalid argument
2025-12-11T04:36:29.626952+00:00 mail postfix/postfix-script[8026]: starting the Postfix mail system
2025-12-11T04:36:29.631927+00:00 mail postfix/master[8027]: fatal: chmod socket private/smtpd: Invalid argument
2025-12-11T04:36:35.710245+00:00 mail postfix/postfix-script[8105]: starting the Postfix mail system
2025-12-11T04:36:35.715115+00:00 mail postfix/master[8106]: fatal: chmod socket private/smtpd: Invalid argument
2025-12-11T04:36:41.788242+00:00 mail postfix/postfix-script[8184]: starting the Postfix mail system
2025-12-11T04:36:41.792980+00:00 mail postfix/master[8185]: fatal: chmod socket private/smtpd: Invalid argument
2025-12-11T04:36:47.868793+00:00 mail postfix/postfix-script[8263]: starting the Postfix mail system
2025-12-11T04:36:47.874149+00:00 mail postfix/master[8264]: fatal: chmod socket private/smtpd: Invalid argument
2025-12-11T04:36:53.931033+00:00 mail postfix/postfix-script[8342]: starting the Postfix mail system
2025-12-11T04:36:53.936120+00:00 mail postfix/master[8343]: fatal: chmod socket private/smtpd: Invalid argument
2025-12-11T04:37:00.013862+00:00 mail postfix/postfix-script[8421]: starting the Postfix mail system
2025-12-11T04:37:00.018799+00:00 mail postfix/master[8422]: fatal: chmod socket private/smtpd: Invalid argument
2025-12-11T04:37:06.082981+00:00 mail postfix/postfix-script[8500]: starting the Postfix mail system
2025-12-11T04:37:06.087735+00:00 mail postfix/master[8501]: fatal: chmod socket private/smtpd: Invalid argument
2025-12-11T04:37:12.164354+00:00 mail postfix/postfix-script[8579]: starting the Postfix mail system
2025-12-11T04:37:12.169315+00:00 mail postfix/master[8580]: fatal: chmod socket private/smtpd: Invalid argument
2025-12-11T04:37:18.380080+00:00 mail postfix/postfix-script[8658]: starting the Postfix mail system
2025-12-11T04:37:18.386413+00:00 mail postfix/master[8659]: fatal: chmod socket private/smtpd: Invalid argument
2025-12-11T04:37:24.705291+00:00 mail postfix/postfix-script[8737]: starting the Postfix mail system
2025-12-11T04:37:24.716837+00:00 mail postfix/master[8738]: fatal: chmod socket private/smtpd: Invalid argument
2025-12-11T04:37:31.240928+00:00 mail postfix/postfix-script[8816]: starting the Postfix mail system
2025-12-11T04:37:31.252945+00:00 mail postfix/master[8817]: fatal: chmod socket private/smtpd: Invalid argument
2025-12-11T04:37:37.247543+00:00 mail postfix/postfix-script[8895]: starting the Postfix mail system
2025-12-11T04:37:37.258325+00:00 mail postfix/master[8896]: fatal: chmod socket private/smtpd: Invalid argument
2025-12-11T04:37:41.993573+00:00 mail postfix/postfix-script[8971]: starting the Postfix mail system
2025-12-11T04:37:42.000164+00:00 mail postfix/master[8972]: fatal: chmod socket private/smtpd: Invalid argument
2025-12-11T04:37:48.470423+00:00 mail postfix/postfix-script[9053]: starting the Postfix mail system
2025-12-11T04:37:48.482827+00:00 mail postfix/master[9054]: fatal: chmod socket private/smtpd: Invalid argument
2025-12-11T04:37:54.420007+00:00 mail postfix/postfix-script[9132]: starting the Postfix mail system
2025-12-11T04:37:54.441068+00:00 mail postfix/master[9133]: fatal: chmod socket private/smtpd: Invalid argument
2025-12-11T04:38:00.820955+00:00 mail postfix/postfix-script[9211]: starting the Postfix mail system
2025-12-11T04:38:00.831433+00:00 mail postfix/master[9212]: fatal: chmod socket private/smtpd: Invalid argument
2025-12-11T04:38:06.748051+00:00 mail postfix/postfix-script[9290]: starting the Postfix mail system
2025-12-11T04:38:06.754903+00:00 mail postfix/master[9291]: fatal: chmod socket private/smtpd: Invalid argument
2025-12-11T04:38:13.194683+00:00 mail postfix/postfix-script[9369]: starting the Postfix mail system
2025-12-11T04:38:13.254048+00:00 mail postfix/master[9370]: fatal: chmod socket private/smtpd: Invalid argument
2025-12-11T04:38:19.065263+00:00 mail postfix/postfix-script[9448]: starting the Postfix mail system
2025-12-11T04:38:19.081242+00:00 mail postfix/master[9449]: fatal: chmod socket private/smtpd: Invalid argument
2025-12-11T04:38:25.009646+00:00 mail postfix/postfix-script[9527]: starting the Postfix mail system
2025-12-11T04:38:25.014823+00:00 mail postfix/master[9528]: fatal: chmod socket private/smtpd: Invalid argument
2025-12-11T04:38:31.105685+00:00 mail postfix/postfix-script[9606]: starting the Postfix mail system
2025-12-11T04:38:31.112351+00:00 mail postfix/master[9607]: fatal: chmod socket private/smtpd: Invalid argument
2025-12-11T04:38:37.119020+00:00 mail postfix/postfix-script[9685]: starting the Postfix mail system
2025-12-11T04:38:37.124099+00:00 mail postfix/master[9686]: fatal: chmod socket private/smtpd: Invalid argument
2025-12-11T04:38:43.269269+00:00 mail postfix/postfix-script[9764]: starting the Postfix mail system
2025-12-11T04:38:43.275787+00:00 mail postfix/master[9765]: fatal: chmod socket private/smtpd: Invalid argument
2025-12-11T04:38:49.374919+00:00 mail postfix/postfix-script[9843]: starting the Postfix mail system
2025-12-11T04:38:49.381056+00:00 mail postfix/master[9844]: fatal: chmod socket private/smtpd: Invalid argument
2025-12-11T04:38:55.348168+00:00 mail postfix/postfix-script[9922]: starting the Postfix mail system
2025-12-11T04:38:55.353124+00:00 mail postfix/master[9923]: fatal: chmod socket private/smtpd: Invalid argument
2025-12-11T04:39:01.416720+00:00 mail postfix/postfix-script[10001]: starting the Postfix mail system
2025-12-11T04:39:01.421854+00:00 mail postfix/master[10002]: fatal: chmod socket private/smtpd: Invalid argument
2025-12-11T04:39:07.467033+00:00 mail postfix/postfix-script[10080]: starting the Postfix mail system
2025-12-11T04:39:07.472039+00:00 mail postfix/master[10081]: fatal: chmod socket private/smtpd: Invalid argument
2025-12-11T04:39:13.586324+00:00 mail postfix/postfix-script[10159]: starting the Postfix mail system
2025-12-11T04:39:13.593533+00:00 mail postfix/master[10160]: fatal: chmod socket private/smtpd: Invalid argument
2025-12-11T04:39:19.615052+00:00 mail postfix/postfix-script[10238]: starting the Postfix mail system
2025-12-11T04:39:19.621093+00:00 mail postfix/master[10239]: fatal: chmod socket private/smtpd: Invalid argument
2025-12-11T04:39:25.691258+00:00 mail postfix/postfix-script[10317]: starting the Postfix mail system
2025-12-11T04:39:25.696874+00:00 mail postfix/master[10318]: fatal: chmod socket private/smtpd: Invalid argument
2025-12-11T04:39:31.721840+00:00 mail postfix/postfix-script[10396]: starting the Postfix mail system
2025-12-11T04:39:31.727614+00:00 mail postfix/master[10397]: fatal: chmod socket private/smtpd: Invalid argument
2025-12-11T04:39:37.876243+00:00 mail postfix/postfix-script[10475]: starting the Postfix mail system
2025-12-11T04:39:37.882222+00:00 mail postfix/master[10476]: fatal: chmod socket private/smtpd: Invalid argument
2025-12-11T04:39:43.861065+00:00 mail postfix/postfix-script[10554]: starting the Postfix mail system
2025-12-11T04:39:43.866013+00:00 mail postfix/master[10555]: fatal: chmod socket private/smtpd: Invalid argument
2025-12-11T04:39:49.949741+00:00 mail postfix/postfix-script[10633]: starting the Postfix mail system
2025-12-11T04:39:49.954684+00:00 mail postfix/master[10634]: fatal: chmod socket private/smtpd: Invalid argument
2025-12-11T04:39:56.034960+00:00 mail postfix/postfix-script[10712]: starting the Postfix mail system
2025-12-11T04:39:56.040912+00:00 mail postfix/master[10713]: fatal: chmod socket private/smtpd: Invalid argument
2025-12-11T04:40:02.097793+00:00 mail postfix/postfix-script[10791]: starting the Postfix mail system
2025-12-11T04:40:02.102589+00:00 mail postfix/master[10792]: fatal: chmod socket private/smtpd: Invalid argument
2025-12-11T04:40:08.210404+00:00 mail postfix/postfix-script[10870]: starting the Postfix mail system
2025-12-11T04:40:08.216934+00:00 mail postfix/master[10871]: fatal: chmod socket private/smtpd: Invalid argument
2025-12-11T04:40:14.259409+00:00 mail postfix/postfix-script[10949]: starting the Postfix mail system
2025-12-11T04:40:14.264187+00:00 mail postfix/master[10950]: fatal: chmod socket private/smtpd: Invalid argument
2025-12-11T04:40:20.344457+00:00 mail postfix/postfix-script[11028]: starting the Postfix mail system
2025-12-11T04:40:20.349343+00:00 mail postfix/master[11029]: fatal: chmod socket private/smtpd: Invalid argument
2025-12-11T04:40:26.471746+00:00 mail postfix/postfix-script[11107]: starting the Postfix mail system
2025-12-11T04:40:26.477390+00:00 mail postfix/master[11108]: fatal: chmod socket private/smtpd: Invalid argument
2025-12-11T04:40:32.511374+00:00 mail postfix/postfix-script[11186]: starting the Postfix mail system
2025-12-11T04:40:32.516262+00:00 mail postfix/master[11187]: fatal: chmod socket private/smtpd: Invalid argument
2025-12-11T04:40:38.625848+00:00 mail postfix/postfix-script[11265]: starting the Postfix mail system
2025-12-11T04:40:38.630854+00:00 mail postfix/master[11266]: fatal: chmod socket private/smtpd: Invalid argument
2025-12-11T04:40:44.684667+00:00 mail postfix/postfix-script[11344]: starting the Postfix mail system
2025-12-11T04:40:44.690418+00:00 mail postfix/master[11345]: fatal: chmod socket private/smtpd: Invalid argument
2025-12-11T04:40:50.756805+00:00 mail postfix/postfix-script[11423]: starting the Postfix mail system
2025-12-11T04:40:50.762000+00:00 mail postfix/master[11424]: fatal: chmod socket private/smtpd: Invalid argument
2025-12-11T04:40:56.824725+00:00 mail postfix/postfix-script[11502]: starting the Postfix mail system
2025-12-11T04:40:56.829804+00:00 mail postfix/master[11503]: fatal: chmod socket private/smtpd: Invalid argument
2025-12-11T04:41:02.895732+00:00 mail postfix/postfix-script[11581]: starting the Postfix mail system
2025-12-11T04:41:02.900646+00:00 mail postfix/master[11582]: fatal: chmod socket private/smtpd: Invalid argument
2025-12-11T04:41:08.988670+00:00 mail postfix/postfix-script[11660]: starting the Postfix mail system
2025-12-11T04:41:08.993885+00:00 mail postfix/master[11661]: fatal: chmod socket private/smtpd: Invalid argument
2025-12-11T04:41:15.059769+00:00 mail postfix/postfix-script[11739]: starting the Postfix mail system
2025-12-11T04:41:15.064686+00:00 mail postfix/master[11740]: fatal: chmod socket private/smtpd: Invalid argument
2025-12-11T04:41:21.138018+00:00 mail postfix/postfix-script[11818]: starting the Postfix mail system
2025-12-11T04:41:21.143600+00:00 mail postfix/master[11819]: fatal: chmod socket private/smtpd: Invalid argument
2025-12-11T04:41:27.213778+00:00 mail postfix/postfix-script[11900]: starting the Postfix mail system
2025-12-11T04:41:27.219565+00:00 mail postfix/master[11901]: fatal: chmod socket private/smtpd: Invalid argument
2025-12-11T04:41:33.283328+00:00 mail postfix/postfix-script[11979]: starting the Postfix mail system
2025-12-11T04:41:33.288622+00:00 mail postfix/master[11980]: fatal: chmod socket private/smtpd: Invalid argument
2025-12-11T04:41:39.360112+00:00 mail postfix/postfix-script[12058]: starting the Postfix mail system
2025-12-11T04:41:39.364974+00:00 mail postfix/master[12059]: fatal: chmod socket private/smtpd: Invalid argument
2025-12-11T04:41:45.440806+00:00 mail postfix/postfix-script[12137]: starting the Postfix mail system
2025-12-11T04:41:45.446205+00:00 mail postfix/master[12138]: fatal: chmod socket private/smtpd: Invalid argument
2025-12-11T04:41:51.537669+00:00 mail postfix/postfix-script[12216]: starting the Postfix mail system
2025-12-11T04:41:51.542960+00:00 mail postfix/master[12217]: fatal: chmod socket private/smtpd: Invalid argument
2025-12-11T04:41:57.584845+00:00 mail postfix/postfix-script[12295]: starting the Postfix mail system
2025-12-11T04:41:57.589841+00:00 mail postfix/master[12296]: fatal: chmod socket private/smtpd: Invalid argument
2025-12-11T04:42:03.669940+00:00 mail postfix/postfix-script[12374]: starting the Postfix mail system
2025-12-11T04:42:03.675232+00:00 mail postfix/master[12375]: fatal: chmod socket private/smtpd: Invalid argument
2025-12-11T04:42:09.776791+00:00 mail postfix/postfix-script[12453]: starting the Postfix mail system
2025-12-11T04:42:09.781881+00:00 mail postfix/master[12454]: fatal: chmod socket private/smtpd: Invalid argument
2025-12-11T04:42:15.839425+00:00 mail postfix/postfix-script[12532]: starting the Postfix mail system
2025-12-11T04:42:15.844510+00:00 mail postfix/master[12533]: fatal: chmod socket private/smtpd: Invalid argument
2025-12-11T04:42:21.883178+00:00 mail postfix/postfix-script[12611]: starting the Postfix mail system
2025-12-11T04:42:21.888481+00:00 mail postfix/master[12612]: fatal: chmod socket private/smtpd: Invalid argument
2025-12-11T04:42:27.977482+00:00 mail postfix/postfix-script[12690]: starting the Postfix mail system
2025-12-11T04:42:27.986084+00:00 mail postfix/master[12691]: fatal: chmod socket private/smtpd: Invalid argument
2025-12-11T04:42:34.051879+00:00 mail postfix/postfix-script[12769]: starting the Postfix mail system
2025-12-11T04:42:34.056977+00:00 mail postfix/master[12770]: fatal: chmod socket private/smtpd: Invalid argument
2025-12-11T04:42:40.125125+00:00 mail postfix/postfix-script[12848]: starting the Postfix mail system
2025-12-11T04:42:40.130012+00:00 mail postfix/master[12849]: fatal: chmod socket private/smtpd: Invalid argument
2025-12-11T04:42:46.245672+00:00 mail postfix/postfix-script[12927]: starting the Postfix mail system
2025-12-11T04:42:46.250902+00:00 mail postfix/master[12928]: fatal: chmod socket private/smtpd: Invalid argument
2025-12-11T04:42:52.281370+00:00 mail postfix/postfix-script[13006]: starting the Postfix mail system
2025-12-11T04:42:52.286485+00:00 mail postfix/master[13007]: fatal: chmod socket private/smtpd: Invalid argument
2025-12-11T04:42:58.389476+00:00 mail postfix/postfix-script[13085]: starting the Postfix mail system
2025-12-11T04:42:58.396014+00:00 mail postfix/master[13086]: fatal: chmod socket private/smtpd: Invalid argument
2025-12-11T04:43:04.492335+00:00 mail postfix/postfix-script[13164]: starting the Postfix mail system
2025-12-11T04:43:04.497543+00:00 mail postfix/master[13165]: fatal: chmod socket private/smtpd: Invalid argument
2025-12-11T04:43:10.506820+00:00 mail postfix/postfix-script[13243]: starting the Postfix mail system
2025-12-11T04:43:10.511806+00:00 mail postfix/master[13244]: fatal: chmod socket private/smtpd: Invalid argument
2025-12-11T04:43:16.602794+00:00 mail postfix/postfix-script[13322]: starting the Postfix mail system
2025-12-11T04:43:16.609093+00:00 mail postfix/master[13323]: fatal: chmod socket private/smtpd: Invalid argument
2025-12-11T04:43:22.656845+00:00 mail postfix/postfix-script[13401]: starting the Postfix mail system
2025-12-11T04:43:22.662117+00:00 mail postfix/master[13402]: fatal: chmod socket private/smtpd: Invalid argument
2025-12-11T04:43:28.767227+00:00 mail postfix/postfix-script[13480]: starting the Postfix mail system
2025-12-11T04:43:28.772306+00:00 mail postfix/master[13481]: fatal: chmod socket private/smtpd: Invalid argument
2025-12-11T04:43:34.789621+00:00 mail postfix/postfix-script[13559]: starting the Postfix mail system
2025-12-11T04:43:34.794940+00:00 mail postfix/master[13560]: fatal: chmod socket private/smtpd: Invalid argument
2025-12-11T04:43:40.853718+00:00 mail postfix/postfix-script[13638]: starting the Postfix mail system
2025-12-11T04:43:40.858593+00:00 mail postfix/master[13639]: fatal: chmod socket private/smtpd: Invalid argument
2025-12-11T04:43:46.982424+00:00 mail postfix/postfix-script[13717]: starting the Postfix mail system
2025-12-11T04:43:46.989061+00:00 mail postfix/master[13718]: fatal: chmod socket private/smtpd: Invalid argument
2025-12-11T04:43:52.998803+00:00 mail postfix/postfix-script[13796]: starting the Postfix mail system
2025-12-11T04:43:53.005363+00:00 mail postfix/master[13797]: fatal: chmod socket private/smtpd: Invalid argument
2025-12-11T04:43:59.111523+00:00 mail postfix/postfix-script[13875]: starting the Postfix mail system
2025-12-11T04:43:59.117810+00:00 mail postfix/master[13876]: fatal: chmod socket private/smtpd: Invalid argument
2025-12-11T04:44:05.171062+00:00 mail postfix/postfix-script[13954]: starting the Postfix mail system
2025-12-11T04:44:05.177443+00:00 mail postfix/master[13955]: fatal: chmod socket private/smtpd: Invalid argument
2025-12-11T04:44:11.234085+00:00 mail postfix/postfix-script[14033]: starting the Postfix mail system
2025-12-11T04:44:11.239295+00:00 mail postfix/master[14034]: fatal: chmod socket private/smtpd: Invalid argument
2025-12-11T04:44:17.304776+00:00 mail postfix/postfix-script[14112]: starting the Postfix mail system
2025-12-11T04:44:17.309612+00:00 mail postfix/master[14113]: fatal: chmod socket private/smtpd: Invalid argument
2025-12-11T04:44:23.488561+00:00 mail postfix/postfix-script[14191]: starting the Postfix mail system
2025-12-11T04:44:23.496506+00:00 mail postfix/master[14192]: fatal: chmod socket private/smtpd: Invalid argument
2025-12-11T04:44:29.476288+00:00 mail postfix/postfix-script[14270]: starting the Postfix mail system
2025-12-11T04:44:29.482581+00:00 mail postfix/master[14271]: fatal: chmod socket private/smtpd: Invalid argument
2025-12-11T04:44:35.531179+00:00 mail postfix/postfix-script[14349]: starting the Postfix mail system
2025-12-11T04:44:35.538532+00:00 mail postfix/master[14350]: fatal: chmod socket private/smtpd: Invalid argument
2025-12-11T04:44:41.570358+00:00 mail postfix/postfix-script[14428]: starting the Postfix mail system
2025-12-11T04:44:41.575355+00:00 mail postfix/master[14429]: fatal: chmod socket private/smtpd: Invalid argument
2025-12-11T04:44:47.640178+00:00 mail postfix/postfix-script[14507]: starting the Postfix mail system
2025-12-11T04:44:47.645278+00:00 mail postfix/master[14508]: fatal: chmod socket private/smtpd: Invalid argument
2025-12-11T04:44:53.709333+00:00 mail postfix/postfix-script[14586]: starting the Postfix mail system
2025-12-11T04:44:53.714841+00:00 mail postfix/master[14587]: fatal: chmod socket private/smtpd: Invalid argument
2025-12-11T04:44:59.762910+00:00 mail postfix/postfix-script[14665]: starting the Postfix mail system
2025-12-11T04:44:59.767852+00:00 mail postfix/master[14666]: fatal: chmod socket private/smtpd: Invalid argument
2025-12-11T04:45:05.846361+00:00 mail postfix/postfix-script[14744]: starting the Postfix mail system
2025-12-11T04:45:05.851301+00:00 mail postfix/master[14745]: fatal: chmod socket private/smtpd: Invalid argument
2025-12-11T04:45:11.902813+00:00 mail postfix/postfix-script[14823]: starting the Postfix mail system
2025-12-11T04:45:11.907658+00:00 mail postfix/master[14824]: fatal: chmod socket private/smtpd: Invalid argument
2025-12-11T04:45:18.005746+00:00 mail postfix/postfix-script[14902]: starting the Postfix mail system
2025-12-11T04:45:18.010688+00:00 mail postfix/master[14903]: fatal: chmod socket private/smtpd: Invalid argument
2025-12-11T04:45:24.052331+00:00 mail postfix/postfix-script[14981]: starting the Postfix mail system
2025-12-11T04:45:24.057431+00:00 mail postfix/master[14982]: fatal: chmod socket private/smtpd: Invalid argument
2025-12-11T04:45:30.138499+00:00 mail postfix/postfix-script[15060]: starting the Postfix mail system
2025-12-11T04:45:30.143838+00:00 mail postfix/master[15061]: fatal: chmod socket private/smtpd: Invalid argument
2025-12-11T04:45:36.226236+00:00 mail postfix/postfix-script[15139]: starting the Postfix mail system
2025-12-11T04:45:36.231099+00:00 mail postfix/master[15140]: fatal: chmod socket private/smtpd: Invalid argument
2025-12-11T04:45:42.304145+00:00 mail postfix/postfix-script[15218]: starting the Postfix mail system
2025-12-11T04:45:42.309003+00:00 mail postfix/master[15219]: fatal: chmod socket private/smtpd: Invalid argument
2025-12-11T04:45:48.389124+00:00 mail postfix/postfix-script[15297]: starting the Postfix mail system
2025-12-11T04:45:48.394970+00:00 mail postfix/master[15298]: fatal: chmod socket private/smtpd: Invalid argument
2025-12-11T04:45:54.467671+00:00 mail postfix/postfix-script[15379]: starting the Postfix mail system
2025-12-11T04:45:54.472855+00:00 mail postfix/master[15380]: fatal: chmod socket private/smtpd: Invalid argument
2025-12-11T04:46:00.545807+00:00 mail postfix/postfix-script[15458]: starting the Postfix mail system
2025-12-11T04:46:00.550748+00:00 mail postfix/master[15459]: fatal: chmod socket private/smtpd: Invalid argument
2025-12-11T04:46:06.622401+00:00 mail postfix/postfix-script[15537]: starting the Postfix mail system
2025-12-11T04:46:06.627219+00:00 mail postfix/master[15538]: fatal: chmod socket private/smtpd: Invalid argument
2025-12-11T04:46:12.701858+00:00 mail postfix/postfix-script[15616]: starting the Postfix mail system
2025-12-11T04:46:12.707096+00:00 mail postfix/master[15617]: fatal: chmod socket private/smtpd: Invalid argument
2025-12-11T04:46:18.774777+00:00 mail postfix/postfix-script[15695]: starting the Postfix mail system
2025-12-11T04:46:18.780116+00:00 mail postfix/master[15696]: fatal: chmod socket private/smtpd: Invalid argument
2025-12-11T04:46:24.837586+00:00 mail postfix/postfix-script[15774]: starting the Postfix mail system
2025-12-11T04:46:24.842650+00:00 mail postfix/master[15775]: fatal: chmod socket private/smtpd: Invalid argument
2025-12-11T04:46:30.908602+00:00 mail postfix/postfix-script[15853]: starting the Postfix mail system
2025-12-11T04:46:30.913690+00:00 mail postfix/master[15854]: fatal: chmod socket private/smtpd: Invalid argument
2025-12-11T04:46:36.984642+00:00 mail postfix/postfix-script[15932]: starting the Postfix mail system
2025-12-11T04:46:36.989857+00:00 mail postfix/master[15933]: fatal: chmod socket private/smtpd: Invalid argument
2025-12-11T04:46:43.091353+00:00 mail postfix/postfix-script[16011]: starting the Postfix mail system
2025-12-11T04:46:43.096204+00:00 mail postfix/master[16012]: fatal: chmod socket private/smtpd: Invalid argument
2025-12-11T04:46:49.144822+00:00 mail postfix/postfix-script[16090]: starting the Postfix mail system
2025-12-11T04:46:49.149879+00:00 mail postfix/master[16091]: fatal: chmod socket private/smtpd: Invalid argument
2025-12-11T04:46:55.248397+00:00 mail postfix/postfix-script[16169]: starting the Postfix mail system
2025-12-11T04:46:55.253393+00:00 mail postfix/master[16170]: fatal: chmod socket private/smtpd: Invalid argument
2025-12-11T04:47:01.302001+00:00 mail postfix/postfix-script[16248]: starting the Postfix mail system
2025-12-11T04:47:01.307080+00:00 mail postfix/master[16249]: fatal: chmod socket private/smtpd: Invalid argument
2025-12-11T04:47:07.399036+00:00 mail postfix/postfix-script[16327]: starting the Postfix mail system
2025-12-11T04:47:07.404243+00:00 mail postfix/master[16328]: fatal: chmod socket private/smtpd: Invalid argument
2025-12-11T04:47:13.566449+00:00 mail postfix/postfix-script[16406]: starting the Postfix mail system
2025-12-11T04:47:13.572855+00:00 mail postfix/master[16407]: fatal: chmod socket private/smtpd: Invalid argument
2025-12-11T04:47:19.549052+00:00 mail postfix/postfix-script[16485]: starting the Postfix mail system
2025-12-11T04:47:19.554113+00:00 mail postfix/master[16486]: fatal: chmod socket private/smtpd: Invalid argument
2025-12-11T04:47:25.663834+00:00 mail postfix/postfix-script[16564]: starting the Postfix mail system
2025-12-11T04:47:25.668919+00:00 mail postfix/master[16565]: fatal: chmod socket private/smtpd: Invalid argument
2025-12-11T04:47:31.704645+00:00 mail postfix/postfix-script[16643]: starting the Postfix mail system
2025-12-11T04:47:31.709532+00:00 mail postfix/master[16644]: fatal: chmod socket private/smtpd: Invalid argument
2025-12-11T04:47:37.779933+00:00 mail postfix/postfix-script[16722]: starting the Postfix mail system
2025-12-11T04:47:37.784981+00:00 mail postfix/master[16723]: fatal: chmod socket private/smtpd: Invalid argument
2025-12-11T04:47:43.875151+00:00 mail postfix/postfix-script[16801]: starting the Postfix mail system
2025-12-11T04:47:43.880406+00:00 mail postfix/master[16802]: fatal: chmod socket private/smtpd: Invalid argument
2025-12-11T04:47:49.933390+00:00 mail postfix/postfix-script[16880]: starting the Postfix mail system
2025-12-11T04:47:49.938332+00:00 mail postfix/master[16881]: fatal: chmod socket private/smtpd: Invalid argument
2025-12-11T04:47:56.042361+00:00 mail postfix/postfix-script[16959]: starting the Postfix mail system
2025-12-11T04:47:56.047402+00:00 mail postfix/master[16960]: fatal: chmod socket private/smtpd: Invalid argument
2025-12-11T04:48:02.089361+00:00 mail postfix/postfix-script[17038]: starting the Postfix mail system
2025-12-11T04:48:02.094224+00:00 mail postfix/master[17039]: fatal: chmod socket private/smtpd: Invalid argument
2025-12-11T04:48:08.215667+00:00 mail postfix/postfix-script[17117]: starting the Postfix mail system
2025-12-11T04:48:08.222294+00:00 mail postfix/master[17118]: fatal: chmod socket private/smtpd: Invalid argument
2025-12-11T04:48:14.246208+00:00 mail postfix/postfix-script[17196]: starting the Postfix mail system
2025-12-11T04:48:14.251155+00:00 mail postfix/master[17197]: fatal: chmod socket private/smtpd: Invalid argument
2025-12-11T04:48:20.298467+00:00 mail postfix/postfix-script[17275]: starting the Postfix mail system
2025-12-11T04:48:20.303785+00:00 mail postfix/master[17276]: fatal: chmod socket private/smtpd: Invalid argument
2025-12-11T04:48:26.414997+00:00 mail postfix/postfix-script[17354]: starting the Postfix mail system
2025-12-11T04:48:26.420188+00:00 mail postfix/master[17355]: fatal: chmod socket private/smtpd: Invalid argument
2025-12-11T04:48:32.538008+00:00 mail postfix/postfix-script[17433]: starting the Postfix mail system
2025-12-11T04:48:32.544024+00:00 mail postfix/master[17434]: fatal: chmod socket private/smtpd: Invalid argument
2025-12-11T04:48:38.598475+00:00 mail postfix/postfix-script[17512]: starting the Postfix mail system
2025-12-11T04:48:38.603498+00:00 mail postfix/master[17513]: fatal: chmod socket private/smtpd: Invalid argument
2025-12-11T04:48:44.681631+00:00 mail postfix/postfix-script[17591]: starting the Postfix mail system
2025-12-11T04:48:44.691038+00:00 mail postfix/master[17592]: fatal: chmod socket private/smtpd: Invalid argument
2025-12-11T04:48:50.837336+00:00 mail postfix/postfix-script[17670]: starting the Postfix mail system
2025-12-11T04:48:50.843878+00:00 mail postfix/master[17671]: fatal: chmod socket private/smtpd: Invalid argument
2025-12-11T04:48:56.909891+00:00 mail postfix/postfix-script[17749]: starting the Postfix mail system
2025-12-11T04:48:56.916002+00:00 mail postfix/master[17750]: fatal: chmod socket private/smtpd: Invalid argument
2025-12-11T04:49:02.930979+00:00 mail postfix/postfix-script[17828]: starting the Postfix mail system
2025-12-11T04:49:02.936394+00:00 mail postfix/master[17829]: fatal: chmod socket private/smtpd: Invalid argument
2025-12-11T04:49:08.971224+00:00 mail postfix/postfix-script[17907]: starting the Postfix mail system
2025-12-11T04:49:08.976633+00:00 mail postfix/master[17908]: fatal: chmod socket private/smtpd: Invalid argument
2025-12-11T04:49:15.121716+00:00 mail postfix/postfix-script[17986]: starting the Postfix mail system
2025-12-11T04:49:15.128769+00:00 mail postfix/master[17987]: fatal: chmod socket private/smtpd: Invalid argument
2025-12-11T04:49:21.109946+00:00 mail postfix/postfix-script[18065]: starting the Postfix mail system
2025-12-11T04:49:21.115404+00:00 mail postfix/master[18066]: fatal: chmod socket private/smtpd: Invalid argument
2025-12-11T04:49:27.210032+00:00 mail postfix/postfix-script[18144]: starting the Postfix mail system
2025-12-11T04:49:27.216446+00:00 mail postfix/master[18145]: fatal: chmod socket private/smtpd: Invalid argument
2025-12-11T04:49:33.303284+00:00 mail postfix/postfix-script[18223]: starting the Postfix mail system
2025-12-11T04:49:33.309135+00:00 mail postfix/master[18224]: fatal: chmod socket private/smtpd: Invalid argument
2025-12-11T04:49:38.354134+00:00 mail postfix/postfix-script[18302]: starting the Postfix mail system
2025-12-11T04:49:38.361152+00:00 mail postfix/master[18303]: fatal: chmod socket private/smtpd: Invalid argument
2025-12-11T04:49:44.411311+00:00 mail postfix/postfix-script[18381]: starting the Postfix mail system
2025-12-11T04:49:44.416262+00:00 mail postfix/master[18382]: fatal: chmod socket private/smtpd: Invalid argument
2025-12-11T04:49:50.471821+00:00 mail postfix/postfix-script[18460]: starting the Postfix mail system
2025-12-11T04:49:50.477152+00:00 mail postfix/master[18461]: fatal: chmod socket private/smtpd: Invalid argument
2025-12-11T04:49:55.662704+00:00 mail postfix/postfix-script[18539]: starting the Postfix mail system
2025-12-11T04:49:55.667969+00:00 mail postfix/master[18540]: fatal: chmod socket private/smtpd: Invalid argument
2025-12-11T04:50:01.776572+00:00 mail postfix/postfix-script[18618]: starting the Postfix mail system
2025-12-11T04:50:01.783480+00:00 mail postfix/master[18619]: fatal: chmod socket private/smtpd: Invalid argument
2025-12-11T04:50:07.761111+00:00 mail postfix/postfix-script[18697]: starting the Postfix mail system
2025-12-11T04:50:07.766344+00:00 mail postfix/master[18698]: fatal: chmod socket private/smtpd: Invalid argument
2025-12-11T04:50:13.835550+00:00 mail postfix/postfix-script[18776]: starting the Postfix mail system
2025-12-11T04:50:13.840359+00:00 mail postfix/master[18777]: fatal: chmod socket private/smtpd: Invalid argument
2025-12-11T04:50:19.961943+00:00 mail postfix/postfix-script[18855]: starting the Postfix mail system
2025-12-11T04:50:19.967275+00:00 mail postfix/master[18856]: fatal: chmod socket private/smtpd: Invalid argument
2025-12-11T04:50:26.052713+00:00 mail postfix/postfix-script[18934]: starting the Postfix mail system
2025-12-11T04:50:26.058140+00:00 mail postfix/master[18935]: fatal: chmod socket private/smtpd: Invalid argument
2025-12-11T04:50:32.151148+00:00 mail postfix/postfix-script[19013]: starting the Postfix mail system
2025-12-11T04:50:32.156486+00:00 mail postfix/master[19014]: fatal: chmod socket private/smtpd: Invalid argument
2025-12-11T04:50:38.181537+00:00 mail postfix/postfix-script[19092]: starting the Postfix mail system
2025-12-11T04:50:38.189936+00:00 mail postfix/master[19093]: fatal: chmod socket private/smtpd: Invalid argument
2025-12-11T04:50:44.461060+00:00 mail postfix/postfix-script[19171]: starting the Postfix mail system
2025-12-11T04:50:44.470463+00:00 mail postfix/master[19172]: fatal: chmod socket private/smtpd: Invalid argument
2025-12-11T04:50:50.416925+00:00 mail postfix/postfix-script[19250]: starting the Postfix mail system
2025-12-11T04:50:50.421958+00:00 mail postfix/master[19251]: fatal: chmod socket private/smtpd: Invalid argument
2025-12-11T04:50:56.438495+00:00 mail postfix/postfix-script[19329]: starting the Postfix mail system
2025-12-11T04:50:56.443854+00:00 mail postfix/master[19330]: fatal: chmod socket private/smtpd: Invalid argument
2025-12-11T04:51:02.554432+00:00 mail postfix/postfix-script[19408]: starting the Postfix mail system
2025-12-11T04:51:02.560178+00:00 mail postfix/master[19409]: fatal: chmod socket private/smtpd: Invalid argument
2025-12-11T04:51:08.602634+00:00 mail postfix/postfix-script[19487]: starting the Postfix mail system
2025-12-11T04:51:08.607731+00:00 mail postfix/master[19488]: fatal: chmod socket private/smtpd: Invalid argument
2025-12-11T04:51:14.708407+00:00 mail postfix/postfix-script[19566]: starting the Postfix mail system
2025-12-11T04:51:14.715549+00:00 mail postfix/master[19567]: fatal: chmod socket private/smtpd: Invalid argument
2025-12-11T04:51:20.754033+00:00 mail postfix/postfix-script[19645]: starting the Postfix mail system
2025-12-11T04:51:20.759146+00:00 mail postfix/master[19646]: fatal: chmod socket private/smtpd: Invalid argument
2025-12-11T04:51:27.076369+00:00 mail postfix/postfix-script[19724]: starting the Postfix mail system
2025-12-11T04:51:27.086328+00:00 mail postfix/master[19725]: fatal: chmod socket private/smtpd: Invalid argument
2025-12-11T04:51:32.978443+00:00 mail postfix/postfix-script[19803]: starting the Postfix mail system
2025-12-11T04:51:32.983479+00:00 mail postfix/master[19804]: fatal: chmod socket private/smtpd: Invalid argument
2025-12-11T04:51:39.052544+00:00 mail postfix/postfix-script[19882]: starting the Postfix mail system
2025-12-11T04:51:39.060654+00:00 mail postfix/master[19883]: fatal: chmod socket private/smtpd: Invalid argument
2025-12-11T04:51:45.549886+00:00 mail postfix/postfix-script[19961]: starting the Postfix mail system
2025-12-11T04:51:45.569580+00:00 mail postfix/master[19962]: fatal: chmod socket private/smtpd: Invalid argument
2025-12-11T04:51:51.369606+00:00 mail postfix/postfix-script[20040]: starting the Postfix mail system
2025-12-11T04:51:51.447872+00:00 mail postfix/master[20041]: fatal: chmod socket private/smtpd: Invalid argument
2025-12-11T04:51:57.358759+00:00 mail postfix/postfix-script[20119]: starting the Postfix mail system
2025-12-11T04:51:57.364598+00:00 mail postfix/master[20120]: fatal: chmod socket private/smtpd: Invalid argument
2025-12-11T04:52:03.625703+00:00 mail postfix/postfix-script[20198]: starting the Postfix mail system
2025-12-11T04:52:03.633146+00:00 mail postfix/master[20199]: fatal: chmod socket private/smtpd: Invalid argument
2025-12-11T04:52:09.543213+00:00 mail postfix/postfix-script[20277]: starting the Postfix mail system
2025-12-11T04:52:09.548672+00:00 mail postfix/master[20278]: fatal: chmod socket private/smtpd: Invalid argument
2025-12-11T04:52:15.621980+00:00 mail postfix/postfix-script[20356]: starting the Postfix mail system
2025-12-11T04:52:15.627026+00:00 mail postfix/master[20357]: fatal: chmod socket private/smtpd: Invalid argument
2025-12-11T04:52:21.739072+00:00 mail postfix/postfix-script[20435]: starting the Postfix mail system
2025-12-11T04:52:21.744516+00:00 mail postfix/master[20436]: fatal: chmod socket private/smtpd: Invalid argument
2025-12-11T04:52:27.808870+00:00 mail postfix/postfix-script[20514]: starting the Postfix mail system
2025-12-11T04:52:27.815281+00:00 mail postfix/master[20515]: fatal: chmod socket private/smtpd: Invalid argument
2025-12-11T04:52:33.859613+00:00 mail postfix/postfix-script[20593]: starting the Postfix mail system
2025-12-11T04:52:33.866008+00:00 mail postfix/master[20594]: fatal: chmod socket private/smtpd: Invalid argument
2025-12-11T04:52:39.921987+00:00 mail postfix/postfix-script[20672]: starting the Postfix mail system
2025-12-11T04:52:39.927055+00:00 mail postfix/master[20673]: fatal: chmod socket private/smtpd: Invalid argument
2025-12-11T04:52:46.010077+00:00 mail postfix/postfix-script[20751]: starting the Postfix mail system
2025-12-11T04:52:46.014999+00:00 mail postfix/master[20752]: fatal: chmod socket private/smtpd: Invalid argument
2025-12-11T04:52:52.078295+00:00 mail postfix/postfix-script[20830]: starting the Postfix mail system
2025-12-11T04:52:52.083437+00:00 mail postfix/master[20831]: fatal: chmod socket private/smtpd: Invalid argument
2025-12-11T04:52:58.161061+00:00 mail postfix/postfix-script[20909]: starting the Postfix mail system
2025-12-11T04:52:58.166167+00:00 mail postfix/master[20910]: fatal: chmod socket private/smtpd: Invalid argument
2025-12-11T04:53:04.249204+00:00 mail postfix/postfix-script[20988]: starting the Postfix mail system
2025-12-11T04:53:04.254211+00:00 mail postfix/master[20989]: fatal: chmod socket private/smtpd: Invalid argument
2025-12-11T04:53:10.326891+00:00 mail postfix/postfix-script[21067]: starting the Postfix mail system
2025-12-11T04:53:10.332106+00:00 mail postfix/master[21068]: fatal: chmod socket private/smtpd: Invalid argument
2025-12-11T04:53:16.436603+00:00 mail postfix/postfix-script[21146]: starting the Postfix mail system
2025-12-11T04:53:16.441869+00:00 mail postfix/master[21147]: fatal: chmod socket private/smtpd: Invalid argument
2025-12-11T04:53:22.524858+00:00 mail postfix/postfix-script[21225]: starting the Postfix mail system
2025-12-11T04:53:22.529850+00:00 mail postfix/master[21226]: fatal: chmod socket private/smtpd: Invalid argument
2025-12-11T04:53:28.579377+00:00 mail postfix/postfix-script[21304]: starting the Postfix mail system
2025-12-11T04:53:28.586099+00:00 mail postfix/master[21305]: fatal: chmod socket private/smtpd: Invalid argument
2025-12-11T04:53:34.640779+00:00 mail postfix/postfix-script[21383]: starting the Postfix mail system
2025-12-11T04:53:34.645771+00:00 mail postfix/master[21384]: fatal: chmod socket private/smtpd: Invalid argument
2025-12-11T04:53:40.775944+00:00 mail postfix/postfix-script[21465]: starting the Postfix mail system
2025-12-11T04:53:40.780996+00:00 mail postfix/master[21466]: fatal: chmod socket private/smtpd: Invalid argument
2025-12-11T04:53:46.785190+00:00 mail postfix/postfix-script[21544]: starting the Postfix mail system
2025-12-11T04:53:46.790438+00:00 mail postfix/master[21545]: fatal: chmod socket private/smtpd: Invalid argument
2025-12-11T04:53:52.866266+00:00 mail postfix/postfix-script[21623]: starting the Postfix mail system
2025-12-11T04:53:52.871637+00:00 mail postfix/master[21624]: fatal: chmod socket private/smtpd: Invalid argument
2025-12-11T04:53:58.933143+00:00 mail postfix/postfix-script[21702]: starting the Postfix mail system
2025-12-11T04:53:58.937950+00:00 mail postfix/master[21703]: fatal: chmod socket private/smtpd: Invalid argument
2025-12-11T04:54:05.010222+00:00 mail postfix/postfix-script[21781]: starting the Postfix mail system
2025-12-11T04:54:05.015819+00:00 mail postfix/master[21782]: fatal: chmod socket private/smtpd: Invalid argument
2025-12-11T04:54:11.085981+00:00 mail postfix/postfix-script[21860]: starting the Postfix mail system
2025-12-11T04:54:11.090914+00:00 mail postfix/master[21861]: fatal: chmod socket private/smtpd: Invalid argument
2025-12-11T04:54:17.179601+00:00 mail postfix/postfix-script[21939]: starting the Postfix mail system
2025-12-11T04:54:17.184473+00:00 mail postfix/master[21940]: fatal: chmod socket private/smtpd: Invalid argument
2025-12-11T04:54:23.243455+00:00 mail postfix/postfix-script[22018]: starting the Postfix mail system
2025-12-11T04:54:23.248151+00:00 mail postfix/master[22019]: fatal: chmod socket private/smtpd: Invalid argument
2025-12-11T04:54:29.321513+00:00 mail postfix/postfix-script[22097]: starting the Postfix mail system
2025-12-11T04:54:29.326640+00:00 mail postfix/master[22098]: fatal: chmod socket private/smtpd: Invalid argument
2025-12-11T04:54:35.401756+00:00 mail postfix/postfix-script[22176]: starting the Postfix mail system
2025-12-11T04:54:35.406934+00:00 mail postfix/master[22177]: fatal: chmod socket private/smtpd: Invalid argument
2025-12-11T04:54:41.486515+00:00 mail postfix/postfix-script[22255]: starting the Postfix mail system
2025-12-11T04:54:41.491706+00:00 mail postfix/master[22256]: fatal: chmod socket private/smtpd: Invalid argument
2025-12-11T04:54:47.555742+00:00 mail postfix/postfix-script[22334]: starting the Postfix mail system
2025-12-11T04:54:47.560804+00:00 mail postfix/master[22335]: fatal: chmod socket private/smtpd: Invalid argument
2025-12-11T04:54:53.762098+00:00 mail postfix/postfix-script[22413]: starting the Postfix mail system
2025-12-11T04:54:53.767643+00:00 mail postfix/master[22414]: fatal: chmod socket private/smtpd: Invalid argument
2025-12-11T04:54:59.768601+00:00 mail postfix/postfix-script[22492]: starting the Postfix mail system
2025-12-11T04:54:59.774126+00:00 mail postfix/master[22493]: fatal: chmod socket private/smtpd: Invalid argument
2025-12-11T04:55:05.832104+00:00 mail postfix/postfix-script[22571]: starting the Postfix mail system
2025-12-11T04:55:05.837266+00:00 mail postfix/master[22572]: fatal: chmod socket private/smtpd: Invalid argument
2025-12-11T04:55:12.253100+00:00 mail postfix/postfix-script[22650]: starting the Postfix mail system
2025-12-11T04:55:12.260333+00:00 mail postfix/master[22651]: fatal: chmod socket private/smtpd: Invalid argument
2025-12-11T04:55:18.168963+00:00 mail postfix/postfix-script[22729]: starting the Postfix mail system
2025-12-11T04:55:18.175820+00:00 mail postfix/master[22730]: fatal: chmod socket private/smtpd: Invalid argument
2025-12-11T04:55:24.383366+00:00 mail postfix/postfix-script[22808]: starting the Postfix mail system
2025-12-11T04:55:24.391127+00:00 mail postfix/master[22809]: fatal: chmod socket private/smtpd: Invalid argument
2025-12-11T04:55:30.357943+00:00 mail postfix/postfix-script[22887]: starting the Postfix mail system
2025-12-11T04:55:30.364927+00:00 mail postfix/master[22888]: fatal: chmod socket private/smtpd: Invalid argument
2025-12-11T04:55:36.458569+00:00 mail postfix/postfix-script[22966]: starting the Postfix mail system
2025-12-11T04:55:36.463650+00:00 mail postfix/master[22967]: fatal: chmod socket private/smtpd: Invalid argument
2025-12-11T04:55:42.590148+00:00 mail postfix/postfix-script[23045]: starting the Postfix mail system
2025-12-11T04:55:42.597034+00:00 mail postfix/master[23046]: fatal: chmod socket private/smtpd: Invalid argument
2025-12-11T04:55:48.622755+00:00 mail postfix/postfix-script[23124]: starting the Postfix mail system
2025-12-11T04:55:48.630859+00:00 mail postfix/master[23125]: fatal: chmod socket private/smtpd: Invalid argument
2025-12-11T04:55:54.666962+00:00 mail postfix/postfix-script[23203]: starting the Postfix mail system
2025-12-11T04:55:54.674804+00:00 mail postfix/master[23204]: fatal: chmod socket private/smtpd: Invalid argument
2025-12-11T04:56:00.812930+00:00 mail postfix/postfix-script[23282]: starting the Postfix mail system
2025-12-11T04:56:00.819976+00:00 mail postfix/master[23283]: fatal: chmod socket private/smtpd: Invalid argument
2025-12-11T04:56:06.965413+00:00 mail postfix/postfix-script[23361]: starting the Postfix mail system
2025-12-11T04:56:06.974441+00:00 mail postfix/master[23362]: fatal: chmod socket private/smtpd: Invalid argument
2025-12-11T04:56:13.037543+00:00 mail postfix/postfix-script[23440]: starting the Postfix mail system
2025-12-11T04:56:13.049388+00:00 mail postfix/master[23441]: fatal: chmod socket private/smtpd: Invalid argument
2025-12-11T04:56:18.997356+00:00 mail postfix/postfix-script[23519]: starting the Postfix mail system
2025-12-11T04:56:19.002257+00:00 mail postfix/master[23520]: fatal: chmod socket private/smtpd: Invalid argument
2025-12-11T04:56:25.097863+00:00 mail postfix/postfix-script[23598]: starting the Postfix mail system
2025-12-11T04:56:25.103012+00:00 mail postfix/master[23599]: fatal: chmod socket private/smtpd: Invalid argument
2025-12-11T04:56:31.210847+00:00 mail postfix/postfix-script[23677]: starting the Postfix mail system
2025-12-11T04:56:31.217965+00:00 mail postfix/master[23678]: fatal: chmod socket private/smtpd: Invalid argument
2025-12-11T04:56:37.259986+00:00 mail postfix/postfix-script[23756]: starting the Postfix mail system
2025-12-11T04:56:37.265147+00:00 mail postfix/master[23757]: fatal: chmod socket private/smtpd: Invalid argument
2025-12-11T04:56:43.317494+00:00 mail postfix/postfix-script[23835]: starting the Postfix mail system
2025-12-11T04:56:43.322732+00:00 mail postfix/master[23836]: fatal: chmod socket private/smtpd: Invalid argument
2025-12-11T04:56:49.400477+00:00 mail postfix/postfix-script[23914]: starting the Postfix mail system
2025-12-11T04:56:49.405515+00:00 mail postfix/master[23915]: fatal: chmod socket private/smtpd: Invalid argument
2025-12-11T04:56:55.461980+00:00 mail postfix/postfix-script[23993]: starting the Postfix mail system
2025-12-11T04:56:55.467116+00:00 mail postfix/master[23994]: fatal: chmod socket private/smtpd: Invalid argument
2025-12-11T04:57:01.551708+00:00 mail postfix/postfix-script[24072]: starting the Postfix mail system
2025-12-11T04:57:01.557344+00:00 mail postfix/master[24073]: fatal: chmod socket private/smtpd: Invalid argument
2025-12-11T04:57:07.597201+00:00 mail postfix/postfix-script[24151]: starting the Postfix mail system
2025-12-11T04:57:07.602181+00:00 mail postfix/master[24152]: fatal: chmod socket private/smtpd: Invalid argument
2025-12-11T04:57:13.763719+00:00 mail postfix/postfix-script[24230]: starting the Postfix mail system
2025-12-11T04:57:13.769979+00:00 mail postfix/master[24231]: fatal: chmod socket private/smtpd: Invalid argument
2025-12-11T04:57:19.762742+00:00 mail postfix/postfix-script[24309]: starting the Postfix mail system
2025-12-11T04:57:19.768220+00:00 mail postfix/master[24310]: fatal: chmod socket private/smtpd: Invalid argument
2025-12-11T04:57:25.854074+00:00 mail postfix/postfix-script[24388]: starting the Postfix mail system
2025-12-11T04:57:25.859060+00:00 mail postfix/master[24389]: fatal: chmod socket private/smtpd: Invalid argument
2025-12-11T04:57:31.919507+00:00 mail postfix/postfix-script[24470]: starting the Postfix mail system
2025-12-11T04:57:31.924714+00:00 mail postfix/master[24471]: fatal: chmod socket private/smtpd: Invalid argument
2025-12-11T04:57:38.014888+00:00 mail postfix/postfix-script[24549]: starting the Postfix mail system
2025-12-11T04:57:38.023209+00:00 mail postfix/master[24550]: fatal: chmod socket private/smtpd: Invalid argument
2025-12-11T04:57:44.077481+00:00 mail postfix/postfix-script[24628]: starting the Postfix mail system
2025-12-11T04:57:44.083896+00:00 mail postfix/master[24629]: fatal: chmod socket private/smtpd: Invalid argument
2025-12-11T04:57:50.138695+00:00 mail postfix/postfix-script[24707]: starting the Postfix mail system
2025-12-11T04:57:50.143898+00:00 mail postfix/master[24708]: fatal: chmod socket private/smtpd: Invalid argument
2025-12-11T04:57:56.397506+00:00 mail postfix/postfix-script[24786]: starting the Postfix mail system
2025-12-11T04:57:56.403451+00:00 mail postfix/master[24787]: fatal: chmod socket private/smtpd: Invalid argument
2025-12-11T04:58:02.309803+00:00 mail postfix/postfix-script[24865]: starting the Postfix mail system
2025-12-11T04:58:02.315144+00:00 mail postfix/master[24866]: fatal: chmod socket private/smtpd: Invalid argument
2025-12-11T04:58:07.746296+00:00 mail postfix/postfix-script[24941]: starting the Postfix mail system
2025-12-11T04:58:07.776521+00:00 mail postfix/master[24942]: fatal: chmod socket private/smtpd: Invalid argument
2025-12-11T04:58:13.871092+00:00 mail postfix/postfix-script[25020]: starting the Postfix mail system
2025-12-11T04:58:13.880610+00:00 mail postfix/master[25021]: fatal: chmod socket private/smtpd: Invalid argument
2025-12-11T04:58:20.100475+00:00 mail postfix/postfix-script[25099]: starting the Postfix mail system
2025-12-11T04:58:20.107134+00:00 mail postfix/master[25100]: fatal: chmod socket private/smtpd: Invalid argument
2025-12-11T04:58:26.091199+00:00 mail postfix/postfix-script[25178]: starting the Postfix mail system
2025-12-11T04:58:26.101312+00:00 mail postfix/master[25179]: fatal: chmod socket private/smtpd: Invalid argument
2025-12-11T04:58:31.998111+00:00 mail postfix/postfix-script[25257]: starting the Postfix mail system
2025-12-11T04:58:32.002947+00:00 mail postfix/master[25258]: fatal: chmod socket private/smtpd: Invalid argument
2025-12-11T04:58:38.086794+00:00 mail postfix/postfix-script[25336]: starting the Postfix mail system
2025-12-11T04:58:38.093511+00:00 mail postfix/master[25337]: fatal: chmod socket private/smtpd: Invalid argument
2025-12-11T04:58:44.252281+00:00 mail postfix/postfix-script[25415]: starting the Postfix mail system
2025-12-11T04:58:44.257441+00:00 mail postfix/master[25416]: fatal: chmod socket private/smtpd: Invalid argument
2025-12-11T04:58:50.312359+00:00 mail postfix/postfix-script[25494]: starting the Postfix mail system
2025-12-11T04:58:50.321437+00:00 mail postfix/master[25495]: fatal: chmod socket private/smtpd: Invalid argument
2025-12-11T04:58:56.471391+00:00 mail postfix/postfix-script[25573]: starting the Postfix mail system
2025-12-11T04:58:56.477552+00:00 mail postfix/master[25574]: fatal: chmod socket private/smtpd: Invalid argument
2025-12-11T04:59:02.507213+00:00 mail postfix/postfix-script[25652]: starting the Postfix mail system
2025-12-11T04:59:02.512773+00:00 mail postfix/master[25653]: fatal: chmod socket private/smtpd: Invalid argument
2025-12-11T04:59:08.582468+00:00 mail postfix/postfix-script[25731]: starting the Postfix mail system
2025-12-11T04:59:08.587440+00:00 mail postfix/master[25732]: fatal: chmod socket private/smtpd: Invalid argument
2025-12-11T04:59:14.686009+00:00 mail postfix/postfix-script[25813]: starting the Postfix mail system
2025-12-11T04:59:14.692313+00:00 mail postfix/master[25814]: fatal: chmod socket private/smtpd: Invalid argument
2025-12-11T04:59:20.827938+00:00 mail postfix/postfix-script[25892]: starting the Postfix mail system
2025-12-11T04:59:20.834303+00:00 mail postfix/master[25893]: fatal: chmod socket private/smtpd: Invalid argument
2025-12-11T04:59:26.814650+00:00 mail postfix/postfix-script[25971]: starting the Postfix mail system
2025-12-11T04:59:26.819844+00:00 mail postfix/master[25972]: fatal: chmod socket private/smtpd: Invalid argument
2025-12-11T04:59:32.973370+00:00 mail postfix/postfix-script[26050]: starting the Postfix mail system
2025-12-11T04:59:32.978916+00:00 mail postfix/master[26051]: fatal: chmod socket private/smtpd: Invalid argument
2025-12-11T04:59:38.975524+00:00 mail postfix/postfix-script[26129]: starting the Postfix mail system
2025-12-11T04:59:38.980545+00:00 mail postfix/master[26130]: fatal: chmod socket private/smtpd: Invalid argument
2025-12-11T04:59:45.011294+00:00 mail postfix/postfix-script[26208]: starting the Postfix mail system
2025-12-11T04:59:45.016403+00:00 mail postfix/master[26209]: fatal: chmod socket private/smtpd: Invalid argument
2025-12-11T04:59:51.099494+00:00 mail postfix/postfix-script[26287]: starting the Postfix mail system
2025-12-11T04:59:51.104450+00:00 mail postfix/master[26288]: fatal: chmod socket private/smtpd: Invalid argument
2025-12-11T04:59:57.169906+00:00 mail postfix/postfix-script[26366]: starting the Postfix mail system
2025-12-11T04:59:57.175323+00:00 mail postfix/master[26367]: fatal: chmod socket private/smtpd: Invalid argument
2025-12-11T05:00:03.241274+00:00 mail postfix/postfix-script[26445]: starting the Postfix mail system
2025-12-11T05:00:03.246637+00:00 mail postfix/master[26446]: fatal: chmod socket private/smtpd: Invalid argument
2025-12-11T05:00:09.347107+00:00 mail postfix/postfix-script[26524]: starting the Postfix mail system
2025-12-11T05:00:09.355741+00:00 mail postfix/master[26525]: fatal: chmod socket private/smtpd: Invalid argument
2025-12-11T05:00:15.395066+00:00 mail postfix/postfix-script[26603]: starting the Postfix mail system
2025-12-11T05:00:15.400771+00:00 mail postfix/master[26604]: fatal: chmod socket private/smtpd: Invalid argument
2025-12-11T05:00:21.505731+00:00 mail postfix/postfix-script[26682]: starting the Postfix mail system
2025-12-11T05:00:21.513248+00:00 mail postfix/master[26683]: fatal: chmod socket private/smtpd: Invalid argument
2025-12-11T05:00:27.576465+00:00 mail postfix/postfix-script[26761]: starting the Postfix mail system
2025-12-11T05:00:27.582102+00:00 mail postfix/master[26762]: fatal: chmod socket private/smtpd: Invalid argument
2025-12-11T05:00:33.607165+00:00 mail postfix/postfix-script[26840]: starting the Postfix mail system
2025-12-11T05:00:33.613157+00:00 mail postfix/master[26841]: fatal: chmod socket private/smtpd: Invalid argument
2025-12-11T05:00:39.734338+00:00 mail postfix/postfix-script[26919]: starting the Postfix mail system
2025-12-11T05:00:39.739464+00:00 mail postfix/master[26920]: fatal: chmod socket private/smtpd: Invalid argument
2025-12-11T05:00:45.807082+00:00 mail postfix/postfix-script[26998]: starting the Postfix mail system
2025-12-11T05:00:45.812402+00:00 mail postfix/master[26999]: fatal: chmod socket private/smtpd: Invalid argument
2025-12-11T05:00:51.956436+00:00 mail postfix/postfix-script[27077]: starting the Postfix mail system
2025-12-11T05:00:51.964487+00:00 mail postfix/master[27078]: fatal: chmod socket private/smtpd: Invalid argument
2025-12-11T05:00:57.916138+00:00 mail postfix/postfix-script[27156]: starting the Postfix mail system
2025-12-11T05:00:57.922341+00:00 mail postfix/master[27157]: fatal: chmod socket private/smtpd: Invalid argument
2025-12-11T05:01:04.110902+00:00 mail postfix/postfix-script[27235]: starting the Postfix mail system
2025-12-11T05:01:04.117093+00:00 mail postfix/master[27236]: fatal: chmod socket private/smtpd: Invalid argument
2025-12-11T05:01:10.121512+00:00 mail postfix/postfix-script[27314]: starting the Postfix mail system
2025-12-11T05:01:10.129901+00:00 mail postfix/master[27315]: fatal: chmod socket private/smtpd: Invalid argument
2025-12-11T05:01:16.237883+00:00 mail postfix/postfix-script[27393]: starting the Postfix mail system
2025-12-11T05:01:16.244469+00:00 mail postfix/master[27394]: fatal: chmod socket private/smtpd: Invalid argument
2025-12-11T05:01:22.313001+00:00 mail postfix/postfix-script[27472]: starting the Postfix mail system
2025-12-11T05:01:22.318540+00:00 mail postfix/master[27473]: fatal: chmod socket private/smtpd: Invalid argument
2025-12-11T05:01:28.484016+00:00 mail postfix/postfix-script[27551]: starting the Postfix mail system
2025-12-11T05:01:28.490645+00:00 mail postfix/master[27552]: fatal: chmod socket private/smtpd: Invalid argument
2025-12-11T05:01:34.422353+00:00 mail postfix/postfix-script[27630]: starting the Postfix mail system
2025-12-11T05:01:34.427642+00:00 mail postfix/master[27631]: fatal: chmod socket private/smtpd: Invalid argument
2025-12-11T05:01:40.598320+00:00 mail postfix/postfix-script[27709]: starting the Postfix mail system
2025-12-11T05:01:40.606671+00:00 mail postfix/master[27710]: fatal: chmod socket private/smtpd: Invalid argument
2025-12-11T05:01:46.844344+00:00 mail postfix/postfix-script[27788]: starting the Postfix mail system
2025-12-11T05:01:46.857232+00:00 mail postfix/master[27789]: fatal: chmod socket private/smtpd: Invalid argument
2025-12-11T05:01:52.772313+00:00 mail postfix/postfix-script[27867]: starting the Postfix mail system
2025-12-11T05:01:52.780728+00:00 mail postfix/master[27868]: fatal: chmod socket private/smtpd: Invalid argument
2025-12-11T05:01:58.979892+00:00 mail postfix/postfix-script[27946]: starting the Postfix mail system
2025-12-11T05:01:58.986061+00:00 mail postfix/master[27947]: fatal: chmod socket private/smtpd: Invalid argument
2025-12-11T05:02:05.056230+00:00 mail postfix/postfix-script[28025]: starting the Postfix mail system
2025-12-11T05:02:05.065582+00:00 mail postfix/master[28026]: fatal: chmod socket private/smtpd: Invalid argument
2025-12-11T05:02:11.301067+00:00 mail postfix/postfix-script[28104]: starting the Postfix mail system
2025-12-11T05:02:11.308562+00:00 mail postfix/master[28105]: fatal: chmod socket private/smtpd: Invalid argument
2025-12-11T05:02:17.438564+00:00 mail postfix/postfix-script[28183]: starting the Postfix mail system
2025-12-11T05:02:17.448016+00:00 mail postfix/master[28184]: fatal: chmod socket private/smtpd: Invalid argument
2025-12-11T05:02:23.551461+00:00 mail postfix/postfix-script[28265]: starting the Postfix mail system
2025-12-11T05:02:23.562589+00:00 mail postfix/master[28266]: fatal: chmod socket private/smtpd: Invalid argument
2025-12-11T05:02:29.776339+00:00 mail postfix/postfix-script[28344]: starting the Postfix mail system
2025-12-11T05:02:29.787694+00:00 mail postfix/master[28345]: fatal: chmod socket private/smtpd: Invalid argument
2025-12-11T05:02:35.834183+00:00 mail postfix/postfix-script[28423]: starting the Postfix mail system
2025-12-11T05:02:35.843314+00:00 mail postfix/master[28424]: fatal: chmod socket private/smtpd: Invalid argument
2025-12-11T05:02:41.926623+00:00 mail postfix/postfix-script[28502]: starting the Postfix mail system
2025-12-11T05:02:41.937238+00:00 mail postfix/master[28503]: fatal: chmod socket private/smtpd: Invalid argument
2025-12-11T05:02:48.086320+00:00 mail postfix/postfix-script[28581]: starting the Postfix mail system
2025-12-11T05:02:48.095274+00:00 mail postfix/master[28582]: fatal: chmod socket private/smtpd: Invalid argument
2025-12-11T05:02:54.327971+00:00 mail postfix/postfix-script[28660]: starting the Postfix mail system
2025-12-11T05:02:54.340214+00:00 mail postfix/master[28661]: fatal: chmod socket private/smtpd: Invalid argument
2025-12-11T05:03:00.442521+00:00 mail postfix/postfix-script[28739]: starting the Postfix mail system
2025-12-11T05:03:00.451648+00:00 mail postfix/master[28740]: fatal: chmod socket private/smtpd: Invalid argument
2025-12-11T05:03:06.552711+00:00 mail postfix/postfix-script[28818]: starting the Postfix mail system
2025-12-11T05:03:06.561557+00:00 mail postfix/master[28819]: fatal: chmod socket private/smtpd: Invalid argument
2025-12-11T05:03:12.608400+00:00 mail postfix/postfix-script[28897]: starting the Postfix mail system
2025-12-11T05:03:12.618850+00:00 mail postfix/master[28898]: fatal: chmod socket private/smtpd: Invalid argument
2025-12-11T05:03:18.763786+00:00 mail postfix/postfix-script[28976]: starting the Postfix mail system
2025-12-11T05:03:18.774696+00:00 mail postfix/master[28977]: fatal: chmod socket private/smtpd: Invalid argument
2025-12-11T05:03:24.827414+00:00 mail postfix/postfix-script[29055]: starting the Postfix mail system
2025-12-11T05:03:24.834668+00:00 mail postfix/master[29056]: fatal: chmod socket private/smtpd: Invalid argument
2025-12-11T05:03:30.904483+00:00 mail postfix/postfix-script[29134]: starting the Postfix mail system
2025-12-11T05:03:30.913705+00:00 mail postfix/master[29135]: fatal: chmod socket private/smtpd: Invalid argument
2025-12-11T05:03:36.979865+00:00 mail postfix/postfix-script[29213]: starting the Postfix mail system
2025-12-11T05:03:36.985984+00:00 mail postfix/master[29214]: fatal: chmod socket private/smtpd: Invalid argument
2025-12-11T05:03:43.037906+00:00 mail postfix/postfix-script[29292]: starting the Postfix mail system
2025-12-11T05:03:43.044126+00:00 mail postfix/master[29293]: fatal: chmod socket private/smtpd: Invalid argument
2025-12-11T05:03:49.155565+00:00 mail postfix/postfix-script[29371]: starting the Postfix mail system
2025-12-11T05:03:49.165280+00:00 mail postfix/master[29372]: fatal: chmod socket private/smtpd: Invalid argument
2025-12-11T05:03:55.218964+00:00 mail postfix/postfix-script[29450]: starting the Postfix mail system
2025-12-11T05:03:55.225752+00:00 mail postfix/master[29451]: fatal: chmod socket private/smtpd: Invalid argument
2025-12-11T05:04:01.462352+00:00 mail postfix/postfix-script[29529]: starting the Postfix mail system
2025-12-11T05:04:01.471273+00:00 mail postfix/master[29530]: fatal: chmod socket private/smtpd: Invalid argument
2025-12-11T05:04:07.483212+00:00 mail postfix/postfix-script[29608]: starting the Postfix mail system
2025-12-11T05:04:07.488034+00:00 mail postfix/master[29609]: fatal: chmod socket private/smtpd: Invalid argument
2025-12-11T05:04:12.548987+00:00 mail postfix/postfix-script[29687]: starting the Postfix mail system
2025-12-11T05:04:12.554542+00:00 mail postfix/master[29688]: fatal: chmod socket private/smtpd: Invalid argument
2025-12-11T05:04:18.652507+00:00 mail postfix/postfix-script[29766]: starting the Postfix mail system
2025-12-11T05:04:18.658674+00:00 mail postfix/master[29767]: fatal: chmod socket private/smtpd: Invalid argument
2025-12-11T05:04:24.733065+00:00 mail postfix/postfix-script[29845]: starting the Postfix mail system
2025-12-11T05:04:24.737999+00:00 mail postfix/master[29846]: fatal: chmod socket private/smtpd: Invalid argument
2025-12-11T05:04:30.848931+00:00 mail postfix/postfix-script[29924]: starting the Postfix mail system
2025-12-11T05:04:30.853939+00:00 mail postfix/master[29925]: fatal: chmod socket private/smtpd: Invalid argument
2025-12-11T05:04:36.969098+00:00 mail postfix/postfix-script[30003]: starting the Postfix mail system
2025-12-11T05:04:36.975848+00:00 mail postfix/master[30004]: fatal: chmod socket private/smtpd: Invalid argument
2025-12-11T05:04:43.058604+00:00 mail postfix/postfix-script[30082]: starting the Postfix mail system
2025-12-11T05:04:43.066491+00:00 mail postfix/master[30083]: fatal: chmod socket private/smtpd: Invalid argument
2025-12-11T05:04:49.179525+00:00 mail postfix/postfix-script[30161]: starting the Postfix mail system
2025-12-11T05:04:49.184549+00:00 mail postfix/master[30162]: fatal: chmod socket private/smtpd: Invalid argument
2025-12-11T05:04:55.251452+00:00 mail postfix/postfix-script[30240]: starting the Postfix mail system
2025-12-11T05:04:55.256111+00:00 mail postfix/master[30241]: fatal: chmod socket private/smtpd: Invalid argument
2025-12-11T05:05:01.310550+00:00 mail postfix/postfix-script[30319]: starting the Postfix mail system
2025-12-11T05:05:01.318926+00:00 mail postfix/master[30320]: fatal: chmod socket private/smtpd: Invalid argument
2025-12-11T05:05:07.401425+00:00 mail postfix/postfix-script[30398]: starting the Postfix mail system
2025-12-11T05:05:07.412456+00:00 mail postfix/master[30399]: fatal: chmod socket private/smtpd: Invalid argument
2025-12-11T05:05:13.495724+00:00 mail postfix/postfix-script[30477]: starting the Postfix mail system
2025-12-11T05:05:13.500614+00:00 mail postfix/master[30478]: fatal: chmod socket private/smtpd: Invalid argument
2025-12-11T05:05:19.649341+00:00 mail postfix/postfix-script[30556]: starting the Postfix mail system
2025-12-11T05:05:19.654126+00:00 mail postfix/master[30557]: fatal: chmod socket private/smtpd: Invalid argument
2025-12-11T05:05:25.691799+00:00 mail postfix/postfix-script[30635]: starting the Postfix mail system
2025-12-11T05:05:25.697911+00:00 mail postfix/master[30636]: fatal: chmod socket private/smtpd: Invalid argument
2025-12-11T05:05:31.768149+00:00 mail postfix/postfix-script[30714]: starting the Postfix mail system
2025-12-11T05:05:31.776511+00:00 mail postfix/master[30715]: fatal: chmod socket private/smtpd: Invalid argument
2025-12-11T05:05:37.871307+00:00 mail postfix/postfix-script[30793]: starting the Postfix mail system
2025-12-11T05:05:37.880228+00:00 mail postfix/master[30794]: fatal: chmod socket private/smtpd: Invalid argument
2025-12-11T05:05:43.969455+00:00 mail postfix/postfix-script[30872]: starting the Postfix mail system
2025-12-11T05:05:43.978168+00:00 mail postfix/master[30873]: fatal: chmod socket private/smtpd: Invalid argument
2025-12-11T05:05:50.074677+00:00 mail postfix/postfix-script[30951]: starting the Postfix mail system
2025-12-11T05:05:50.083400+00:00 mail postfix/master[30952]: fatal: chmod socket private/smtpd: Invalid argument
2025-12-11T05:05:56.151979+00:00 mail postfix/postfix-script[31030]: starting the Postfix mail system
2025-12-11T05:05:56.157134+00:00 mail postfix/master[31031]: fatal: chmod socket private/smtpd: Invalid argument
2025-12-11T05:06:02.252137+00:00 mail postfix/postfix-script[31109]: starting the Postfix mail system
2025-12-11T05:06:02.258745+00:00 mail postfix/master[31110]: fatal: chmod socket private/smtpd: Invalid argument
2025-12-11T05:06:08.332012+00:00 mail postfix/postfix-script[31188]: starting the Postfix mail system
2025-12-11T05:06:08.339522+00:00 mail postfix/master[31189]: fatal: chmod socket private/smtpd: Invalid argument
2025-12-11T05:06:14.417595+00:00 mail postfix/postfix-script[31267]: starting the Postfix mail system
2025-12-11T05:06:14.423903+00:00 mail postfix/master[31268]: fatal: chmod socket private/smtpd: Invalid argument
2025-12-11T05:06:20.507432+00:00 mail postfix/postfix-script[31346]: starting the Postfix mail system
2025-12-11T05:06:20.513031+00:00 mail postfix/master[31347]: fatal: chmod socket private/smtpd: Invalid argument
2025-12-11T05:06:26.613284+00:00 mail postfix/postfix-script[31425]: starting the Postfix mail system
2025-12-11T05:06:26.618440+00:00 mail postfix/master[31426]: fatal: chmod socket private/smtpd: Invalid argument
2025-12-11T05:06:32.703199+00:00 mail postfix/postfix-script[31504]: starting the Postfix mail system
2025-12-11T05:06:32.709886+00:00 mail postfix/master[31505]: fatal: chmod socket private/smtpd: Invalid argument
2025-12-11T05:06:38.774884+00:00 mail postfix/postfix-script[31583]: starting the Postfix mail system
2025-12-11T05:06:38.781270+00:00 mail postfix/master[31584]: fatal: chmod socket private/smtpd: Invalid argument
2025-12-11T05:06:44.875869+00:00 mail postfix/postfix-script[31662]: starting the Postfix mail system
2025-12-11T05:06:44.883673+00:00 mail postfix/master[31663]: fatal: chmod socket private/smtpd: Invalid argument
2025-12-11T05:06:50.960597+00:00 mail postfix/postfix-script[31741]: starting the Postfix mail system
2025-12-11T05:06:50.966852+00:00 mail postfix/master[31742]: fatal: chmod socket private/smtpd: Invalid argument
2025-12-11T05:06:57.049534+00:00 mail postfix/postfix-script[31820]: starting the Postfix mail system
2025-12-11T05:06:57.055095+00:00 mail postfix/master[31821]: fatal: chmod socket private/smtpd: Invalid argument
2025-12-11T05:07:03.129916+00:00 mail postfix/postfix-script[31899]: starting the Postfix mail system
2025-12-11T05:07:03.134883+00:00 mail postfix/master[31900]: fatal: chmod socket private/smtpd: Invalid argument
2025-12-11T05:07:09.270882+00:00 mail postfix/postfix-script[31981]: starting the Postfix mail system
2025-12-11T05:07:09.277208+00:00 mail postfix/master[31982]: fatal: chmod socket private/smtpd: Invalid argument
2025-12-11T05:07:15.332160+00:00 mail postfix/postfix-script[32060]: starting the Postfix mail system
2025-12-11T05:07:15.338245+00:00 mail postfix/master[32061]: fatal: chmod socket private/smtpd: Invalid argument
2025-12-11T05:07:21.445592+00:00 mail postfix/postfix-script[32139]: starting the Postfix mail system
2025-12-11T05:07:21.453115+00:00 mail postfix/master[32140]: fatal: chmod socket private/smtpd: Invalid argument
2025-12-11T05:07:27.503710+00:00 mail postfix/postfix-script[32218]: starting the Postfix mail system
2025-12-11T05:07:27.510129+00:00 mail postfix/master[32219]: fatal: chmod socket private/smtpd: Invalid argument
2025-12-11T05:07:33.596652+00:00 mail postfix/postfix-script[32297]: starting the Postfix mail system
2025-12-11T05:07:33.603048+00:00 mail postfix/master[32298]: fatal: chmod socket private/smtpd: Invalid argument
2025-12-11T05:07:39.678107+00:00 mail postfix/postfix-script[32376]: starting the Postfix mail system
2025-12-11T05:07:39.683024+00:00 mail postfix/master[32377]: fatal: chmod socket private/smtpd: Invalid argument
2025-12-11T05:07:45.777767+00:00 mail postfix/postfix-script[32455]: starting the Postfix mail system
2025-12-11T05:07:45.782917+00:00 mail postfix/master[32456]: fatal: chmod socket private/smtpd: Invalid argument
2025-12-11T05:07:51.869804+00:00 mail postfix/postfix-script[32534]: starting the Postfix mail system
2025-12-11T05:07:51.875093+00:00 mail postfix/master[32535]: fatal: chmod socket private/smtpd: Invalid argument
2025-12-11T05:07:57.933892+00:00 mail postfix/postfix-script[32613]: starting the Postfix mail system
2025-12-11T05:07:57.955730+00:00 mail postfix/master[32614]: fatal: chmod socket private/smtpd: Invalid argument
2025-12-11T05:08:04.032792+00:00 mail postfix/postfix-script[32692]: starting the Postfix mail system
2025-12-11T05:08:04.038780+00:00 mail postfix/master[32693]: fatal: chmod socket private/smtpd: Invalid argument
2025-12-11T05:08:10.173188+00:00 mail postfix/postfix-script[32771]: starting the Postfix mail system
2025-12-11T05:08:10.179083+00:00 mail postfix/master[32772]: fatal: chmod socket private/smtpd: Invalid argument
2025-12-11T05:08:16.243452+00:00 mail postfix/postfix-script[32850]: starting the Postfix mail system
2025-12-11T05:08:16.252233+00:00 mail postfix/master[32851]: fatal: chmod socket private/smtpd: Invalid argument
2025-12-11T05:08:22.290540+00:00 mail postfix/postfix-script[32929]: starting the Postfix mail system
2025-12-11T05:08:22.299502+00:00 mail postfix/master[32930]: fatal: chmod socket private/smtpd: Invalid argument
2025-12-11T05:08:28.398564+00:00 mail postfix/postfix-script[33008]: starting the Postfix mail system
2025-12-11T05:08:28.405030+00:00 mail postfix/master[33009]: fatal: chmod socket private/smtpd: Invalid argument
2025-12-11T05:08:34.476891+00:00 mail postfix/postfix-script[33087]: starting the Postfix mail system
2025-12-11T05:08:34.481797+00:00 mail postfix/master[33088]: fatal: chmod socket private/smtpd: Invalid argument
2025-12-11T05:08:40.604925+00:00 mail postfix/postfix-script[33166]: starting the Postfix mail system
2025-12-11T05:08:40.611660+00:00 mail postfix/master[33167]: fatal: chmod socket private/smtpd: Invalid argument
2025-12-11T05:08:46.667700+00:00 mail postfix/postfix-script[33245]: starting the Postfix mail system
2025-12-11T05:08:46.672899+00:00 mail postfix/master[33246]: fatal: chmod socket private/smtpd: Invalid argument
2025-12-11T05:08:52.764627+00:00 mail postfix/postfix-script[33324]: starting the Postfix mail system
2025-12-11T05:08:52.770318+00:00 mail postfix/master[33325]: fatal: chmod socket private/smtpd: Invalid argument
2025-12-11T05:08:58.913289+00:00 mail postfix/postfix-script[33403]: starting the Postfix mail system
2025-12-11T05:08:58.920113+00:00 mail postfix/master[33404]: fatal: chmod socket private/smtpd: Invalid argument
2025-12-11T05:09:04.913897+00:00 mail postfix/postfix-script[33482]: starting the Postfix mail system
2025-12-11T05:09:04.918940+00:00 mail postfix/master[33483]: fatal: chmod socket private/smtpd: Invalid argument
2025-12-11T05:09:11.039302+00:00 mail postfix/postfix-script[33561]: starting the Postfix mail system
2025-12-11T05:09:11.049386+00:00 mail postfix/master[33562]: fatal: chmod socket private/smtpd: Invalid argument
2025-12-11T05:09:16.119458+00:00 mail postfix/postfix-script[33640]: starting the Postfix mail system
2025-12-11T05:09:16.124597+00:00 mail postfix/master[33641]: fatal: chmod socket private/smtpd: Invalid argument
2025-12-11T05:09:22.219870+00:00 mail postfix/postfix-script[33719]: starting the Postfix mail system
2025-12-11T05:09:22.227599+00:00 mail postfix/master[33720]: fatal: chmod socket private/smtpd: Invalid argument
2025-12-11T05:09:28.273083+00:00 mail postfix/postfix-script[33798]: starting the Postfix mail system
2025-12-11T05:09:28.280778+00:00 mail postfix/master[33799]: fatal: chmod socket private/smtpd: Invalid argument
2025-12-11T05:09:34.352535+00:00 mail postfix/postfix-script[33877]: starting the Postfix mail system
2025-12-11T05:09:34.358983+00:00 mail postfix/master[33878]: fatal: chmod socket private/smtpd: Invalid argument
2025-12-11T05:09:40.474516+00:00 mail postfix/postfix-script[33956]: starting the Postfix mail system
2025-12-11T05:09:40.481087+00:00 mail postfix/master[33957]: fatal: chmod socket private/smtpd: Invalid argument
2025-12-11T05:09:46.572242+00:00 mail postfix/postfix-script[34035]: starting the Postfix mail system
2025-12-11T05:09:46.578417+00:00 mail postfix/master[34036]: fatal: chmod socket private/smtpd: Invalid argument
2025-12-11T05:09:52.616898+00:00 mail postfix/postfix-script[34114]: starting the Postfix mail system
2025-12-11T05:09:52.621892+00:00 mail postfix/master[34115]: fatal: chmod socket private/smtpd: Invalid argument
2025-12-11T05:09:58.724884+00:00 mail postfix/postfix-script[34193]: starting the Postfix mail system
2025-12-11T05:09:58.730107+00:00 mail postfix/master[34194]: fatal: chmod socket private/smtpd: Invalid argument
2025-12-11T05:10:04.789138+00:00 mail postfix/postfix-script[34272]: starting the Postfix mail system
2025-12-11T05:10:04.797114+00:00 mail postfix/master[34273]: fatal: chmod socket private/smtpd: Invalid argument
2025-12-11T05:10:10.903911+00:00 mail postfix/postfix-script[34351]: starting the Postfix mail system
2025-12-11T05:10:10.910812+00:00 mail postfix/master[34352]: fatal: chmod socket private/smtpd: Invalid argument
2025-12-11T05:10:17.115539+00:00 mail postfix/postfix-script[34430]: starting the Postfix mail system
2025-12-11T05:10:17.123552+00:00 mail postfix/master[34431]: fatal: chmod socket private/smtpd: Invalid argument
2025-12-11T05:10:23.024243+00:00 mail postfix/postfix-script[34509]: starting the Postfix mail system
2025-12-11T05:10:23.029303+00:00 mail postfix/master[34510]: fatal: chmod socket private/smtpd: Invalid argument
2025-12-11T05:10:29.533995+00:00 mail postfix/postfix-script[34588]: starting the Postfix mail system
2025-12-11T05:10:29.547896+00:00 mail postfix/master[34589]: fatal: chmod socket private/smtpd: Invalid argument
2025-12-11T05:10:36.089152+00:00 mail postfix/postfix-script[34667]: starting the Postfix mail system
2025-12-11T05:10:36.227326+00:00 mail postfix/master[34668]: fatal: chmod socket private/smtpd: Invalid argument
2025-12-11T05:10:42.214449+00:00 mail postfix/postfix-script[34746]: starting the Postfix mail system
2025-12-11T05:10:42.227342+00:00 mail postfix/master[34747]: fatal: chmod socket private/smtpd: Invalid argument
2025-12-11T05:10:48.182387+00:00 mail postfix/postfix-script[34825]: starting the Postfix mail system
2025-12-11T05:10:48.194161+00:00 mail postfix/master[34826]: fatal: chmod socket private/smtpd: Invalid argument
2025-12-11T05:10:54.503359+00:00 mail postfix/postfix-script[34904]: starting the Postfix mail system
2025-12-11T05:10:54.516028+00:00 mail postfix/master[34905]: fatal: chmod socket private/smtpd: Invalid argument
2025-12-11T05:11:00.647334+00:00 mail postfix/postfix-script[34983]: starting the Postfix mail system
2025-12-11T05:11:00.661543+00:00 mail postfix/master[34984]: fatal: chmod socket private/smtpd: Invalid argument
2025-12-11T05:11:06.937629+00:00 mail postfix/postfix-script[35065]: starting the Postfix mail system
2025-12-11T05:11:06.948990+00:00 mail postfix/master[35066]: fatal: chmod socket private/smtpd: Invalid argument
2025-12-11T05:11:13.077669+00:00 mail postfix/postfix-script[35144]: starting the Postfix mail system
2025-12-11T05:11:13.088677+00:00 mail postfix/master[35145]: fatal: chmod socket private/smtpd: Invalid argument
2025-12-11T05:11:19.155908+00:00 mail postfix/postfix-script[35223]: starting the Postfix mail system
2025-12-11T05:11:19.165421+00:00 mail postfix/master[35224]: fatal: chmod socket private/smtpd: Invalid argument
2025-12-11T05:11:25.730094+00:00 mail postfix/postfix-script[35302]: starting the Postfix mail system
2025-12-11T05:11:25.744023+00:00 mail postfix/master[35303]: fatal: chmod socket private/smtpd: Invalid argument
2025-12-11T05:11:31.584003+00:00 mail postfix/postfix-script[35381]: starting the Postfix mail system
2025-12-11T05:11:31.592951+00:00 mail postfix/master[35382]: fatal: chmod socket private/smtpd: Invalid argument
2025-12-11T05:11:37.560659+00:00 mail postfix/postfix-script[35460]: starting the Postfix mail system
2025-12-11T05:11:37.568687+00:00 mail postfix/master[35461]: fatal: chmod socket private/smtpd: Invalid argument
2025-12-11T05:11:43.970090+00:00 mail postfix/postfix-script[35539]: starting the Postfix mail system
2025-12-11T05:11:44.025366+00:00 mail postfix/master[35540]: fatal: chmod socket private/smtpd: Invalid argument
2025-12-11T05:11:51.336573+00:00 mail postfix/postfix-script[35618]: starting the Postfix mail system
2025-12-11T05:11:51.360005+00:00 mail postfix/master[35619]: fatal: chmod socket private/smtpd: Invalid argument
2025-12-11T05:11:57.834180+00:00 mail postfix/postfix-script[35700]: starting the Postfix mail system
2025-12-11T05:11:57.860175+00:00 mail postfix/master[35701]: fatal: chmod socket private/smtpd: Invalid argument
2025-12-11T05:12:03.721126+00:00 mail postfix/postfix-script[35779]: starting the Postfix mail system
2025-12-11T05:12:03.732462+00:00 mail postfix/master[35780]: fatal: chmod socket private/smtpd: Invalid argument
2025-12-11T05:12:09.733626+00:00 mail postfix/postfix-script[35858]: starting the Postfix mail system
2025-12-11T05:12:09.745457+00:00 mail postfix/master[35859]: fatal: chmod socket private/smtpd: Invalid argument
2025-12-11T05:12:16.171366+00:00 mail postfix/postfix-script[35937]: starting the Postfix mail system
2025-12-11T05:12:16.186836+00:00 mail postfix/master[35938]: fatal: chmod socket private/smtpd: Invalid argument
2025-12-11T05:12:22.537404+00:00 mail postfix/postfix-script[36016]: starting the Postfix mail system
2025-12-11T05:12:22.554256+00:00 mail postfix/master[36017]: fatal: chmod socket private/smtpd: Invalid argument
2025-12-11T05:12:28.268610+00:00 mail postfix/postfix-script[36095]: starting the Postfix mail system
2025-12-11T05:12:28.276999+00:00 mail postfix/master[36096]: fatal: chmod socket private/smtpd: Invalid argument
2025-12-11T05:12:34.255781+00:00 mail postfix/postfix-script[36174]: starting the Postfix mail system
2025-12-11T05:12:34.262428+00:00 mail postfix/master[36175]: fatal: chmod socket private/smtpd: Invalid argument
2025-12-11T05:12:40.342474+00:00 mail postfix/postfix-script[36253]: starting the Postfix mail system
2025-12-11T05:12:40.352870+00:00 mail postfix/master[36254]: fatal: chmod socket private/smtpd: Invalid argument
2025-12-11T05:12:46.469610+00:00 mail postfix/postfix-script[36332]: starting the Postfix mail system
2025-12-11T05:12:46.475847+00:00 mail postfix/master[36333]: fatal: chmod socket private/smtpd: Invalid argument
2025-12-11T05:12:52.509663+00:00 mail postfix/postfix-script[36411]: starting the Postfix mail system
2025-12-11T05:12:52.514485+00:00 mail postfix/master[36412]: fatal: chmod socket private/smtpd: Invalid argument
2025-12-11T05:12:58.606804+00:00 mail postfix/postfix-script[36490]: starting the Postfix mail system
2025-12-11T05:12:58.612983+00:00 mail postfix/master[36491]: fatal: chmod socket private/smtpd: Invalid argument
2025-12-11T05:13:04.766060+00:00 mail postfix/postfix-script[36569]: starting the Postfix mail system
2025-12-11T05:13:04.772948+00:00 mail postfix/master[36570]: fatal: chmod socket private/smtpd: Invalid argument
2025-12-11T05:13:10.819238+00:00 mail postfix/postfix-script[36648]: starting the Postfix mail system
2025-12-11T05:13:10.826207+00:00 mail postfix/master[36649]: fatal: chmod socket private/smtpd: Invalid argument
2025-12-11T05:13:16.906646+00:00 mail postfix/postfix-script[36727]: starting the Postfix mail system
2025-12-11T05:13:16.913929+00:00 mail postfix/master[36728]: fatal: chmod socket private/smtpd: Invalid argument
2025-12-11T05:13:23.049853+00:00 mail postfix/postfix-script[36806]: starting the Postfix mail system
2025-12-11T05:13:23.079322+00:00 mail postfix/master[36807]: fatal: chmod socket private/smtpd: Invalid argument
2025-12-11T05:13:29.072531+00:00 mail postfix/postfix-script[36885]: starting the Postfix mail system
2025-12-11T05:13:29.078829+00:00 mail postfix/master[36886]: fatal: chmod socket private/smtpd: Invalid argument
2025-12-11T05:13:35.119282+00:00 mail postfix/postfix-script[36964]: starting the Postfix mail system
2025-12-11T05:13:35.124930+00:00 mail postfix/master[36965]: fatal: chmod socket private/smtpd: Invalid argument
2025-12-11T05:13:41.183482+00:00 mail postfix/postfix-script[37043]: starting the Postfix mail system
2025-12-11T05:13:41.189375+00:00 mail postfix/master[37044]: fatal: chmod socket private/smtpd: Invalid argument
2025-12-11T05:13:47.351314+00:00 mail postfix/postfix-script[37122]: starting the Postfix mail system
2025-12-11T05:13:47.358899+00:00 mail postfix/master[37123]: fatal: chmod socket private/smtpd: Invalid argument
2025-12-11T05:13:53.383017+00:00 mail postfix/postfix-script[37201]: starting the Postfix mail system
2025-12-11T05:13:53.388520+00:00 mail postfix/master[37202]: fatal: chmod socket private/smtpd: Invalid argument
2025-12-11T05:13:59.484512+00:00 mail postfix/postfix-script[37280]: starting the Postfix mail system
2025-12-11T05:13:59.492387+00:00 mail postfix/master[37281]: fatal: chmod socket private/smtpd: Invalid argument
2025-12-11T05:14:05.587915+00:00 mail postfix/postfix-script[37359]: starting the Postfix mail system
2025-12-11T05:14:05.598302+00:00 mail postfix/master[37360]: fatal: chmod socket private/smtpd: Invalid argument
2025-12-11T05:14:11.742587+00:00 mail postfix/postfix-script[37438]: starting the Postfix mail system
2025-12-11T05:14:11.753539+00:00 mail postfix/master[37439]: fatal: chmod socket private/smtpd: Invalid argument
2025-12-11T05:14:17.718326+00:00 mail postfix/postfix-script[37517]: starting the Postfix mail system
2025-12-11T05:14:17.724764+00:00 mail postfix/master[37518]: fatal: chmod socket private/smtpd: Invalid argument
2025-12-11T05:14:23.793913+00:00 mail postfix/postfix-script[37596]: starting the Postfix mail system
2025-12-11T05:14:23.802880+00:00 mail postfix/master[37597]: fatal: chmod socket private/smtpd: Invalid argument
2025-12-11T05:14:29.942168+00:00 mail postfix/postfix-script[37675]: starting the Postfix mail system
2025-12-11T05:14:29.952403+00:00 mail postfix/master[37676]: fatal: chmod socket private/smtpd: Invalid argument
2025-12-11T05:14:35.994033+00:00 mail postfix/postfix-script[37754]: starting the Postfix mail system
2025-12-11T05:14:36.003200+00:00 mail postfix/master[37755]: fatal: chmod socket private/smtpd: Invalid argument
2025-12-11T05:14:42.433081+00:00 mail postfix/postfix-script[37836]: starting the Postfix mail system
2025-12-11T05:14:42.442827+00:00 mail postfix/master[37837]: fatal: chmod socket private/smtpd: Invalid argument
2025-12-11T05:14:48.199116+00:00 mail postfix/postfix-script[37912]: starting the Postfix mail system
2025-12-11T05:14:48.227238+00:00 mail postfix/master[37913]: fatal: chmod socket private/smtpd: Invalid argument
2025-12-11T05:14:54.213004+00:00 mail postfix/postfix-script[37991]: starting the Postfix mail system
2025-12-11T05:14:54.219588+00:00 mail postfix/master[37992]: fatal: chmod socket private/smtpd: Invalid argument
2025-12-11T05:15:00.325481+00:00 mail postfix/postfix-script[38070]: starting the Postfix mail system
2025-12-11T05:15:00.331503+00:00 mail postfix/master[38071]: fatal: chmod socket private/smtpd: Invalid argument
2025-12-11T05:15:06.422747+00:00 mail postfix/postfix-script[38149]: starting the Postfix mail system
2025-12-11T05:15:06.435678+00:00 mail postfix/master[38150]: fatal: chmod socket private/smtpd: Invalid argument
2025-12-11T05:15:12.554461+00:00 mail postfix/postfix-script[38231]: starting the Postfix mail system
2025-12-11T05:15:12.560932+00:00 mail postfix/master[38232]: fatal: chmod socket private/smtpd: Invalid argument
2025-12-11T05:15:18.604412+00:00 mail postfix/postfix-script[38310]: starting the Postfix mail system
2025-12-11T05:15:18.611537+00:00 mail postfix/master[38311]: fatal: chmod socket private/smtpd: Invalid argument
2025-12-11T05:15:25.160770+00:00 mail postfix/postfix-script[38389]: starting the Postfix mail system
2025-12-11T05:15:25.168116+00:00 mail postfix/master[38390]: fatal: chmod socket private/smtpd: Invalid argument
2025-12-11T05:15:30.970436+00:00 mail postfix/postfix-script[38468]: starting the Postfix mail system
2025-12-11T05:15:30.976181+00:00 mail postfix/master[38469]: fatal: chmod socket private/smtpd: Invalid argument
2025-12-11T05:15:37.105699+00:00 mail postfix/postfix-script[38547]: starting the Postfix mail system
2025-12-11T05:15:37.112234+00:00 mail postfix/master[38548]: fatal: chmod socket private/smtpd: Invalid argument
2025-12-11T05:15:43.160938+00:00 mail postfix/postfix-script[38626]: starting the Postfix mail system
2025-12-11T05:15:43.167240+00:00 mail postfix/master[38627]: fatal: chmod socket private/smtpd: Invalid argument
2025-12-11T05:15:49.303875+00:00 mail postfix/postfix-script[38705]: starting the Postfix mail system
2025-12-11T05:15:49.310414+00:00 mail postfix/master[38706]: fatal: chmod socket private/smtpd: Invalid argument
2025-12-11T05:15:55.339614+00:00 mail postfix/postfix-script[38784]: starting the Postfix mail system
2025-12-11T05:15:55.348540+00:00 mail postfix/master[38785]: fatal: chmod socket private/smtpd: Invalid argument
2025-12-11T05:16:01.426061+00:00 mail postfix/postfix-script[38863]: starting the Postfix mail system
2025-12-11T05:16:01.432704+00:00 mail postfix/master[38864]: fatal: chmod socket private/smtpd: Invalid argument
2025-12-11T05:16:07.604801+00:00 mail postfix/postfix-script[38942]: starting the Postfix mail system
2025-12-11T05:16:07.611959+00:00 mail postfix/master[38943]: fatal: chmod socket private/smtpd: Invalid argument
2025-12-11T05:16:13.622746+00:00 mail postfix/postfix-script[39021]: starting the Postfix mail system
2025-12-11T05:16:13.628680+00:00 mail postfix/master[39022]: fatal: chmod socket private/smtpd: Invalid argument
2025-12-11T05:16:19.708967+00:00 mail postfix/postfix-script[39100]: starting the Postfix mail system
2025-12-11T05:16:19.715370+00:00 mail postfix/master[39101]: fatal: chmod socket private/smtpd: Invalid argument
2025-12-11T05:16:25.811542+00:00 mail postfix/postfix-script[39179]: starting the Postfix mail system
2025-12-11T05:16:25.817631+00:00 mail postfix/master[39180]: fatal: chmod socket private/smtpd: Invalid argument
2025-12-11T05:16:31.931116+00:00 mail postfix/postfix-script[39258]: starting the Postfix mail system
2025-12-11T05:16:31.937345+00:00 mail postfix/master[39259]: fatal: chmod socket private/smtpd: Invalid argument
2025-12-11T05:16:37.976711+00:00 mail postfix/postfix-script[39337]: starting the Postfix mail system
2025-12-11T05:16:37.982725+00:00 mail postfix/master[39338]: fatal: chmod socket private/smtpd: Invalid argument
2025-12-11T05:16:44.146349+00:00 mail postfix/postfix-script[39416]: starting the Postfix mail system
2025-12-11T05:16:44.156397+00:00 mail postfix/master[39417]: fatal: chmod socket private/smtpd: Invalid argument
2025-12-11T05:16:50.148537+00:00 mail postfix/postfix-script[39495]: starting the Postfix mail system
2025-12-11T05:16:50.155587+00:00 mail postfix/master[39496]: fatal: chmod socket private/smtpd: Invalid argument
2025-12-11T05:16:56.270965+00:00 mail postfix/postfix-script[39574]: starting the Postfix mail system
2025-12-11T05:16:56.277606+00:00 mail postfix/master[39575]: fatal: chmod socket private/smtpd: Invalid argument
2025-12-11T05:17:02.315008+00:00 mail postfix/postfix-script[39656]: starting the Postfix mail system
2025-12-11T05:17:02.320937+00:00 mail postfix/master[39657]: fatal: chmod socket private/smtpd: Invalid argument
2025-12-11T05:17:08.424479+00:00 mail postfix/postfix-script[39735]: starting the Postfix mail system
2025-12-11T05:17:08.431117+00:00 mail postfix/master[39736]: fatal: chmod socket private/smtpd: Invalid argument
2025-12-11T05:17:14.533428+00:00 mail postfix/postfix-script[39814]: starting the Postfix mail system
2025-12-11T05:17:14.540206+00:00 mail postfix/master[39815]: fatal: chmod socket private/smtpd: Invalid argument
2025-12-11T05:17:20.616727+00:00 mail postfix/postfix-script[39893]: starting the Postfix mail system
2025-12-11T05:17:20.623523+00:00 mail postfix/master[39894]: fatal: chmod socket private/smtpd: Invalid argument
2025-12-11T05:17:25.777885+00:00 mail postfix/postfix-script[39972]: starting the Postfix mail system
2025-12-11T05:17:25.784353+00:00 mail postfix/master[39973]: fatal: chmod socket private/smtpd: Invalid argument
2025-12-11T05:17:31.902222+00:00 mail postfix/postfix-script[40051]: starting the Postfix mail system
2025-12-11T05:17:31.910300+00:00 mail postfix/master[40052]: fatal: chmod socket private/smtpd: Invalid argument
2025-12-11T05:17:37.958869+00:00 mail postfix/postfix-script[40130]: starting the Postfix mail system
2025-12-11T05:17:37.965508+00:00 mail postfix/master[40131]: fatal: chmod socket private/smtpd: Invalid argument
2025-12-11T05:17:44.125874+00:00 mail postfix/postfix-script[40209]: starting the Postfix mail system
2025-12-11T05:17:44.133725+00:00 mail postfix/master[40210]: fatal: chmod socket private/smtpd: Invalid argument
2025-12-11T05:17:50.221378+00:00 mail postfix/postfix-script[40288]: starting the Postfix mail system
2025-12-11T05:17:50.228344+00:00 mail postfix/master[40289]: fatal: chmod socket private/smtpd: Invalid argument
2025-12-11T05:17:56.269469+00:00 mail postfix/postfix-script[40367]: starting the Postfix mail system
2025-12-11T05:17:56.275810+00:00 mail postfix/master[40368]: fatal: chmod socket private/smtpd: Invalid argument
2025-12-11T05:18:02.357868+00:00 mail postfix/postfix-script[40446]: starting the Postfix mail system
2025-12-11T05:18:02.366047+00:00 mail postfix/master[40447]: fatal: chmod socket private/smtpd: Invalid argument
2025-12-11T05:18:08.435856+00:00 mail postfix/postfix-script[40525]: starting the Postfix mail system
2025-12-11T05:18:08.444416+00:00 mail postfix/master[40526]: fatal: chmod socket private/smtpd: Invalid argument
2025-12-11T05:18:14.530408+00:00 mail postfix/postfix-script[40604]: starting the Postfix mail system
2025-12-11T05:18:14.537375+00:00 mail postfix/master[40605]: fatal: chmod socket private/smtpd: Invalid argument
2025-12-11T05:18:20.632261+00:00 mail postfix/postfix-script[40683]: starting the Postfix mail system
2025-12-11T05:18:20.640270+00:00 mail postfix/master[40684]: fatal: chmod socket private/smtpd: Invalid argument
2025-12-11T05:18:26.733976+00:00 mail postfix/postfix-script[40762]: starting the Postfix mail system
2025-12-11T05:18:26.740829+00:00 mail postfix/master[40763]: fatal: chmod socket private/smtpd: Invalid argument
2025-12-11T05:18:32.816690+00:00 mail postfix/postfix-script[40841]: starting the Postfix mail system
2025-12-11T05:18:32.823279+00:00 mail postfix/master[40842]: fatal: chmod socket private/smtpd: Invalid argument
2025-12-11T05:18:38.896106+00:00 mail postfix/postfix-script[40920]: starting the Postfix mail system
2025-12-11T05:18:38.904869+00:00 mail postfix/master[40921]: fatal: chmod socket private/smtpd: Invalid argument
2025-12-11T05:18:44.985860+00:00 mail postfix/postfix-script[40999]: starting the Postfix mail system
2025-12-11T05:18:44.994100+00:00 mail postfix/master[41000]: fatal: chmod socket private/smtpd: Invalid argument
2025-12-11T05:18:51.070273+00:00 mail postfix/postfix-script[41078]: starting the Postfix mail system
2025-12-11T05:18:51.076968+00:00 mail postfix/master[41079]: fatal: chmod socket private/smtpd: Invalid argument
2025-12-11T05:18:57.151990+00:00 mail postfix/postfix-script[41157]: starting the Postfix mail system
2025-12-11T05:18:57.158981+00:00 mail postfix/master[41158]: fatal: chmod socket private/smtpd: Invalid argument
2025-12-11T05:19:03.228174+00:00 mail postfix/postfix-script[41236]: starting the Postfix mail system
2025-12-11T05:19:03.234680+00:00 mail postfix/master[41237]: fatal: chmod socket private/smtpd: Invalid argument
2025-12-11T05:19:09.368694+00:00 mail postfix/postfix-script[41315]: starting the Postfix mail system
2025-12-11T05:19:09.375114+00:00 mail postfix/master[41316]: fatal: chmod socket private/smtpd: Invalid argument
2025-12-11T05:19:15.400451+00:00 mail postfix/postfix-script[41394]: starting the Postfix mail system
2025-12-11T05:19:15.408024+00:00 mail postfix/master[41395]: fatal: chmod socket private/smtpd: Invalid argument
2025-12-11T05:19:21.499938+00:00 mail postfix/postfix-script[41473]: starting the Postfix mail system
2025-12-11T05:19:21.507347+00:00 mail postfix/master[41474]: fatal: chmod socket private/smtpd: Invalid argument
2025-12-11T05:19:27.591541+00:00 mail postfix/postfix-script[41552]: starting the Postfix mail system
2025-12-11T05:19:27.601211+00:00 mail postfix/master[41553]: fatal: chmod socket private/smtpd: Invalid argument
2025-12-11T05:19:33.646690+00:00 mail postfix/postfix-script[41631]: starting the Postfix mail system
2025-12-11T05:19:33.655211+00:00 mail postfix/master[41632]: fatal: chmod socket private/smtpd: Invalid argument
2025-12-11T05:19:39.755010+00:00 mail postfix/postfix-script[41710]: starting the Postfix mail system
2025-12-11T05:19:39.762503+00:00 mail postfix/master[41711]: fatal: chmod socket private/smtpd: Invalid argument
2025-12-11T05:19:45.822908+00:00 mail postfix/postfix-script[41792]: starting the Postfix mail system
2025-12-11T05:19:45.829074+00:00 mail postfix/master[41793]: fatal: chmod socket private/smtpd: Invalid argument
2025-12-11T05:19:51.906508+00:00 mail postfix/postfix-script[41871]: starting the Postfix mail system
2025-12-11T05:19:51.914647+00:00 mail postfix/master[41872]: fatal: chmod socket private/smtpd: Invalid argument
2025-12-11T05:19:58.001489+00:00 mail postfix/postfix-script[41950]: starting the Postfix mail system
2025-12-11T05:19:58.008640+00:00 mail postfix/master[41951]: fatal: chmod socket private/smtpd: Invalid argument
2025-12-11T05:20:04.077617+00:00 mail postfix/postfix-script[42029]: starting the Postfix mail system
2025-12-11T05:20:04.084620+00:00 mail postfix/master[42030]: fatal: chmod socket private/smtpd: Invalid argument
2025-12-11T05:20:10.170337+00:00 mail postfix/postfix-script[42108]: starting the Postfix mail system
2025-12-11T05:20:10.176998+00:00 mail postfix/master[42109]: fatal: chmod socket private/smtpd: Invalid argument
2025-12-11T05:20:16.273330+00:00 mail postfix/postfix-script[42187]: starting the Postfix mail system
2025-12-11T05:20:16.279873+00:00 mail postfix/master[42188]: fatal: chmod socket private/smtpd: Invalid argument
2025-12-11T05:20:21.350521+00:00 mail postfix/postfix-script[42263]: starting the Postfix mail system
2025-12-11T05:20:21.359223+00:00 mail postfix/master[42264]: fatal: chmod socket private/smtpd: Invalid argument
2025-12-11T05:20:27.440616+00:00 mail postfix/postfix-script[42342]: starting the Postfix mail system
2025-12-11T05:20:27.451259+00:00 mail postfix/master[42343]: fatal: chmod socket private/smtpd: Invalid argument
2025-12-11T05:20:33.617911+00:00 mail postfix/postfix-script[42421]: starting the Postfix mail system
2025-12-11T05:20:33.625145+00:00 mail postfix/master[42422]: fatal: chmod socket private/smtpd: Invalid argument
2025-12-11T05:20:39.891584+00:00 mail postfix/postfix-script[42500]: starting the Postfix mail system
2025-12-11T05:20:39.902780+00:00 mail postfix/master[42501]: fatal: chmod socket private/smtpd: Invalid argument
2025-12-11T05:20:45.860837+00:00 mail postfix/postfix-script[42579]: starting the Postfix mail system
2025-12-11T05:20:45.868172+00:00 mail postfix/master[42580]: fatal: chmod socket private/smtpd: Invalid argument
2025-12-11T05:20:51.984919+00:00 mail postfix/postfix-script[42658]: starting the Postfix mail system
2025-12-11T05:20:51.994379+00:00 mail postfix/master[42659]: fatal: chmod socket private/smtpd: Invalid argument
2025-12-11T05:20:58.136659+00:00 mail postfix/postfix-script[42737]: starting the Postfix mail system
2025-12-11T05:20:58.148116+00:00 mail postfix/master[42738]: fatal: chmod socket private/smtpd: Invalid argument
2025-12-11T05:21:04.207904+00:00 mail postfix/postfix-script[42819]: starting the Postfix mail system
2025-12-11T05:21:04.216387+00:00 mail postfix/master[42820]: fatal: chmod socket private/smtpd: Invalid argument
2025-12-11T05:21:10.482563+00:00 mail postfix/postfix-script[42898]: starting the Postfix mail system
2025-12-11T05:21:10.493507+00:00 mail postfix/master[42899]: fatal: chmod socket private/smtpd: Invalid argument
2025-12-11T05:21:16.471777+00:00 mail postfix/postfix-script[42977]: starting the Postfix mail system
2025-12-11T05:21:16.479683+00:00 mail postfix/master[42978]: fatal: chmod socket private/smtpd: Invalid argument
2025-12-11T05:21:22.543491+00:00 mail postfix/postfix-script[43056]: starting the Postfix mail system
2025-12-11T05:21:22.552790+00:00 mail postfix/master[43057]: fatal: chmod socket private/smtpd: Invalid argument
2025-12-11T05:21:28.595975+00:00 mail postfix/postfix-script[43135]: starting the Postfix mail system
2025-12-11T05:21:28.604325+00:00 mail postfix/master[43136]: fatal: chmod socket private/smtpd: Invalid argument
2025-12-11T05:21:34.644530+00:00 mail postfix/postfix-script[43214]: starting the Postfix mail system
2025-12-11T05:21:34.651079+00:00 mail postfix/master[43215]: fatal: chmod socket private/smtpd: Invalid argument
2025-12-11T05:21:40.735787+00:00 mail postfix/postfix-script[43293]: starting the Postfix mail system
2025-12-11T05:21:40.741982+00:00 mail postfix/master[43294]: fatal: chmod socket private/smtpd: Invalid argument
2025-12-11T05:21:46.932161+00:00 mail postfix/postfix-script[43372]: starting the Postfix mail system
2025-12-11T05:21:46.940585+00:00 mail postfix/master[43373]: fatal: chmod socket private/smtpd: Invalid argument
2025-12-11T05:21:52.921269+00:00 mail postfix/postfix-script[43451]: starting the Postfix mail system
2025-12-11T05:21:52.927966+00:00 mail postfix/master[43452]: fatal: chmod socket private/smtpd: Invalid argument
2025-12-11T05:21:59.012412+00:00 mail postfix/postfix-script[43530]: starting the Postfix mail system
2025-12-11T05:21:59.021477+00:00 mail postfix/master[43531]: fatal: chmod socket private/smtpd: Invalid argument
2025-12-11T05:22:05.091690+00:00 mail postfix/postfix-script[43609]: starting the Postfix mail system
2025-12-11T05:22:05.098175+00:00 mail postfix/master[43610]: fatal: chmod socket private/smtpd: Invalid argument
2025-12-11T05:22:11.198894+00:00 mail postfix/postfix-script[43688]: starting the Postfix mail system
2025-12-11T05:22:11.205773+00:00 mail postfix/master[43689]: fatal: chmod socket private/smtpd: Invalid argument
2025-12-11T05:22:17.298029+00:00 mail postfix/postfix-script[43767]: starting the Postfix mail system
2025-12-11T05:22:17.304700+00:00 mail postfix/master[43768]: fatal: chmod socket private/smtpd: Invalid argument
2025-12-11T05:22:23.347906+00:00 mail postfix/postfix-script[43846]: starting the Postfix mail system
2025-12-11T05:22:23.354146+00:00 mail postfix/master[43847]: fatal: chmod socket private/smtpd: Invalid argument
2025-12-11T05:22:29.491262+00:00 mail postfix/postfix-script[43925]: starting the Postfix mail system
2025-12-11T05:22:29.497573+00:00 mail postfix/master[43926]: fatal: chmod socket private/smtpd: Invalid argument
2025-12-11T05:22:35.527270+00:00 mail postfix/postfix-script[44004]: starting the Postfix mail system
2025-12-11T05:22:35.533725+00:00 mail postfix/master[44005]: fatal: chmod socket private/smtpd: Invalid argument
2025-12-11T05:22:41.608492+00:00 mail postfix/postfix-script[44083]: starting the Postfix mail system
2025-12-11T05:22:41.618371+00:00 mail postfix/master[44084]: fatal: chmod socket private/smtpd: Invalid argument
2025-12-11T05:22:47.724336+00:00 mail postfix/postfix-script[44162]: starting the Postfix mail system
2025-12-11T05:22:47.730920+00:00 mail postfix/master[44163]: fatal: chmod socket private/smtpd: Invalid argument
2025-12-11T05:22:53.808398+00:00 mail postfix/postfix-script[44241]: starting the Postfix mail system
2025-12-11T05:22:53.817865+00:00 mail postfix/master[44242]: fatal: chmod socket private/smtpd: Invalid argument
2025-12-11T05:22:59.892839+00:00 mail postfix/postfix-script[44320]: starting the Postfix mail system
2025-12-11T05:22:59.899411+00:00 mail postfix/master[44321]: fatal: chmod socket private/smtpd: Invalid argument
2025-12-11T05:23:05.992766+00:00 mail postfix/postfix-script[44399]: starting the Postfix mail system
2025-12-11T05:23:05.999335+00:00 mail postfix/master[44400]: fatal: chmod socket private/smtpd: Invalid argument
2025-12-11T05:23:12.320887+00:00 mail postfix/postfix-script[44478]: starting the Postfix mail system
2025-12-11T05:23:12.334528+00:00 mail postfix/master[44479]: fatal: chmod socket private/smtpd: Invalid argument
2025-12-11T05:23:18.408045+00:00 mail postfix/postfix-script[44557]: starting the Postfix mail system
2025-12-11T05:23:18.420559+00:00 mail postfix/master[44558]: fatal: chmod socket private/smtpd: Invalid argument
2025-12-11T05:23:24.480899+00:00 mail postfix/postfix-script[44636]: starting the Postfix mail system
2025-12-11T05:23:24.489360+00:00 mail postfix/master[44637]: fatal: chmod socket private/smtpd: Invalid argument
2025-12-11T05:23:30.596051+00:00 mail postfix/postfix-script[44715]: starting the Postfix mail system
2025-12-11T05:23:30.605211+00:00 mail postfix/master[44716]: fatal: chmod socket private/smtpd: Invalid argument
2025-12-11T05:23:36.721057+00:00 mail postfix/postfix-script[44794]: starting the Postfix mail system
2025-12-11T05:23:36.730300+00:00 mail postfix/master[44795]: fatal: chmod socket private/smtpd: Invalid argument
2025-12-11T05:23:42.758484+00:00 mail postfix/postfix-script[44873]: starting the Postfix mail system
2025-12-11T05:23:42.768665+00:00 mail postfix/master[44874]: fatal: chmod socket private/smtpd: Invalid argument
2025-12-11T05:23:48.885193+00:00 mail postfix/postfix-script[44952]: starting the Postfix mail system
2025-12-11T05:23:48.892680+00:00 mail postfix/master[44953]: fatal: chmod socket private/smtpd: Invalid argument
2025-12-11T05:23:54.953386+00:00 mail postfix/postfix-script[45031]: starting the Postfix mail system
2025-12-11T05:23:54.960842+00:00 mail postfix/master[45032]: fatal: chmod socket private/smtpd: Invalid argument
2025-12-11T05:24:01.027340+00:00 mail postfix/postfix-script[45110]: starting the Postfix mail system
2025-12-11T05:24:01.034742+00:00 mail postfix/master[45111]: fatal: chmod socket private/smtpd: Invalid argument
2025-12-11T05:24:07.118141+00:00 mail postfix/postfix-script[45189]: starting the Postfix mail system
2025-12-11T05:24:07.126391+00:00 mail postfix/master[45190]: fatal: chmod socket private/smtpd: Invalid argument
2025-12-11T05:24:13.262316+00:00 mail postfix/postfix-script[45271]: starting the Postfix mail system
2025-12-11T05:24:13.273257+00:00 mail postfix/master[45272]: fatal: chmod socket private/smtpd: Invalid argument
2025-12-11T05:24:19.321850+00:00 mail postfix/postfix-script[45350]: starting the Postfix mail system
2025-12-11T05:24:19.330345+00:00 mail postfix/master[45351]: fatal: chmod socket private/smtpd: Invalid argument
2025-12-11T05:24:25.400192+00:00 mail postfix/postfix-script[45429]: starting the Postfix mail system
2025-12-11T05:24:25.406858+00:00 mail postfix/master[45430]: fatal: chmod socket private/smtpd: Invalid argument
2025-12-11T05:24:31.483235+00:00 mail postfix/postfix-script[45508]: starting the Postfix mail system
2025-12-11T05:24:31.490047+00:00 mail postfix/master[45509]: fatal: chmod socket private/smtpd: Invalid argument
2025-12-11T05:24:37.581835+00:00 mail postfix/postfix-script[45587]: starting the Postfix mail system
2025-12-11T05:24:37.588159+00:00 mail postfix/master[45588]: fatal: chmod socket private/smtpd: Invalid argument
2025-12-11T05:24:43.649645+00:00 mail postfix/postfix-script[45666]: starting the Postfix mail system
2025-12-11T05:24:43.656365+00:00 mail postfix/master[45667]: fatal: chmod socket private/smtpd: Invalid argument
2025-12-11T05:24:49.829898+00:00 mail postfix/postfix-script[45745]: starting the Postfix mail system
2025-12-11T05:24:49.836902+00:00 mail postfix/master[45746]: fatal: chmod socket private/smtpd: Invalid argument
2025-12-11T05:24:55.848636+00:00 mail postfix/postfix-script[45824]: starting the Postfix mail system
2025-12-11T05:24:55.855342+00:00 mail postfix/master[45825]: fatal: chmod socket private/smtpd: Invalid argument
2025-12-11T05:25:01.934014+00:00 mail postfix/postfix-script[45903]: starting the Postfix mail system
2025-12-11T05:25:01.941901+00:00 mail postfix/master[45904]: fatal: chmod socket private/smtpd: Invalid argument
2025-12-11T05:25:08.031870+00:00 mail postfix/postfix-script[45982]: starting the Postfix mail system
2025-12-11T05:25:08.038592+00:00 mail postfix/master[45983]: fatal: chmod socket private/smtpd: Invalid argument
2025-12-11T05:25:14.111288+00:00 mail postfix/postfix-script[46061]: starting the Postfix mail system
2025-12-11T05:25:14.121656+00:00 mail postfix/master[46062]: fatal: chmod socket private/smtpd: Invalid argument
2025-12-11T05:25:20.211230+00:00 mail postfix/postfix-script[46140]: starting the Postfix mail system
2025-12-11T05:25:20.221267+00:00 mail postfix/master[46141]: fatal: chmod socket private/smtpd: Invalid argument
2025-12-11T05:25:26.309833+00:00 mail postfix/postfix-script[46219]: starting the Postfix mail system
2025-12-11T05:25:26.320100+00:00 mail postfix/master[46220]: fatal: chmod socket private/smtpd: Invalid argument
2025-12-11T05:25:32.421686+00:00 mail postfix/postfix-script[46298]: starting the Postfix mail system
2025-12-11T05:25:32.429757+00:00 mail postfix/master[46299]: fatal: chmod socket private/smtpd: Invalid argument
2025-12-11T05:25:38.511242+00:00 mail postfix/postfix-script[46377]: starting the Postfix mail system
2025-12-11T05:25:38.521536+00:00 mail postfix/master[46378]: fatal: chmod socket private/smtpd: Invalid argument
2025-12-11T05:25:44.597268+00:00 mail postfix/postfix-script[46456]: starting the Postfix mail system
2025-12-11T05:25:44.604732+00:00 mail postfix/master[46457]: fatal: chmod socket private/smtpd: Invalid argument
2025-12-11T05:25:50.696058+00:00 mail postfix/postfix-script[46535]: starting the Postfix mail system
2025-12-11T05:25:50.702753+00:00 mail postfix/master[46536]: fatal: chmod socket private/smtpd: Invalid argument
2025-12-11T05:25:56.846156+00:00 mail postfix/postfix-script[46614]: starting the Postfix mail system
2025-12-11T05:25:56.853087+00:00 mail postfix/master[46615]: fatal: chmod socket private/smtpd: Invalid argument
2025-12-11T05:26:02.881850+00:00 mail postfix/postfix-script[46693]: starting the Postfix mail system
2025-12-11T05:26:02.889148+00:00 mail postfix/master[46694]: fatal: chmod socket private/smtpd: Invalid argument
2025-12-11T05:26:08.986878+00:00 mail postfix/postfix-script[46772]: starting the Postfix mail system
2025-12-11T05:26:08.994136+00:00 mail postfix/master[46773]: fatal: chmod socket private/smtpd: Invalid argument
2025-12-11T05:26:15.059640+00:00 mail postfix/postfix-script[46851]: starting the Postfix mail system
2025-12-11T05:26:15.069213+00:00 mail postfix/master[46852]: fatal: chmod socket private/smtpd: Invalid argument
2025-12-11T05:26:21.148724+00:00 mail postfix/postfix-script[46930]: starting the Postfix mail system
2025-12-11T05:26:21.155540+00:00 mail postfix/master[46931]: fatal: chmod socket private/smtpd: Invalid argument
2025-12-11T05:26:27.236241+00:00 mail postfix/postfix-script[47009]: starting the Postfix mail system
2025-12-11T05:26:27.242888+00:00 mail postfix/master[47010]: fatal: chmod socket private/smtpd: Invalid argument
2025-12-11T05:26:33.353758+00:00 mail postfix/postfix-script[47088]: starting the Postfix mail system
2025-12-11T05:26:33.360336+00:00 mail postfix/master[47089]: fatal: chmod socket private/smtpd: Invalid argument
2025-12-11T05:26:39.426311+00:00 mail postfix/postfix-script[47167]: starting the Postfix mail system
2025-12-11T05:26:39.433369+00:00 mail postfix/master[47168]: fatal: chmod socket private/smtpd: Invalid argument
2025-12-11T05:26:45.504571+00:00 mail postfix/postfix-script[47246]: starting the Postfix mail system
2025-12-11T05:26:45.512013+00:00 mail postfix/master[47247]: fatal: chmod socket private/smtpd: Invalid argument
2025-12-11T05:26:51.605387+00:00 mail postfix/postfix-script[47325]: starting the Postfix mail system
2025-12-11T05:26:51.612874+00:00 mail postfix/master[47326]: fatal: chmod socket private/smtpd: Invalid argument
2025-12-11T05:26:57.702589+00:00 mail postfix/postfix-script[47404]: starting the Postfix mail system
2025-12-11T05:26:57.710010+00:00 mail postfix/master[47405]: fatal: chmod socket private/smtpd: Invalid argument
2025-12-11T05:27:03.855748+00:00 mail postfix/postfix-script[47483]: starting the Postfix mail system
2025-12-11T05:27:03.865276+00:00 mail postfix/master[47484]: fatal: chmod socket private/smtpd: Invalid argument
2025-12-11T05:27:09.911015+00:00 mail postfix/postfix-script[47562]: starting the Postfix mail system
2025-12-11T05:27:09.921423+00:00 mail postfix/master[47563]: fatal: chmod socket private/smtpd: Invalid argument
2025-12-11T05:27:16.029397+00:00 mail postfix/postfix-script[47641]: starting the Postfix mail system
2025-12-11T05:27:16.036784+00:00 mail postfix/master[47642]: fatal: chmod socket private/smtpd: Invalid argument
2025-12-11T05:27:22.151524+00:00 mail postfix/postfix-script[47720]: starting the Postfix mail system
2025-12-11T05:27:22.159854+00:00 mail postfix/master[47721]: fatal: chmod socket private/smtpd: Invalid argument
2025-12-11T05:27:28.237687+00:00 mail postfix/postfix-script[47802]: starting the Postfix mail system
2025-12-11T05:27:28.245857+00:00 mail postfix/master[47803]: fatal: chmod socket private/smtpd: Invalid argument
2025-12-11T05:27:34.335331+00:00 mail postfix/postfix-script[47881]: starting the Postfix mail system
2025-12-11T05:27:34.342082+00:00 mail postfix/master[47882]: fatal: chmod socket private/smtpd: Invalid argument
2025-12-11T05:27:40.435517+00:00 mail postfix/postfix-script[47960]: starting the Postfix mail system
2025-12-11T05:27:40.442843+00:00 mail postfix/master[47961]: fatal: chmod socket private/smtpd: Invalid argument
2025-12-11T05:27:46.632569+00:00 mail postfix/postfix-script[48039]: starting the Postfix mail system
2025-12-11T05:27:46.642572+00:00 mail postfix/master[48040]: fatal: chmod socket private/smtpd: Invalid argument
2025-12-11T05:27:52.692079+00:00 mail postfix/postfix-script[48118]: starting the Postfix mail system
2025-12-11T05:27:52.704326+00:00 mail postfix/master[48119]: fatal: chmod socket private/smtpd: Invalid argument
2025-12-11T05:27:58.826206+00:00 mail postfix/postfix-script[48197]: starting the Postfix mail system
2025-12-11T05:27:58.842641+00:00 mail postfix/master[48198]: fatal: chmod socket private/smtpd: Invalid argument
2025-12-11T05:28:04.864957+00:00 mail postfix/postfix-script[48276]: starting the Postfix mail system
2025-12-11T05:28:04.876521+00:00 mail postfix/master[48277]: fatal: chmod socket private/smtpd: Invalid argument
2025-12-11T05:28:11.030221+00:00 mail postfix/postfix-script[48355]: starting the Postfix mail system
2025-12-11T05:28:11.038462+00:00 mail postfix/master[48356]: fatal: chmod socket private/smtpd: Invalid argument
2025-12-11T05:28:17.401629+00:00 mail postfix/postfix-script[48434]: starting the Postfix mail system
2025-12-11T05:28:17.410387+00:00 mail postfix/master[48435]: fatal: chmod socket private/smtpd: Invalid argument
2025-12-11T05:28:23.242883+00:00 mail postfix/postfix-script[48513]: starting the Postfix mail system
2025-12-11T05:28:23.249977+00:00 mail postfix/master[48514]: fatal: chmod socket private/smtpd: Invalid argument
2025-12-11T05:28:29.344788+00:00 mail postfix/postfix-script[48592]: starting the Postfix mail system
2025-12-11T05:28:29.353578+00:00 mail postfix/master[48593]: fatal: chmod socket private/smtpd: Invalid argument
2025-12-11T05:28:35.439593+00:00 mail postfix/postfix-script[48671]: starting the Postfix mail system
2025-12-11T05:28:35.446477+00:00 mail postfix/master[48672]: fatal: chmod socket private/smtpd: Invalid argument
2025-12-11T05:28:41.520235+00:00 mail postfix/postfix-script[48750]: starting the Postfix mail system
2025-12-11T05:28:41.529266+00:00 mail postfix/master[48751]: fatal: chmod socket private/smtpd: Invalid argument
2025-12-11T05:28:47.574579+00:00 mail postfix/postfix-script[48829]: starting the Postfix mail system
2025-12-11T05:28:47.581577+00:00 mail postfix/master[48830]: fatal: chmod socket private/smtpd: Invalid argument
2025-12-11T05:28:53.643137+00:00 mail postfix/postfix-script[48908]: starting the Postfix mail system
2025-12-11T05:28:53.649010+00:00 mail postfix/master[48909]: fatal: chmod socket private/smtpd: Invalid argument
2025-12-11T05:28:59.749324+00:00 mail postfix/postfix-script[48987]: starting the Postfix mail system
2025-12-11T05:28:59.755546+00:00 mail postfix/master[48988]: fatal: chmod socket private/smtpd: Invalid argument
2025-12-11T05:29:04.807025+00:00 mail postfix/postfix-script[49066]: starting the Postfix mail system
2025-12-11T05:29:04.811948+00:00 mail postfix/master[49067]: fatal: chmod socket private/smtpd: Invalid argument
2025-12-11T05:29:10.904813+00:00 mail postfix/postfix-script[49145]: starting the Postfix mail system
2025-12-11T05:29:10.910856+00:00 mail postfix/master[49146]: fatal: chmod socket private/smtpd: Invalid argument
2025-12-11T05:29:17.023239+00:00 mail postfix/postfix-script[49224]: starting the Postfix mail system
2025-12-11T05:29:17.029327+00:00 mail postfix/master[49225]: fatal: chmod socket private/smtpd: Invalid argument
2025-12-11T05:29:23.135551+00:00 mail postfix/postfix-script[49303]: starting the Postfix mail system
2025-12-11T05:29:23.141404+00:00 mail postfix/master[49304]: fatal: chmod socket private/smtpd: Invalid argument
2025-12-11T05:29:29.226447+00:00 mail postfix/postfix-script[49382]: starting the Postfix mail system
2025-12-11T05:29:29.233268+00:00 mail postfix/master[49383]: fatal: chmod socket private/smtpd: Invalid argument
2025-12-11T05:29:35.319315+00:00 mail postfix/postfix-script[49461]: starting the Postfix mail system
2025-12-11T05:29:35.328211+00:00 mail postfix/master[49462]: fatal: chmod socket private/smtpd: Invalid argument
2025-12-11T05:29:41.418120+00:00 mail postfix/postfix-script[49540]: starting the Postfix mail system
2025-12-11T05:29:41.427797+00:00 mail postfix/master[49541]: fatal: chmod socket private/smtpd: Invalid argument
2025-12-11T05:29:47.483706+00:00 mail postfix/postfix-script[49619]: starting the Postfix mail system
2025-12-11T05:29:47.489802+00:00 mail postfix/master[49620]: fatal: chmod socket private/smtpd: Invalid argument
2025-12-11T05:29:53.532717+00:00 mail postfix/postfix-script[49698]: starting the Postfix mail system
2025-12-11T05:29:53.538555+00:00 mail postfix/master[49699]: fatal: chmod socket private/smtpd: Invalid argument
2025-12-11T05:29:59.703989+00:00 mail postfix/postfix-script[49777]: starting the Postfix mail system
2025-12-11T05:29:59.710601+00:00 mail postfix/master[49778]: fatal: chmod socket private/smtpd: Invalid argument
2025-12-11T05:30:05.783765+00:00 mail postfix/postfix-script[49856]: starting the Postfix mail system
2025-12-11T05:30:05.790588+00:00 mail postfix/master[49857]: fatal: chmod socket private/smtpd: Invalid argument
2025-12-11T05:30:11.904319+00:00 mail postfix/postfix-script[49935]: starting the Postfix mail system
2025-12-11T05:30:11.910694+00:00 mail postfix/master[49936]: fatal: chmod socket private/smtpd: Invalid argument
2025-12-11T05:30:18.003458+00:00 mail postfix/postfix-script[50014]: starting the Postfix mail system
2025-12-11T05:30:18.009730+00:00 mail postfix/master[50015]: fatal: chmod socket private/smtpd: Invalid argument
2025-12-11T05:30:24.085490+00:00 mail postfix/postfix-script[50093]: starting the Postfix mail system
2025-12-11T05:30:24.090368+00:00 mail postfix/master[50094]: fatal: chmod socket private/smtpd: Invalid argument
2025-12-11T05:30:30.186344+00:00 mail postfix/postfix-script[50172]: starting the Postfix mail system
2025-12-11T05:30:30.192373+00:00 mail postfix/master[50173]: fatal: chmod socket private/smtpd: Invalid argument
2025-12-11T05:30:36.256939+00:00 mail postfix/postfix-script[50251]: starting the Postfix mail system
2025-12-11T05:30:36.262030+00:00 mail postfix/master[50252]: fatal: chmod socket private/smtpd: Invalid argument
2025-12-11T05:30:42.356306+00:00 mail postfix/postfix-script[50330]: starting the Postfix mail system
2025-12-11T05:30:42.362370+00:00 mail postfix/master[50331]: fatal: chmod socket private/smtpd: Invalid argument
2025-12-11T05:30:48.438884+00:00 mail postfix/postfix-script[50409]: starting the Postfix mail system
2025-12-11T05:30:48.445326+00:00 mail postfix/master[50410]: fatal: chmod socket private/smtpd: Invalid argument
2025-12-11T05:30:54.494912+00:00 mail postfix/postfix-script[50488]: starting the Postfix mail system
2025-12-11T05:30:54.501044+00:00 mail postfix/master[50489]: fatal: chmod socket private/smtpd: Invalid argument
2025-12-11T05:31:00.536195+00:00 mail postfix/postfix-script[50567]: starting the Postfix mail system
2025-12-11T05:31:00.542467+00:00 mail postfix/master[50568]: fatal: chmod socket private/smtpd: Invalid argument
2025-12-11T05:31:06.617895+00:00 mail postfix/postfix-script[50646]: starting the Postfix mail system
2025-12-11T05:31:06.623560+00:00 mail postfix/master[50647]: fatal: chmod socket private/smtpd: Invalid argument
2025-12-11T05:31:12.687030+00:00 mail postfix/postfix-script[50725]: starting the Postfix mail system
2025-12-11T05:31:12.724656+00:00 mail postfix/master[50726]: fatal: chmod socket private/smtpd: Invalid argument
2025-12-11T05:31:18.789394+00:00 mail postfix/postfix-script[50804]: starting the Postfix mail system
2025-12-11T05:31:18.794893+00:00 mail postfix/master[50805]: fatal: chmod socket private/smtpd: Invalid argument
2025-12-11T05:31:24.938595+00:00 mail postfix/postfix-script[50883]: starting the Postfix mail system
2025-12-11T05:31:24.944641+00:00 mail postfix/master[50884]: fatal: chmod socket private/smtpd: Invalid argument
2025-12-11T05:31:31.092207+00:00 mail postfix/postfix-script[50962]: starting the Postfix mail system
2025-12-11T05:31:31.100652+00:00 mail postfix/master[50963]: fatal: chmod socket private/smtpd: Invalid argument
2025-12-11T05:31:37.173323+00:00 mail postfix/postfix-script[51041]: starting the Postfix mail system
2025-12-11T05:31:37.182190+00:00 mail postfix/master[51042]: fatal: chmod socket private/smtpd: Invalid argument
2025-12-11T05:31:43.232895+00:00 mail postfix/postfix-script[51120]: starting the Postfix mail system
2025-12-11T05:31:43.238953+00:00 mail postfix/master[51121]: fatal: chmod socket private/smtpd: Invalid argument
2025-12-11T05:31:49.349327+00:00 mail postfix/postfix-script[51199]: starting the Postfix mail system
2025-12-11T05:31:49.356357+00:00 mail postfix/master[51200]: fatal: chmod socket private/smtpd: Invalid argument
2025-12-11T05:31:55.420483+00:00 mail postfix/postfix-script[51278]: starting the Postfix mail system
2025-12-11T05:31:55.428753+00:00 mail postfix/master[51279]: fatal: chmod socket private/smtpd: Invalid argument
2025-12-11T05:32:01.503041+00:00 mail postfix/postfix-script[51357]: starting the Postfix mail system
2025-12-11T05:32:01.509174+00:00 mail postfix/master[51358]: fatal: chmod socket private/smtpd: Invalid argument
2025-12-11T05:32:07.607846+00:00 mail postfix/postfix-script[51436]: starting the Postfix mail system
2025-12-11T05:32:07.612792+00:00 mail postfix/master[51437]: fatal: chmod socket private/smtpd: Invalid argument
2025-12-11T05:32:13.700988+00:00 mail postfix/postfix-script[51515]: starting the Postfix mail system
2025-12-11T05:32:13.707047+00:00 mail postfix/master[51516]: fatal: chmod socket private/smtpd: Invalid argument
2025-12-11T05:32:19.783950+00:00 mail postfix/postfix-script[51597]: starting the Postfix mail system
2025-12-11T05:32:19.789860+00:00 mail postfix/master[51598]: fatal: chmod socket private/smtpd: Invalid argument
2025-12-11T05:32:25.887567+00:00 mail postfix/postfix-script[51676]: starting the Postfix mail system
2025-12-11T05:32:25.894452+00:00 mail postfix/master[51677]: fatal: chmod socket private/smtpd: Invalid argument
2025-12-11T05:32:31.979974+00:00 mail postfix/postfix-script[51755]: starting the Postfix mail system
2025-12-11T05:32:31.987216+00:00 mail postfix/master[51756]: fatal: chmod socket private/smtpd: Invalid argument
2025-12-11T05:32:38.083150+00:00 mail postfix/postfix-script[51834]: starting the Postfix mail system
2025-12-11T05:32:38.090695+00:00 mail postfix/master[51835]: fatal: chmod socket private/smtpd: Invalid argument
2025-12-11T05:32:44.155103+00:00 mail postfix/postfix-script[51913]: starting the Postfix mail system
2025-12-11T05:32:44.160944+00:00 mail postfix/master[51914]: fatal: chmod socket private/smtpd: Invalid argument
2025-12-11T05:32:50.233419+00:00 mail postfix/postfix-script[51992]: starting the Postfix mail system
2025-12-11T05:32:50.239977+00:00 mail postfix/master[51993]: fatal: chmod socket private/smtpd: Invalid argument
2025-12-11T05:32:56.397643+00:00 mail postfix/postfix-script[52071]: starting the Postfix mail system
2025-12-11T05:32:56.405304+00:00 mail postfix/master[52072]: fatal: chmod socket private/smtpd: Invalid argument
2025-12-11T05:33:02.458255+00:00 mail postfix/postfix-script[52150]: starting the Postfix mail system
2025-12-11T05:33:02.464816+00:00 mail postfix/master[52151]: fatal: chmod socket private/smtpd: Invalid argument
2025-12-11T05:33:08.595282+00:00 mail postfix/postfix-script[52229]: starting the Postfix mail system
2025-12-11T05:33:08.602742+00:00 mail postfix/master[52230]: fatal: chmod socket private/smtpd: Invalid argument
2025-12-11T05:33:14.647338+00:00 mail postfix/postfix-script[52308]: starting the Postfix mail system
2025-12-11T05:33:14.653786+00:00 mail postfix/master[52309]: fatal: chmod socket private/smtpd: Invalid argument
2025-12-11T05:33:20.851871+00:00 mail postfix/postfix-script[52387]: starting the Postfix mail system
2025-12-11T05:33:20.860089+00:00 mail postfix/master[52388]: fatal: chmod socket private/smtpd: Invalid argument
2025-12-11T05:33:26.932631+00:00 mail postfix/postfix-script[52466]: starting the Postfix mail system
2025-12-11T05:33:26.941689+00:00 mail postfix/master[52467]: fatal: chmod socket private/smtpd: Invalid argument
2025-12-11T05:33:33.002063+00:00 mail postfix/postfix-script[52545]: starting the Postfix mail system
2025-12-11T05:33:33.010222+00:00 mail postfix/master[52546]: fatal: chmod socket private/smtpd: Invalid argument
2025-12-11T05:33:39.107352+00:00 mail postfix/postfix-script[52624]: starting the Postfix mail system
2025-12-11T05:33:39.115769+00:00 mail postfix/master[52625]: fatal: chmod socket private/smtpd: Invalid argument
2025-12-11T05:33:45.208706+00:00 mail postfix/postfix-script[52703]: starting the Postfix mail system
2025-12-11T05:33:45.217491+00:00 mail postfix/master[52704]: fatal: chmod socket private/smtpd: Invalid argument
2025-12-11T05:33:51.312931+00:00 mail postfix/postfix-script[52782]: starting the Postfix mail system
2025-12-11T05:33:51.324409+00:00 mail postfix/master[52783]: fatal: chmod socket private/smtpd: Invalid argument
2025-12-11T05:33:57.429207+00:00 mail postfix/postfix-script[52861]: starting the Postfix mail system
2025-12-11T05:33:57.439124+00:00 mail postfix/master[52862]: fatal: chmod socket private/smtpd: Invalid argument
2025-12-11T05:34:03.545125+00:00 mail postfix/postfix-script[52940]: starting the Postfix mail system
2025-12-11T05:34:03.554231+00:00 mail postfix/master[52941]: fatal: chmod socket private/smtpd: Invalid argument
2025-12-11T05:34:09.674985+00:00 mail postfix/postfix-script[53019]: starting the Postfix mail system
2025-12-11T05:34:09.686603+00:00 mail postfix/master[53020]: fatal: chmod socket private/smtpd: Invalid argument
2025-12-11T05:34:15.806944+00:00 mail postfix/postfix-script[53098]: starting the Postfix mail system
2025-12-11T05:34:15.814426+00:00 mail postfix/master[53099]: fatal: chmod socket private/smtpd: Invalid argument
2025-12-11T05:34:21.763915+00:00 mail postfix/postfix-script[53177]: starting the Postfix mail system
2025-12-11T05:34:21.771726+00:00 mail postfix/master[53178]: fatal: chmod socket private/smtpd: Invalid argument
2025-12-11T05:34:27.835419+00:00 mail postfix/postfix-script[53256]: starting the Postfix mail system
2025-12-11T05:34:27.841207+00:00 mail postfix/master[53257]: fatal: chmod socket private/smtpd: Invalid argument
2025-12-11T05:34:33.937965+00:00 mail postfix/postfix-script[53335]: starting the Postfix mail system
2025-12-11T05:34:33.943969+00:00 mail postfix/master[53336]: fatal: chmod socket private/smtpd: Invalid argument
2025-12-11T05:34:40.111277+00:00 mail postfix/postfix-script[53414]: starting the Postfix mail system
2025-12-11T05:34:40.119309+00:00 mail postfix/master[53415]: fatal: chmod socket private/smtpd: Invalid argument
2025-12-11T05:34:46.216728+00:00 mail postfix/postfix-script[53493]: starting the Postfix mail system
2025-12-11T05:34:46.226974+00:00 mail postfix/master[53494]: fatal: chmod socket private/smtpd: Invalid argument
2025-12-11T05:34:52.255081+00:00 mail postfix/postfix-script[53572]: starting the Postfix mail system
2025-12-11T05:34:52.260152+00:00 mail postfix/master[53573]: fatal: chmod socket private/smtpd: Invalid argument
2025-12-11T05:34:58.350733+00:00 mail postfix/postfix-script[53651]: starting the Postfix mail system
2025-12-11T05:34:58.355606+00:00 mail postfix/master[53652]: fatal: chmod socket private/smtpd: Invalid argument
2025-12-11T05:35:04.439910+00:00 mail postfix/postfix-script[53730]: starting the Postfix mail system
2025-12-11T05:35:04.446020+00:00 mail postfix/master[53731]: fatal: chmod socket private/smtpd: Invalid argument
2025-12-11T05:35:10.547386+00:00 mail postfix/postfix-script[53809]: starting the Postfix mail system
2025-12-11T05:35:10.552356+00:00 mail postfix/master[53810]: fatal: chmod socket private/smtpd: Invalid argument
2025-12-11T05:35:16.605265+00:00 mail postfix/postfix-script[53888]: starting the Postfix mail system
2025-12-11T05:35:16.610339+00:00 mail postfix/master[53889]: fatal: chmod socket private/smtpd: Invalid argument
2025-12-11T05:35:22.730019+00:00 mail postfix/postfix-script[53967]: starting the Postfix mail system
2025-12-11T05:35:22.736324+00:00 mail postfix/master[53968]: fatal: chmod socket private/smtpd: Invalid argument
2025-12-11T05:35:28.781060+00:00 mail postfix/postfix-script[54049]: starting the Postfix mail system
2025-12-11T05:35:28.786367+00:00 mail postfix/master[54050]: fatal: chmod socket private/smtpd: Invalid argument
2025-12-11T05:35:34.847417+00:00 mail postfix/postfix-script[54128]: starting the Postfix mail system
2025-12-11T05:35:34.852354+00:00 mail postfix/master[54129]: fatal: chmod socket private/smtpd: Invalid argument
2025-12-11T05:35:40.971321+00:00 mail postfix/postfix-script[54207]: starting the Postfix mail system
2025-12-11T05:35:40.979281+00:00 mail postfix/master[54208]: fatal: chmod socket private/smtpd: Invalid argument
2025-12-11T05:35:47.083116+00:00 mail postfix/postfix-script[54286]: starting the Postfix mail system
2025-12-11T05:35:47.089527+00:00 mail postfix/master[54287]: fatal: chmod socket private/smtpd: Invalid argument
2025-12-11T05:35:53.115323+00:00 mail postfix/postfix-script[54365]: starting the Postfix mail system
2025-12-11T05:35:53.123586+00:00 mail postfix/master[54366]: fatal: chmod socket private/smtpd: Invalid argument
2025-12-11T05:35:59.246425+00:00 mail postfix/postfix-script[54444]: starting the Postfix mail system
2025-12-11T05:35:59.252536+00:00 mail postfix/master[54445]: fatal: chmod socket private/smtpd: Invalid argument
2025-12-11T05:36:05.385579+00:00 mail postfix/postfix-script[54523]: starting the Postfix mail system
2025-12-11T05:36:05.392086+00:00 mail postfix/master[54524]: fatal: chmod socket private/smtpd: Invalid argument
2025-12-11T05:36:11.381774+00:00 mail postfix/postfix-script[54602]: starting the Postfix mail system
2025-12-11T05:36:11.387895+00:00 mail postfix/master[54603]: fatal: chmod socket private/smtpd: Invalid argument
2025-12-11T05:36:17.454432+00:00 mail postfix/postfix-script[54681]: starting the Postfix mail system
2025-12-11T05:36:17.459310+00:00 mail postfix/master[54682]: fatal: chmod socket private/smtpd: Invalid argument
2025-12-11T05:36:23.560591+00:00 mail postfix/postfix-script[54760]: starting the Postfix mail system
2025-12-11T05:36:23.565397+00:00 mail postfix/master[54761]: fatal: chmod socket private/smtpd: Invalid argument
2025-12-11T05:36:29.715190+00:00 mail postfix/postfix-script[54839]: starting the Postfix mail system
2025-12-11T05:36:29.720365+00:00 mail postfix/master[54840]: fatal: chmod socket private/smtpd: Invalid argument
2025-12-11T05:36:35.748071+00:00 mail postfix/postfix-script[54918]: starting the Postfix mail system
2025-12-11T05:36:35.753805+00:00 mail postfix/master[54919]: fatal: chmod socket private/smtpd: Invalid argument
2025-12-11T05:36:41.813641+00:00 mail postfix/postfix-script[54997]: starting the Postfix mail system
2025-12-11T05:36:41.818974+00:00 mail postfix/master[54998]: fatal: chmod socket private/smtpd: Invalid argument
2025-12-11T05:36:47.917565+00:00 mail postfix/postfix-script[55076]: starting the Postfix mail system
2025-12-11T05:36:47.922757+00:00 mail postfix/master[55077]: fatal: chmod socket private/smtpd: Invalid argument
2025-12-11T05:36:53.993806+00:00 mail postfix/postfix-script[55155]: starting the Postfix mail system
2025-12-11T05:36:53.999112+00:00 mail postfix/master[55156]: fatal: chmod socket private/smtpd: Invalid argument
2025-12-11T05:37:00.099921+00:00 mail postfix/postfix-script[55234]: starting the Postfix mail system
2025-12-11T05:37:00.107154+00:00 mail postfix/master[55235]: fatal: chmod socket private/smtpd: Invalid argument
2025-12-11T05:37:06.198737+00:00 mail postfix/postfix-script[55313]: starting the Postfix mail system
2025-12-11T05:37:06.206899+00:00 mail postfix/master[55314]: fatal: chmod socket private/smtpd: Invalid argument
2025-12-11T05:37:12.271427+00:00 mail postfix/postfix-script[55392]: starting the Postfix mail system
2025-12-11T05:37:12.276622+00:00 mail postfix/master[55393]: fatal: chmod socket private/smtpd: Invalid argument
2025-12-11T05:37:18.373040+00:00 mail postfix/postfix-script[55471]: starting the Postfix mail system
2025-12-11T05:37:18.378127+00:00 mail postfix/master[55472]: fatal: chmod socket private/smtpd: Invalid argument
2025-12-11T05:37:24.518055+00:00 mail postfix/postfix-script[55550]: starting the Postfix mail system
2025-12-11T05:37:24.524235+00:00 mail postfix/master[55551]: fatal: chmod socket private/smtpd: Invalid argument
2025-12-11T05:37:30.577323+00:00 mail postfix/postfix-script[55629]: starting the Postfix mail system
2025-12-11T05:37:30.582243+00:00 mail postfix/master[55630]: fatal: chmod socket private/smtpd: Invalid argument
2025-12-11T05:37:36.672664+00:00 mail postfix/postfix-script[55708]: starting the Postfix mail system
2025-12-11T05:37:36.678528+00:00 mail postfix/master[55709]: fatal: chmod socket private/smtpd: Invalid argument
2025-12-11T05:37:42.763821+00:00 mail postfix/postfix-script[55787]: starting the Postfix mail system
2025-12-11T05:37:42.770112+00:00 mail postfix/master[55788]: fatal: chmod socket private/smtpd: Invalid argument
2025-12-11T05:37:48.885036+00:00 mail postfix/postfix-script[55866]: starting the Postfix mail system
2025-12-11T05:37:48.891026+00:00 mail postfix/master[55867]: fatal: chmod socket private/smtpd: Invalid argument
2025-12-11T05:37:54.949142+00:00 mail postfix/postfix-script[55945]: starting the Postfix mail system
2025-12-11T05:37:54.957183+00:00 mail postfix/master[55946]: fatal: chmod socket private/smtpd: Invalid argument
2025-12-11T05:38:01.020056+00:00 mail postfix/postfix-script[56024]: starting the Postfix mail system
2025-12-11T05:38:01.025494+00:00 mail postfix/master[56025]: fatal: chmod socket private/smtpd: Invalid argument
2025-12-11T05:38:07.110633+00:00 mail postfix/postfix-script[56103]: starting the Postfix mail system
2025-12-11T05:38:07.115954+00:00 mail postfix/master[56104]: fatal: chmod socket private/smtpd: Invalid argument
2025-12-11T05:38:13.176320+00:00 mail postfix/postfix-script[56182]: starting the Postfix mail system
2025-12-11T05:38:13.181273+00:00 mail postfix/master[56183]: fatal: chmod socket private/smtpd: Invalid argument
2025-12-11T05:38:19.315392+00:00 mail postfix/postfix-script[56261]: starting the Postfix mail system
2025-12-11T05:38:19.321438+00:00 mail postfix/master[56262]: fatal: chmod socket private/smtpd: Invalid argument
2025-12-11T05:38:25.392814+00:00 mail postfix/postfix-script[56340]: starting the Postfix mail system
2025-12-11T05:38:25.398728+00:00 mail postfix/master[56341]: fatal: chmod socket private/smtpd: Invalid argument
2025-12-11T05:38:31.485154+00:00 mail postfix/postfix-script[56419]: starting the Postfix mail system
2025-12-11T05:38:31.490076+00:00 mail postfix/master[56420]: fatal: chmod socket private/smtpd: Invalid argument
2025-12-11T05:38:37.549576+00:00 mail postfix/postfix-script[56498]: starting the Postfix mail system
2025-12-11T05:38:37.557980+00:00 mail postfix/master[56499]: fatal: chmod socket private/smtpd: Invalid argument
2025-12-11T05:38:43.629372+00:00 mail postfix/postfix-script[56577]: starting the Postfix mail system
2025-12-11T05:38:43.634608+00:00 mail postfix/master[56578]: fatal: chmod socket private/smtpd: Invalid argument
2025-12-11T05:38:49.728898+00:00 mail postfix/postfix-script[56656]: starting the Postfix mail system
2025-12-11T05:38:49.734195+00:00 mail postfix/master[56657]: fatal: chmod socket private/smtpd: Invalid argument
2025-12-11T05:38:55.860702+00:00 mail postfix/postfix-script[56735]: starting the Postfix mail system
2025-12-11T05:38:55.867640+00:00 mail postfix/master[56736]: fatal: chmod socket private/smtpd: Invalid argument
2025-12-11T05:39:01.910709+00:00 mail postfix/postfix-script[56814]: starting the Postfix mail system
2025-12-11T05:39:01.916649+00:00 mail postfix/master[56815]: fatal: chmod socket private/smtpd: Invalid argument
2025-12-11T05:39:08.034575+00:00 mail postfix/postfix-script[56893]: starting the Postfix mail system
2025-12-11T05:39:08.040713+00:00 mail postfix/master[56895]: fatal: chmod socket private/smtpd: Invalid argument
2025-12-11T05:39:14.216064+00:00 mail postfix/postfix-script[56975]: starting the Postfix mail system
2025-12-11T05:39:14.224351+00:00 mail postfix/master[56976]: fatal: chmod socket private/smtpd: Invalid argument
2025-12-11T05:39:20.247665+00:00 mail postfix/postfix-script[57054]: starting the Postfix mail system
2025-12-11T05:39:20.257208+00:00 mail postfix/master[57055]: fatal: chmod socket private/smtpd: Invalid argument
2025-12-11T05:39:26.285288+00:00 mail postfix/postfix-script[57133]: starting the Postfix mail system
2025-12-11T05:39:26.290396+00:00 mail postfix/master[57134]: fatal: chmod socket private/smtpd: Invalid argument
2025-12-11T05:39:32.472504+00:00 mail postfix/postfix-script[57212]: starting the Postfix mail system
2025-12-11T05:39:32.479030+00:00 mail postfix/master[57213]: fatal: chmod socket private/smtpd: Invalid argument
2025-12-11T05:39:38.487156+00:00 mail postfix/postfix-script[57291]: starting the Postfix mail system
2025-12-11T05:39:38.493223+00:00 mail postfix/master[57292]: fatal: chmod socket private/smtpd: Invalid argument
2025-12-11T05:39:44.580392+00:00 mail postfix/postfix-script[57370]: starting the Postfix mail system
2025-12-11T05:39:44.586450+00:00 mail postfix/master[57371]: fatal: chmod socket private/smtpd: Invalid argument
2025-12-11T05:39:50.643249+00:00 mail postfix/postfix-script[57449]: starting the Postfix mail system
2025-12-11T05:39:50.650722+00:00 mail postfix/master[57450]: fatal: chmod socket private/smtpd: Invalid argument
2025-12-11T05:39:56.765824+00:00 mail postfix/postfix-script[57528]: starting the Postfix mail system
2025-12-11T05:39:56.771684+00:00 mail postfix/master[57529]: fatal: chmod socket private/smtpd: Invalid argument
2025-12-11T05:40:02.931527+00:00 mail postfix/postfix-script[57607]: starting the Postfix mail system
2025-12-11T05:40:02.937581+00:00 mail postfix/master[57608]: fatal: chmod socket private/smtpd: Invalid argument
2025-12-11T05:40:08.933046+00:00 mail postfix/postfix-script[57686]: starting the Postfix mail system
2025-12-11T05:40:08.937984+00:00 mail postfix/master[57687]: fatal: chmod socket private/smtpd: Invalid argument
2025-12-11T05:40:15.025820+00:00 mail postfix/postfix-script[57765]: starting the Postfix mail system
2025-12-11T05:40:15.030907+00:00 mail postfix/master[57766]: fatal: chmod socket private/smtpd: Invalid argument
2025-12-11T05:40:21.075300+00:00 mail postfix/postfix-script[57844]: starting the Postfix mail system
2025-12-11T05:40:21.082319+00:00 mail postfix/master[57845]: fatal: chmod socket private/smtpd: Invalid argument
2025-12-11T05:40:27.197148+00:00 mail postfix/postfix-script[57923]: starting the Postfix mail system
2025-12-11T05:40:27.204966+00:00 mail postfix/master[57924]: fatal: chmod socket private/smtpd: Invalid argument
2025-12-11T05:40:33.268619+00:00 mail postfix/postfix-script[58002]: starting the Postfix mail system
2025-12-11T05:40:33.274023+00:00 mail postfix/master[58003]: fatal: chmod socket private/smtpd: Invalid argument
2025-12-11T05:40:39.349338+00:00 mail postfix/postfix-script[58081]: starting the Postfix mail system
2025-12-11T05:40:39.378164+00:00 mail postfix/master[58082]: fatal: chmod socket private/smtpd: Invalid argument
2025-12-11T05:40:45.447469+00:00 mail postfix/postfix-script[58160]: starting the Postfix mail system
2025-12-11T05:40:45.455908+00:00 mail postfix/master[58161]: fatal: chmod socket private/smtpd: Invalid argument
2025-12-11T05:40:51.588720+00:00 mail postfix/postfix-script[58239]: starting the Postfix mail system
2025-12-11T05:40:51.593735+00:00 mail postfix/master[58240]: fatal: chmod socket private/smtpd: Invalid argument
2025-12-11T05:40:57.718990+00:00 mail postfix/postfix-script[58318]: starting the Postfix mail system
2025-12-11T05:40:57.725383+00:00 mail postfix/master[58319]: fatal: chmod socket private/smtpd: Invalid argument
2025-12-11T05:41:04.309207+00:00 mail postfix/postfix-script[58397]: starting the Postfix mail system
2025-12-11T05:41:04.339258+00:00 mail postfix/master[58398]: fatal: chmod socket private/smtpd: Invalid argument
2025-12-11T05:41:10.812309+00:00 mail postfix/postfix-script[58476]: starting the Postfix mail system
2025-12-11T05:41:10.836083+00:00 mail postfix/master[58477]: fatal: chmod socket private/smtpd: Invalid argument
2025-12-11T05:41:16.847182+00:00 mail postfix/postfix-script[58555]: starting the Postfix mail system
2025-12-11T05:41:16.876632+00:00 mail postfix/master[58556]: fatal: chmod socket private/smtpd: Invalid argument
2025-12-11T05:41:23.206370+00:00 mail postfix/postfix-script[58637]: starting the Postfix mail system
2025-12-11T05:41:23.230657+00:00 mail postfix/master[58638]: fatal: chmod socket private/smtpd: Invalid argument
2025-12-11T05:41:29.327537+00:00 mail postfix/postfix-script[58716]: starting the Postfix mail system
2025-12-11T05:41:29.353775+00:00 mail postfix/master[58717]: fatal: chmod socket private/smtpd: Invalid argument
2025-12-11T05:41:35.598035+00:00 mail postfix/postfix-script[58795]: starting the Postfix mail system
2025-12-11T05:41:35.625981+00:00 mail postfix/master[58796]: fatal: chmod socket private/smtpd: Invalid argument
2025-12-11T05:41:41.919923+00:00 mail postfix/postfix-script[58874]: starting the Postfix mail system
2025-12-11T05:41:41.957925+00:00 mail postfix/master[58875]: fatal: chmod socket private/smtpd: Invalid argument
2025-12-11T05:41:47.497457+00:00 mail postfix/postfix-script[58953]: starting the Postfix mail system
2025-12-11T05:41:47.506562+00:00 mail postfix/master[58954]: fatal: chmod socket private/smtpd: Invalid argument
2025-12-11T05:41:53.565468+00:00 mail postfix/postfix-script[59032]: starting the Postfix mail system
2025-12-11T05:41:53.572737+00:00 mail postfix/master[59033]: fatal: chmod socket private/smtpd: Invalid argument
2025-12-11T05:41:59.675062+00:00 mail postfix/postfix-script[59111]: starting the Postfix mail system
2025-12-11T05:41:59.680645+00:00 mail postfix/master[59112]: fatal: chmod socket private/smtpd: Invalid argument
2025-12-11T05:42:05.798035+00:00 mail postfix/postfix-script[59190]: starting the Postfix mail system
2025-12-11T05:42:05.806520+00:00 mail postfix/master[59191]: fatal: chmod socket private/smtpd: Invalid argument
2025-12-11T05:42:11.834755+00:00 mail postfix/postfix-script[59269]: starting the Postfix mail system
2025-12-11T05:42:11.839747+00:00 mail postfix/master[59270]: fatal: chmod socket private/smtpd: Invalid argument
2025-12-11T05:42:17.938934+00:00 mail postfix/postfix-script[59348]: starting the Postfix mail system
2025-12-11T05:42:17.945614+00:00 mail postfix/master[59349]: fatal: chmod socket private/smtpd: Invalid argument
2025-12-11T05:42:24.036751+00:00 mail postfix/postfix-script[59427]: starting the Postfix mail system
2025-12-11T05:42:24.042688+00:00 mail postfix/master[59428]: fatal: chmod socket private/smtpd: Invalid argument
2025-12-11T05:42:30.146579+00:00 mail postfix/postfix-script[59506]: starting the Postfix mail system
2025-12-11T05:42:30.152513+00:00 mail postfix/master[59507]: fatal: chmod socket private/smtpd: Invalid argument
2025-12-11T05:42:36.242824+00:00 mail postfix/postfix-script[59585]: starting the Postfix mail system
2025-12-11T05:42:36.248528+00:00 mail postfix/master[59586]: fatal: chmod socket private/smtpd: Invalid argument
2025-12-11T05:42:42.366508+00:00 mail postfix/postfix-script[59664]: starting the Postfix mail system
2025-12-11T05:42:42.372945+00:00 mail postfix/master[59665]: fatal: chmod socket private/smtpd: Invalid argument
2025-12-11T05:42:48.453276+00:00 mail postfix/postfix-script[59743]: starting the Postfix mail system
2025-12-11T05:42:48.464098+00:00 mail postfix/master[59744]: fatal: chmod socket private/smtpd: Invalid argument
2025-12-11T05:42:54.519257+00:00 mail postfix/postfix-script[59822]: starting the Postfix mail system
2025-12-11T05:42:54.527535+00:00 mail postfix/master[59823]: fatal: chmod socket private/smtpd: Invalid argument
2025-12-11T05:43:01.055876+00:00 mail postfix/postfix-script[59901]: starting the Postfix mail system
2025-12-11T05:43:01.066083+00:00 mail postfix/master[59902]: fatal: chmod socket private/smtpd: Invalid argument
2025-12-11T05:43:06.691259+00:00 mail postfix/postfix-script[59980]: starting the Postfix mail system
2025-12-11T05:43:06.697679+00:00 mail postfix/master[59981]: fatal: chmod socket private/smtpd: Invalid argument
2025-12-11T05:43:12.805942+00:00 mail postfix/postfix-script[60059]: starting the Postfix mail system
2025-12-11T05:43:12.815678+00:00 mail postfix/master[60060]: fatal: chmod socket private/smtpd: Invalid argument
2025-12-11T05:43:18.980691+00:00 mail postfix/postfix-script[60138]: starting the Postfix mail system
2025-12-11T05:43:18.988409+00:00 mail postfix/master[60139]: fatal: chmod socket private/smtpd: Invalid argument
2025-12-11T05:43:25.032351+00:00 mail postfix/postfix-script[60217]: starting the Postfix mail system
2025-12-11T05:43:25.039812+00:00 mail postfix/master[60218]: fatal: chmod socket private/smtpd: Invalid argument
2025-12-11T05:43:31.130612+00:00 mail postfix/postfix-script[60296]: starting the Postfix mail system
2025-12-11T05:43:31.141085+00:00 mail postfix/master[60297]: fatal: chmod socket private/smtpd: Invalid argument
2025-12-11T05:43:36.231137+00:00 mail postfix/postfix-script[60375]: starting the Postfix mail system
2025-12-11T05:43:36.238712+00:00 mail postfix/master[60376]: fatal: chmod socket private/smtpd: Invalid argument
2025-12-11T05:43:42.352690+00:00 mail postfix/postfix-script[60454]: starting the Postfix mail system
2025-12-11T05:43:42.364563+00:00 mail postfix/master[60455]: fatal: chmod socket private/smtpd: Invalid argument
2025-12-11T05:43:48.408424+00:00 mail postfix/postfix-script[60533]: starting the Postfix mail system
2025-12-11T05:43:48.418115+00:00 mail postfix/master[60534]: fatal: chmod socket private/smtpd: Invalid argument
2025-12-11T05:43:54.517146+00:00 mail postfix/postfix-script[60612]: starting the Postfix mail system
2025-12-11T05:43:54.524419+00:00 mail postfix/master[60613]: fatal: chmod socket private/smtpd: Invalid argument
2025-12-11T05:44:00.640654+00:00 mail postfix/postfix-script[60691]: starting the Postfix mail system
2025-12-11T05:44:00.651863+00:00 mail postfix/master[60692]: fatal: chmod socket private/smtpd: Invalid argument
2025-12-11T05:44:06.878567+00:00 mail postfix/postfix-script[60770]: starting the Postfix mail system
2025-12-11T05:44:06.887098+00:00 mail postfix/master[60771]: fatal: chmod socket private/smtpd: Invalid argument
2025-12-11T05:44:12.948137+00:00 mail postfix/postfix-script[60849]: starting the Postfix mail system
2025-12-11T05:44:12.958820+00:00 mail postfix/master[60850]: fatal: chmod socket private/smtpd: Invalid argument
2025-12-11T05:44:19.025118+00:00 mail postfix/postfix-script[60928]: starting the Postfix mail system
2025-12-11T05:44:19.032768+00:00 mail postfix/master[60929]: fatal: chmod socket private/smtpd: Invalid argument
2025-12-11T05:44:25.122453+00:00 mail postfix/postfix-script[61007]: starting the Postfix mail system
2025-12-11T05:44:25.133326+00:00 mail postfix/master[61008]: fatal: chmod socket private/smtpd: Invalid argument
2025-12-11T05:44:31.285628+00:00 mail postfix/postfix-script[61086]: starting the Postfix mail system
2025-12-11T05:44:31.293114+00:00 mail postfix/master[61087]: fatal: chmod socket private/smtpd: Invalid argument
2025-12-11T05:44:37.387366+00:00 mail postfix/postfix-script[61165]: starting the Postfix mail system
2025-12-11T05:44:37.395060+00:00 mail postfix/master[61166]: fatal: chmod socket private/smtpd: Invalid argument
2025-12-11T05:44:43.508096+00:00 mail postfix/postfix-script[61244]: starting the Postfix mail system
2025-12-11T05:44:43.519118+00:00 mail postfix/master[61245]: fatal: chmod socket private/smtpd: Invalid argument
2025-12-11T05:44:49.528851+00:00 mail postfix/postfix-script[61323]: starting the Postfix mail system
2025-12-11T05:44:49.537470+00:00 mail postfix/master[61324]: fatal: chmod socket private/smtpd: Invalid argument
2025-12-11T05:44:55.648065+00:00 mail postfix/postfix-script[61402]: starting the Postfix mail system
2025-12-11T05:44:55.661449+00:00 mail postfix/master[61403]: fatal: chmod socket private/smtpd: Invalid argument
2025-12-11T05:45:01.730433+00:00 mail postfix/postfix-script[61481]: starting the Postfix mail system
2025-12-11T05:45:01.738942+00:00 mail postfix/master[61482]: fatal: chmod socket private/smtpd: Invalid argument
2025-12-11T05:45:07.877269+00:00 mail postfix/postfix-script[61560]: starting the Postfix mail system
2025-12-11T05:45:07.884831+00:00 mail postfix/master[61561]: fatal: chmod socket private/smtpd: Invalid argument
2025-12-11T05:45:15.027297+00:00 mail postfix/postfix-script[61639]: starting the Postfix mail system
2025-12-11T05:45:15.041534+00:00 mail postfix/master[61640]: fatal: chmod socket private/smtpd: Invalid argument
2025-12-11T05:45:19.925537+00:00 mail postfix/postfix-script[61718]: starting the Postfix mail system
2025-12-11T05:45:19.933908+00:00 mail postfix/master[61719]: fatal: chmod socket private/smtpd: Invalid argument
2025-12-11T05:45:25.184074+00:00 mail postfix/postfix-script[61794]: starting the Postfix mail system
2025-12-11T05:45:25.194653+00:00 mail postfix/master[61795]: fatal: chmod socket private/smtpd: Invalid argument
2025-12-11T05:45:31.159292+00:00 mail postfix/postfix-script[61873]: starting the Postfix mail system
2025-12-11T05:45:31.169134+00:00 mail postfix/master[61874]: fatal: chmod socket private/smtpd: Invalid argument
2025-12-11T05:45:37.300444+00:00 mail postfix/postfix-script[61955]: starting the Postfix mail system
2025-12-11T05:45:37.311004+00:00 mail postfix/master[61956]: fatal: chmod socket private/smtpd: Invalid argument
2025-12-11T05:45:43.382019+00:00 mail postfix/postfix-script[62034]: starting the Postfix mail system
2025-12-11T05:45:43.393593+00:00 mail postfix/master[62035]: fatal: chmod socket private/smtpd: Invalid argument
2025-12-11T05:45:49.429294+00:00 mail postfix/postfix-script[62113]: starting the Postfix mail system
2025-12-11T05:45:49.436454+00:00 mail postfix/master[62114]: fatal: chmod socket private/smtpd: Invalid argument
2025-12-11T05:45:55.570472+00:00 mail postfix/postfix-script[62192]: starting the Postfix mail system
2025-12-11T05:45:55.578693+00:00 mail postfix/master[62193]: fatal: chmod socket private/smtpd: Invalid argument
2025-12-11T05:46:01.700857+00:00 mail postfix/postfix-script[62271]: starting the Postfix mail system
2025-12-11T05:46:01.710495+00:00 mail postfix/master[62272]: fatal: chmod socket private/smtpd: Invalid argument
2025-12-11T05:46:07.811071+00:00 mail postfix/postfix-script[62350]: starting the Postfix mail system
2025-12-11T05:46:07.821239+00:00 mail postfix/master[62351]: fatal: chmod socket private/smtpd: Invalid argument
2025-12-11T05:46:13.952439+00:00 mail postfix/postfix-script[62429]: starting the Postfix mail system
2025-12-11T05:46:13.963409+00:00 mail postfix/master[62430]: fatal: chmod socket private/smtpd: Invalid argument
2025-12-11T05:46:20.169656+00:00 mail postfix/postfix-script[62508]: starting the Postfix mail system
2025-12-11T05:46:20.178553+00:00 mail postfix/master[62509]: fatal: chmod socket private/smtpd: Invalid argument
2025-12-11T05:46:26.272264+00:00 mail postfix/postfix-script[62587]: starting the Postfix mail system
2025-12-11T05:46:26.279911+00:00 mail postfix/master[62588]: fatal: chmod socket private/smtpd: Invalid argument
2025-12-11T05:46:33.046049+00:00 mail postfix/postfix-script[62666]: starting the Postfix mail system
2025-12-11T05:46:33.058459+00:00 mail postfix/master[62667]: fatal: chmod socket private/smtpd: Invalid argument
2025-12-11T05:46:39.132149+00:00 mail postfix/postfix-script[62745]: starting the Postfix mail system
2025-12-11T05:46:39.142675+00:00 mail postfix/master[62746]: fatal: chmod socket private/smtpd: Invalid argument
2025-12-11T05:46:45.139409+00:00 mail postfix/postfix-script[62824]: starting the Postfix mail system
2025-12-11T05:46:45.147489+00:00 mail postfix/master[62825]: fatal: chmod socket private/smtpd: Invalid argument
2025-12-11T05:46:51.231542+00:00 mail postfix/postfix-script[62903]: starting the Postfix mail system
2025-12-11T05:46:51.239508+00:00 mail postfix/master[62904]: fatal: chmod socket private/smtpd: Invalid argument
2025-12-11T05:46:57.393183+00:00 mail postfix/postfix-script[62982]: starting the Postfix mail system
2025-12-11T05:46:57.401001+00:00 mail postfix/master[62983]: fatal: chmod socket private/smtpd: Invalid argument
2025-12-11T05:47:03.418363+00:00 mail postfix/postfix-script[63061]: starting the Postfix mail system
2025-12-11T05:47:03.425953+00:00 mail postfix/master[63062]: fatal: chmod socket private/smtpd: Invalid argument
2025-12-11T05:47:09.508073+00:00 mail postfix/postfix-script[63140]: starting the Postfix mail system
2025-12-11T05:47:09.518429+00:00 mail postfix/master[63141]: fatal: chmod socket private/smtpd: Invalid argument
2025-12-11T05:47:15.617884+00:00 mail postfix/postfix-script[63219]: starting the Postfix mail system
2025-12-11T05:47:15.625760+00:00 mail postfix/master[63220]: fatal: chmod socket private/smtpd: Invalid argument
2025-12-11T05:47:21.734665+00:00 mail postfix/postfix-script[63298]: starting the Postfix mail system
2025-12-11T05:47:21.741984+00:00 mail postfix/master[63299]: fatal: chmod socket private/smtpd: Invalid argument
2025-12-11T05:47:27.787091+00:00 mail postfix/postfix-script[63377]: starting the Postfix mail system
2025-12-11T05:47:27.794679+00:00 mail postfix/master[63378]: fatal: chmod socket private/smtpd: Invalid argument
2025-12-11T05:47:33.980318+00:00 mail postfix/postfix-script[63459]: starting the Postfix mail system
2025-12-11T05:47:33.988332+00:00 mail postfix/master[63460]: fatal: chmod socket private/smtpd: Invalid argument
2025-12-11T05:47:40.038692+00:00 mail postfix/postfix-script[63538]: starting the Postfix mail system
2025-12-11T05:47:40.046458+00:00 mail postfix/master[63539]: fatal: chmod socket private/smtpd: Invalid argument
2025-12-11T05:47:46.210839+00:00 mail postfix/postfix-script[63617]: starting the Postfix mail system
2025-12-11T05:47:46.221793+00:00 mail postfix/master[63618]: fatal: chmod socket private/smtpd: Invalid argument
2025-12-11T05:47:52.278357+00:00 mail postfix/postfix-script[63696]: starting the Postfix mail system
2025-12-11T05:47:52.286300+00:00 mail postfix/master[63697]: fatal: chmod socket private/smtpd: Invalid argument
2025-12-11T05:47:58.441336+00:00 mail postfix/postfix-script[63775]: starting the Postfix mail system
2025-12-11T05:47:58.449750+00:00 mail postfix/master[63776]: fatal: chmod socket private/smtpd: Invalid argument
2025-12-11T05:48:04.529930+00:00 mail postfix/postfix-script[63854]: starting the Postfix mail system
2025-12-11T05:48:04.538316+00:00 mail postfix/master[63855]: fatal: chmod socket private/smtpd: Invalid argument
2025-12-11T05:48:10.718069+00:00 mail postfix/postfix-script[63933]: starting the Postfix mail system
2025-12-11T05:48:10.729325+00:00 mail postfix/master[63934]: fatal: chmod socket private/smtpd: Invalid argument
2025-12-11T05:48:16.910954+00:00 mail postfix/postfix-script[64012]: starting the Postfix mail system
2025-12-11T05:48:16.924747+00:00 mail postfix/master[64013]: fatal: chmod socket private/smtpd: Invalid argument
2025-12-11T05:48:22.989931+00:00 mail postfix/postfix-script[64091]: starting the Postfix mail system
2025-12-11T05:48:22.999137+00:00 mail postfix/master[64092]: fatal: chmod socket private/smtpd: Invalid argument
2025-12-11T05:48:29.549905+00:00 mail postfix/postfix-script[64170]: starting the Postfix mail system
2025-12-11T05:48:29.562160+00:00 mail postfix/master[64171]: fatal: chmod socket private/smtpd: Invalid argument
2025-12-11T05:48:35.292569+00:00 mail postfix/postfix-script[64249]: starting the Postfix mail system
2025-12-11T05:48:35.302736+00:00 mail postfix/master[64250]: fatal: chmod socket private/smtpd: Invalid argument
2025-12-11T05:48:41.506462+00:00 mail postfix/postfix-script[64328]: starting the Postfix mail system
2025-12-11T05:48:41.520413+00:00 mail postfix/master[64329]: fatal: chmod socket private/smtpd: Invalid argument
2025-12-11T05:48:47.576946+00:00 mail postfix/postfix-script[64407]: starting the Postfix mail system
2025-12-11T05:48:47.585431+00:00 mail postfix/master[64408]: fatal: chmod socket private/smtpd: Invalid argument
2025-12-11T05:48:53.553394+00:00 mail postfix/postfix-script[64486]: starting the Postfix mail system
2025-12-11T05:48:53.565220+00:00 mail postfix/master[64487]: fatal: chmod socket private/smtpd: Invalid argument
2025-12-11T05:48:59.688582+00:00 mail postfix/postfix-script[64565]: starting the Postfix mail system
2025-12-11T05:48:59.697803+00:00 mail postfix/master[64566]: fatal: chmod socket private/smtpd: Invalid argument
2025-12-11T05:49:05.839623+00:00 mail postfix/postfix-script[64644]: starting the Postfix mail system
2025-12-11T05:49:05.847538+00:00 mail postfix/master[64645]: fatal: chmod socket private/smtpd: Invalid argument
2025-12-11T05:49:12.051697+00:00 mail postfix/postfix-script[64723]: starting the Postfix mail system
2025-12-11T05:49:12.063433+00:00 mail postfix/master[64724]: fatal: chmod socket private/smtpd: Invalid argument
2025-12-11T05:49:18.144110+00:00 mail postfix/postfix-script[64802]: starting the Postfix mail system
2025-12-11T05:49:18.153111+00:00 mail postfix/master[64803]: fatal: chmod socket private/smtpd: Invalid argument
2025-12-11T05:49:24.263564+00:00 mail postfix/postfix-script[64881]: starting the Postfix mail system
2025-12-11T05:49:24.274348+00:00 mail postfix/master[64882]: fatal: chmod socket private/smtpd: Invalid argument
2025-12-11T05:49:31.752806+00:00 mail postfix/postfix-script[64963]: starting the Postfix mail system
2025-12-11T05:49:31.762623+00:00 mail postfix/master[64964]: fatal: chmod socket private/smtpd: Invalid argument
2025-12-11T05:49:37.805426+00:00 mail postfix/postfix-script[65042]: starting the Postfix mail system
2025-12-11T05:49:37.813695+00:00 mail postfix/master[65043]: fatal: chmod socket private/smtpd: Invalid argument
2025-12-11T05:49:44.141620+00:00 mail postfix/postfix-script[65121]: starting the Postfix mail system
2025-12-11T05:49:44.153229+00:00 mail postfix/master[65122]: fatal: chmod socket private/smtpd: Invalid argument
2025-12-11T05:49:50.519099+00:00 mail postfix/postfix-script[65200]: starting the Postfix mail system
2025-12-11T05:49:50.535604+00:00 mail postfix/master[65201]: fatal: chmod socket private/smtpd: Invalid argument
2025-12-11T05:49:56.295603+00:00 mail postfix/postfix-script[65279]: starting the Postfix mail system
2025-12-11T05:49:56.303667+00:00 mail postfix/master[65280]: fatal: chmod socket private/smtpd: Invalid argument
2025-12-11T05:50:02.495239+00:00 mail postfix/postfix-script[65358]: starting the Postfix mail system
2025-12-11T05:50:02.504297+00:00 mail postfix/master[65359]: fatal: chmod socket private/smtpd: Invalid argument
2025-12-11T05:50:08.856441+00:00 mail postfix/postfix-script[65437]: starting the Postfix mail system
2025-12-11T05:50:08.869024+00:00 mail postfix/master[65438]: fatal: chmod socket private/smtpd: Invalid argument
2025-12-11T05:50:16.281122+00:00 mail postfix/postfix-script[65519]: starting the Postfix mail system
2025-12-11T05:50:16.305035+00:00 mail postfix/master[65520]: fatal: chmod socket private/smtpd: Invalid argument
2025-12-11T05:50:21.619052+00:00 mail postfix/postfix-script[65597]: starting the Postfix mail system
2025-12-11T05:50:21.628146+00:00 mail postfix/master[65599]: fatal: chmod socket private/smtpd: Invalid argument
2025-12-11T05:50:28.022177+00:00 mail postfix/postfix-script[65677]: starting the Postfix mail system
2025-12-11T05:50:28.033073+00:00 mail postfix/master[65678]: fatal: chmod socket private/smtpd: Invalid argument
2025-12-11T05:50:34.108317+00:00 mail postfix/postfix-script[65756]: starting the Postfix mail system
2025-12-11T05:50:34.121191+00:00 mail postfix/master[65757]: fatal: chmod socket private/smtpd: Invalid argument
2025-12-11T05:50:40.840973+00:00 mail postfix/postfix-script[65832]: starting the Postfix mail system
2025-12-11T05:50:40.855367+00:00 mail postfix/master[65833]: fatal: chmod socket private/smtpd: Invalid argument
2025-12-11T05:50:46.973477+00:00 mail postfix/postfix-script[65911]: starting the Postfix mail system
2025-12-11T05:50:46.981740+00:00 mail postfix/master[65912]: fatal: chmod socket private/smtpd: Invalid argument
2025-12-11T05:50:53.060239+00:00 mail postfix/postfix-script[65990]: starting the Postfix mail system
2025-12-11T05:50:53.071615+00:00 mail postfix/master[65991]: fatal: chmod socket private/smtpd: Invalid argument
2025-12-11T05:50:59.086781+00:00 mail postfix/postfix-script[66069]: starting the Postfix mail system
2025-12-11T05:50:59.094164+00:00 mail postfix/master[66070]: fatal: chmod socket private/smtpd: Invalid argument
2025-12-11T05:51:05.125149+00:00 mail postfix/postfix-script[66148]: starting the Postfix mail system
2025-12-11T05:51:05.131867+00:00 mail postfix/master[66149]: fatal: chmod socket private/smtpd: Invalid argument
2025-12-11T05:51:11.272855+00:00 mail postfix/postfix-script[66227]: starting the Postfix mail system
2025-12-11T05:51:11.280943+00:00 mail postfix/master[66228]: fatal: chmod socket private/smtpd: Invalid argument
2025-12-11T05:51:17.396609+00:00 mail postfix/postfix-script[66306]: starting the Postfix mail system
2025-12-11T05:51:17.404103+00:00 mail postfix/master[66307]: fatal: chmod socket private/smtpd: Invalid argument
2025-12-11T05:51:23.656460+00:00 mail postfix/postfix-script[66385]: starting the Postfix mail system
2025-12-11T05:51:23.667361+00:00 mail postfix/master[66386]: fatal: chmod socket private/smtpd: Invalid argument
2025-12-11T05:51:29.642935+00:00 mail postfix/postfix-script[66464]: starting the Postfix mail system
2025-12-11T05:51:29.650015+00:00 mail postfix/master[66465]: fatal: chmod socket private/smtpd: Invalid argument
2025-12-11T05:51:35.704719+00:00 mail postfix/postfix-script[66543]: starting the Postfix mail system
2025-12-11T05:51:35.711546+00:00 mail postfix/master[66544]: fatal: chmod socket private/smtpd: Invalid argument
2025-12-11T05:51:41.827033+00:00 mail postfix/postfix-script[66622]: starting the Postfix mail system
2025-12-11T05:51:41.834728+00:00 mail postfix/master[66623]: fatal: chmod socket private/smtpd: Invalid argument
2025-12-11T05:51:47.887156+00:00 mail postfix/postfix-script[66701]: starting the Postfix mail system
2025-12-11T05:51:47.893798+00:00 mail postfix/master[66702]: fatal: chmod socket private/smtpd: Invalid argument
2025-12-11T05:51:53.904523+00:00 mail postfix/postfix-script[66780]: starting the Postfix mail system
2025-12-11T05:51:53.910291+00:00 mail postfix/master[66781]: fatal: chmod socket private/smtpd: Invalid argument
2025-12-11T05:52:00.095697+00:00 mail postfix/postfix-script[66862]: starting the Postfix mail system
2025-12-11T05:52:00.102739+00:00 mail postfix/master[66863]: fatal: chmod socket private/smtpd: Invalid argument
2025-12-11T05:52:06.258529+00:00 mail postfix/postfix-script[66941]: starting the Postfix mail system
2025-12-11T05:52:06.263448+00:00 mail postfix/master[66942]: fatal: chmod socket private/smtpd: Invalid argument
2025-12-11T05:52:12.331387+00:00 mail postfix/postfix-script[67020]: starting the Postfix mail system
2025-12-11T05:52:12.339968+00:00 mail postfix/master[67021]: fatal: chmod socket private/smtpd: Invalid argument
2025-12-11T05:52:18.438366+00:00 mail postfix/postfix-script[67099]: starting the Postfix mail system
2025-12-11T05:52:18.445431+00:00 mail postfix/master[67100]: fatal: chmod socket private/smtpd: Invalid argument
2025-12-11T05:52:24.540509+00:00 mail postfix/postfix-script[67178]: starting the Postfix mail system
2025-12-11T05:52:24.546527+00:00 mail postfix/master[67179]: fatal: chmod socket private/smtpd: Invalid argument
2025-12-11T05:52:30.802541+00:00 mail postfix/postfix-script[67257]: starting the Postfix mail system
2025-12-11T05:52:30.809347+00:00 mail postfix/master[67258]: fatal: chmod socket private/smtpd: Invalid argument
2025-12-11T05:52:36.840450+00:00 mail postfix/postfix-script[67336]: starting the Postfix mail system
2025-12-11T05:52:36.846973+00:00 mail postfix/master[67337]: fatal: chmod socket private/smtpd: Invalid argument
2025-12-11T05:52:42.944626+00:00 mail postfix/postfix-script[67415]: starting the Postfix mail system
2025-12-11T05:52:42.951661+00:00 mail postfix/master[67416]: fatal: chmod socket private/smtpd: Invalid argument
2025-12-11T05:52:49.000346+00:00 mail postfix/postfix-script[67494]: starting the Postfix mail system
2025-12-11T05:52:49.006454+00:00 mail postfix/master[67495]: fatal: chmod socket private/smtpd: Invalid argument
2025-12-11T05:52:55.059120+00:00 mail postfix/postfix-script[67573]: starting the Postfix mail system
2025-12-11T05:52:55.065124+00:00 mail postfix/master[67574]: fatal: chmod socket private/smtpd: Invalid argument
2025-12-11T05:53:01.145349+00:00 mail postfix/postfix-script[67652]: starting the Postfix mail system
2025-12-11T05:53:01.152134+00:00 mail postfix/master[67653]: fatal: chmod socket private/smtpd: Invalid argument
2025-12-11T05:53:07.203147+00:00 mail postfix/postfix-script[67731]: starting the Postfix mail system
2025-12-11T05:53:07.208850+00:00 mail postfix/master[67732]: fatal: chmod socket private/smtpd: Invalid argument
2025-12-11T05:53:13.446756+00:00 mail postfix/postfix-script[67810]: starting the Postfix mail system
2025-12-11T05:53:13.453062+00:00 mail postfix/master[67811]: fatal: chmod socket private/smtpd: Invalid argument
2025-12-11T05:53:19.527059+00:00 mail postfix/postfix-script[67889]: starting the Postfix mail system
2025-12-11T05:53:19.536256+00:00 mail postfix/master[67890]: fatal: chmod socket private/smtpd: Invalid argument
2025-12-11T05:53:25.600846+00:00 mail postfix/postfix-script[67968]: starting the Postfix mail system
2025-12-11T05:53:25.607083+00:00 mail postfix/master[67969]: fatal: chmod socket private/smtpd: Invalid argument
2025-12-11T05:53:31.651976+00:00 mail postfix/postfix-script[68047]: starting the Postfix mail system
2025-12-11T05:53:31.657231+00:00 mail postfix/master[68048]: fatal: chmod socket private/smtpd: Invalid argument
2025-12-11T05:53:36.877699+00:00 mail postfix/postfix-script[68126]: starting the Postfix mail system
2025-12-11T05:53:36.886566+00:00 mail postfix/master[68127]: fatal: chmod socket private/smtpd: Invalid argument
2025-12-11T05:53:42.907117+00:00 mail postfix/postfix-script[68205]: starting the Postfix mail system
2025-12-11T05:53:42.913745+00:00 mail postfix/master[68206]: fatal: chmod socket private/smtpd: Invalid argument
2025-12-11T05:53:49.041094+00:00 mail postfix/postfix-script[68284]: starting the Postfix mail system
2025-12-11T05:53:49.048464+00:00 mail postfix/master[68285]: fatal: chmod socket private/smtpd: Invalid argument
2025-12-11T05:53:55.227592+00:00 mail postfix/postfix-script[68363]: starting the Postfix mail system
2025-12-11T05:53:55.238770+00:00 mail postfix/master[68364]: fatal: chmod socket private/smtpd: Invalid argument
2025-12-11T05:54:01.309608+00:00 mail postfix/postfix-script[68442]: starting the Postfix mail system
2025-12-11T05:54:01.316293+00:00 mail postfix/master[68443]: fatal: chmod socket private/smtpd: Invalid argument
2025-12-11T05:54:07.475143+00:00 mail postfix/postfix-script[68521]: starting the Postfix mail system
2025-12-11T05:54:07.484472+00:00 mail postfix/master[68522]: fatal: chmod socket private/smtpd: Invalid argument
2025-12-11T05:54:13.456293+00:00 mail postfix/postfix-script[68600]: starting the Postfix mail system
2025-12-11T05:54:13.462431+00:00 mail postfix/master[68601]: fatal: chmod socket private/smtpd: Invalid argument
2025-12-11T05:54:19.687778+00:00 mail postfix/postfix-script[68679]: starting the Postfix mail system
2025-12-11T05:54:19.695799+00:00 mail postfix/master[68680]: fatal: chmod socket private/smtpd: Invalid argument
2025-12-11T05:54:25.598199+00:00 mail postfix/postfix-script[68758]: starting the Postfix mail system
2025-12-11T05:54:25.604709+00:00 mail postfix/master[68759]: fatal: chmod socket private/smtpd: Invalid argument
2025-12-11T05:54:31.694389+00:00 mail postfix/postfix-script[68837]: starting the Postfix mail system
2025-12-11T05:54:31.700683+00:00 mail postfix/master[68838]: fatal: chmod socket private/smtpd: Invalid argument
2025-12-11T05:54:37.792198+00:00 mail postfix/postfix-script[68916]: starting the Postfix mail system
2025-12-11T05:54:37.798756+00:00 mail postfix/master[68917]: fatal: chmod socket private/smtpd: Invalid argument
2025-12-11T05:54:43.911509+00:00 mail postfix/postfix-script[68995]: starting the Postfix mail system
2025-12-11T05:54:43.916844+00:00 mail postfix/master[68996]: fatal: chmod socket private/smtpd: Invalid argument
2025-12-11T05:54:50.005026+00:00 mail postfix/postfix-script[69074]: starting the Postfix mail system
2025-12-11T05:54:50.011861+00:00 mail postfix/master[69075]: fatal: chmod socket private/smtpd: Invalid argument
2025-12-11T05:54:56.051470+00:00 mail postfix/postfix-script[69153]: starting the Postfix mail system
2025-12-11T05:54:56.056649+00:00 mail postfix/master[69154]: fatal: chmod socket private/smtpd: Invalid argument
2025-12-11T05:55:02.206927+00:00 mail postfix/postfix-script[69232]: starting the Postfix mail system
2025-12-11T05:55:02.217515+00:00 mail postfix/master[69233]: fatal: chmod socket private/smtpd: Invalid argument
2025-12-11T05:55:08.254393+00:00 mail postfix/postfix-script[69311]: starting the Postfix mail system
2025-12-11T05:55:08.259357+00:00 mail postfix/master[69312]: fatal: chmod socket private/smtpd: Invalid argument
2025-12-11T05:55:14.309733+00:00 mail postfix/postfix-script[69390]: starting the Postfix mail system
2025-12-11T05:55:14.315197+00:00 mail postfix/master[69391]: fatal: chmod socket private/smtpd: Invalid argument
2025-12-11T05:55:20.458524+00:00 mail postfix/postfix-script[69469]: starting the Postfix mail system
2025-12-11T05:55:20.464440+00:00 mail postfix/master[69470]: fatal: chmod socket private/smtpd: Invalid argument
2025-12-11T05:55:26.536889+00:00 mail postfix/postfix-script[69548]: starting the Postfix mail system
2025-12-11T05:55:26.543380+00:00 mail postfix/master[69549]: fatal: chmod socket private/smtpd: Invalid argument
2025-12-11T05:55:32.634374+00:00 mail postfix/postfix-script[69627]: starting the Postfix mail system
2025-12-11T05:55:32.641505+00:00 mail postfix/master[69628]: fatal: chmod socket private/smtpd: Invalid argument
2025-12-11T05:55:38.732303+00:00 mail postfix/postfix-script[69706]: starting the Postfix mail system
2025-12-11T05:55:38.739540+00:00 mail postfix/master[69707]: fatal: chmod socket private/smtpd: Invalid argument
2025-12-11T05:55:44.859436+00:00 mail postfix/postfix-script[69785]: starting the Postfix mail system
2025-12-11T05:55:44.866503+00:00 mail postfix/master[69786]: fatal: chmod socket private/smtpd: Invalid argument
2025-12-11T05:55:50.982986+00:00 mail postfix/postfix-script[69864]: starting the Postfix mail system
2025-12-11T05:55:50.991954+00:00 mail postfix/master[69865]: fatal: chmod socket private/smtpd: Invalid argument
2025-12-11T05:55:57.085599+00:00 mail postfix/postfix-script[69943]: starting the Postfix mail system
2025-12-11T05:55:57.094598+00:00 mail postfix/master[69944]: fatal: chmod socket private/smtpd: Invalid argument
2025-12-11T05:56:03.250193+00:00 mail postfix/postfix-script[70022]: starting the Postfix mail system
2025-12-11T05:56:03.257284+00:00 mail postfix/master[70023]: fatal: chmod socket private/smtpd: Invalid argument
2025-12-11T05:56:09.195320+00:00 mail postfix/postfix-script[70101]: starting the Postfix mail system
2025-12-11T05:56:09.201495+00:00 mail postfix/master[70102]: fatal: chmod socket private/smtpd: Invalid argument
2025-12-11T05:56:15.358826+00:00 mail postfix/postfix-script[70180]: starting the Postfix mail system
2025-12-11T05:56:15.364869+00:00 mail postfix/master[70181]: fatal: chmod socket private/smtpd: Invalid argument
2025-12-11T05:56:21.980758+00:00 mail postfix/postfix-script[70262]: starting the Postfix mail system
2025-12-11T05:56:22.001866+00:00 mail postfix/master[70263]: fatal: chmod socket private/smtpd: Invalid argument
2025-12-11T05:56:27.289938+00:00 mail postfix/postfix-script[70338]: starting the Postfix mail system
2025-12-11T05:56:27.315333+00:00 mail postfix/master[70339]: fatal: chmod socket private/smtpd: Invalid argument
2025-12-11T05:56:33.236484+00:00 mail postfix/postfix-script[70417]: starting the Postfix mail system
2025-12-11T05:56:33.255098+00:00 mail postfix/master[70418]: fatal: chmod socket private/smtpd: Invalid argument
2025-12-11T05:56:40.238019+00:00 mail postfix/postfix-script[70499]: starting the Postfix mail system
2025-12-11T05:56:40.258204+00:00 mail postfix/master[70500]: fatal: chmod socket private/smtpd: Invalid argument
2025-12-11T05:56:45.876455+00:00 mail postfix/postfix-script[70578]: starting the Postfix mail system
2025-12-11T05:56:45.896619+00:00 mail postfix/master[70579]: fatal: chmod socket private/smtpd: Invalid argument
2025-12-11T05:56:52.323444+00:00 mail postfix/postfix-script[70657]: starting the Postfix mail system
2025-12-11T05:56:52.348524+00:00 mail postfix/master[70658]: fatal: chmod socket private/smtpd: Invalid argument
2025-12-11T05:56:59.103931+00:00 mail postfix/postfix-script[70736]: starting the Postfix mail system
2025-12-11T05:56:59.168050+00:00 mail postfix/master[70737]: fatal: chmod socket private/smtpd: Invalid argument
2025-12-11T05:57:05.269891+00:00 mail postfix/postfix-script[70815]: starting the Postfix mail system
2025-12-11T05:57:05.306771+00:00 mail postfix/master[70816]: fatal: chmod socket private/smtpd: Invalid argument
2025-12-11T05:57:10.692813+00:00 mail postfix/postfix-script[70894]: starting the Postfix mail system
2025-12-11T05:57:10.702679+00:00 mail postfix/master[70895]: fatal: chmod socket private/smtpd: Invalid argument
2025-12-11T05:57:16.771744+00:00 mail postfix/postfix-script[70973]: starting the Postfix mail system
2025-12-11T05:57:16.781910+00:00 mail postfix/master[70974]: fatal: chmod socket private/smtpd: Invalid argument
2025-12-11T05:57:22.940702+00:00 mail postfix/postfix-script[71052]: starting the Postfix mail system
2025-12-11T05:57:22.948936+00:00 mail postfix/master[71053]: fatal: chmod socket private/smtpd: Invalid argument
2025-12-11T05:57:29.111240+00:00 mail postfix/postfix-script[71131]: starting the Postfix mail system
2025-12-11T05:57:29.118598+00:00 mail postfix/master[71132]: fatal: chmod socket private/smtpd: Invalid argument
2025-12-11T05:57:35.163344+00:00 mail postfix/postfix-script[71210]: starting the Postfix mail system
2025-12-11T05:57:35.171384+00:00 mail postfix/master[71211]: fatal: chmod socket private/smtpd: Invalid argument
2025-12-11T05:57:41.191103+00:00 mail postfix/postfix-script[71289]: starting the Postfix mail system
2025-12-11T05:57:41.197725+00:00 mail postfix/master[71290]: fatal: chmod socket private/smtpd: Invalid argument
2025-12-11T05:57:47.320356+00:00 mail postfix/postfix-script[71368]: starting the Postfix mail system
2025-12-11T05:57:47.329847+00:00 mail postfix/master[71369]: fatal: chmod socket private/smtpd: Invalid argument
2025-12-11T05:57:53.427709+00:00 mail postfix/postfix-script[71447]: starting the Postfix mail system
2025-12-11T05:57:53.435662+00:00 mail postfix/master[71448]: fatal: chmod socket private/smtpd: Invalid argument
2025-12-11T05:57:59.509165+00:00 mail postfix/postfix-script[71526]: starting the Postfix mail system
2025-12-11T05:57:59.516143+00:00 mail postfix/master[71527]: fatal: chmod socket private/smtpd: Invalid argument
2025-12-11T05:58:05.599763+00:00 mail postfix/postfix-script[71605]: starting the Postfix mail system
2025-12-11T05:58:05.606204+00:00 mail postfix/master[71606]: fatal: chmod socket private/smtpd: Invalid argument
2025-12-11T05:58:11.872009+00:00 mail postfix/postfix-script[71684]: starting the Postfix mail system
2025-12-11T05:58:11.881647+00:00 mail postfix/master[71685]: fatal: chmod socket private/smtpd: Invalid argument
2025-12-11T05:58:17.902621+00:00 mail postfix/postfix-script[71763]: starting the Postfix mail system
2025-12-11T05:58:17.911403+00:00 mail postfix/master[71764]: fatal: chmod socket private/smtpd: Invalid argument
2025-12-11T05:58:23.991588+00:00 mail postfix/postfix-script[71842]: starting the Postfix mail system
2025-12-11T05:58:23.999815+00:00 mail postfix/master[71843]: fatal: chmod socket private/smtpd: Invalid argument
2025-12-11T05:58:30.152288+00:00 mail postfix/postfix-script[71921]: starting the Postfix mail system
2025-12-11T05:58:30.160905+00:00 mail postfix/master[71922]: fatal: chmod socket private/smtpd: Invalid argument
2025-12-11T05:58:36.174688+00:00 mail postfix/postfix-script[72000]: starting the Postfix mail system
2025-12-11T05:58:36.186021+00:00 mail postfix/master[72001]: fatal: chmod socket private/smtpd: Invalid argument
2025-12-11T05:58:42.357310+00:00 mail postfix/postfix-script[72079]: starting the Postfix mail system
2025-12-11T05:58:42.366460+00:00 mail postfix/master[72080]: fatal: chmod socket private/smtpd: Invalid argument
2025-12-11T05:58:48.439478+00:00 mail postfix/postfix-script[72158]: starting the Postfix mail system
2025-12-11T05:58:48.448575+00:00 mail postfix/master[72159]: fatal: chmod socket private/smtpd: Invalid argument
2025-12-11T05:58:54.507705+00:00 mail postfix/postfix-script[72237]: starting the Postfix mail system
2025-12-11T05:58:54.517995+00:00 mail postfix/master[72238]: fatal: chmod socket private/smtpd: Invalid argument
2025-12-11T05:59:00.751457+00:00 mail postfix/postfix-script[72316]: starting the Postfix mail system
2025-12-11T05:59:00.760135+00:00 mail postfix/master[72317]: fatal: chmod socket private/smtpd: Invalid argument
2025-12-11T05:59:06.757958+00:00 mail postfix/postfix-script[72395]: starting the Postfix mail system
2025-12-11T05:59:06.766446+00:00 mail postfix/master[72396]: fatal: chmod socket private/smtpd: Invalid argument
2025-12-11T05:59:12.872652+00:00 mail postfix/postfix-script[72475]: starting the Postfix mail system
2025-12-11T05:59:12.881518+00:00 mail postfix/master[72478]: fatal: chmod socket private/smtpd: Invalid argument
2025-12-11T05:59:18.983118+00:00 mail postfix/postfix-script[72556]: starting the Postfix mail system
2025-12-11T05:59:18.992811+00:00 mail postfix/master[72557]: fatal: chmod socket private/smtpd: Invalid argument
2025-12-11T05:59:25.046937+00:00 mail postfix/postfix-script[72635]: starting the Postfix mail system
2025-12-11T05:59:25.057171+00:00 mail postfix/master[72636]: fatal: chmod socket private/smtpd: Invalid argument
2025-12-11T05:59:31.149983+00:00 mail postfix/postfix-script[72714]: starting the Postfix mail system
2025-12-11T05:59:31.158500+00:00 mail postfix/master[72715]: fatal: chmod socket private/smtpd: Invalid argument
2025-12-11T05:59:37.262844+00:00 mail postfix/postfix-script[72793]: starting the Postfix mail system
2025-12-11T05:59:37.271618+00:00 mail postfix/master[72794]: fatal: chmod socket private/smtpd: Invalid argument
2025-12-11T05:59:43.331356+00:00 mail postfix/postfix-script[72872]: starting the Postfix mail system
2025-12-11T05:59:43.341675+00:00 mail postfix/master[72873]: fatal: chmod socket private/smtpd: Invalid argument
2025-12-11T05:59:49.423493+00:00 mail postfix/postfix-script[72951]: starting the Postfix mail system
2025-12-11T05:59:49.433598+00:00 mail postfix/master[72952]: fatal: chmod socket private/smtpd: Invalid argument
2025-12-11T05:59:55.512142+00:00 mail postfix/postfix-script[73030]: starting the Postfix mail system
2025-12-11T05:59:55.520096+00:00 mail postfix/master[73031]: fatal: chmod socket private/smtpd: Invalid argument
2025-12-11T06:00:01.602282+00:00 mail postfix/postfix-script[73109]: starting the Postfix mail system
2025-12-11T06:00:01.610498+00:00 mail postfix/master[73110]: fatal: chmod socket private/smtpd: Invalid argument
2025-12-11T06:00:07.835968+00:00 mail postfix/postfix-script[73188]: starting the Postfix mail system
2025-12-11T06:00:07.844967+00:00 mail postfix/master[73189]: fatal: chmod socket private/smtpd: Invalid argument
2025-12-11T06:00:13.888252+00:00 mail postfix/postfix-script[73267]: starting the Postfix mail system
2025-12-11T06:00:13.896242+00:00 mail postfix/master[73268]: fatal: chmod socket private/smtpd: Invalid argument
2025-12-11T06:00:20.060531+00:00 mail postfix/postfix-script[73346]: starting the Postfix mail system
2025-12-11T06:00:20.068530+00:00 mail postfix/master[73347]: fatal: chmod socket private/smtpd: Invalid argument
2025-12-11T06:00:26.135302+00:00 mail postfix/postfix-script[73425]: starting the Postfix mail system
2025-12-11T06:00:26.144727+00:00 mail postfix/master[73426]: fatal: chmod socket private/smtpd: Invalid argument
2025-12-11T06:00:32.222404+00:00 mail postfix/postfix-script[73504]: starting the Postfix mail system
2025-12-11T06:00:32.231249+00:00 mail postfix/master[73505]: fatal: chmod socket private/smtpd: Invalid argument
2025-12-11T06:00:38.404073+00:00 mail postfix/postfix-script[73583]: starting the Postfix mail system
2025-12-11T06:00:38.412788+00:00 mail postfix/master[73584]: fatal: chmod socket private/smtpd: Invalid argument
2025-12-11T06:00:44.546747+00:00 mail postfix/postfix-script[73662]: starting the Postfix mail system
2025-12-11T06:00:44.556642+00:00 mail postfix/master[73663]: fatal: chmod socket private/smtpd: Invalid argument
2025-12-11T06:00:50.625850+00:00 mail postfix/postfix-script[73741]: starting the Postfix mail system
2025-12-11T06:00:50.637402+00:00 mail postfix/master[73742]: fatal: chmod socket private/smtpd: Invalid argument
2025-12-11T06:00:55.752858+00:00 mail postfix/postfix-script[73820]: starting the Postfix mail system
2025-12-11T06:00:55.762102+00:00 mail postfix/master[73821]: fatal: chmod socket private/smtpd: Invalid argument
2025-12-11T06:01:01.981315+00:00 mail postfix/postfix-script[73899]: starting the Postfix mail system
2025-12-11T06:01:01.995355+00:00 mail postfix/master[73900]: fatal: chmod socket private/smtpd: Invalid argument
2025-12-11T06:01:08.058715+00:00 mail postfix/postfix-script[73978]: starting the Postfix mail system
2025-12-11T06:01:08.067447+00:00 mail postfix/master[73979]: fatal: chmod socket private/smtpd: Invalid argument
2025-12-11T06:01:14.166362+00:00 mail postfix/postfix-script[74057]: starting the Postfix mail system
2025-12-11T06:01:14.175830+00:00 mail postfix/master[74058]: fatal: chmod socket private/smtpd: Invalid argument
2025-12-11T06:01:20.511604+00:00 mail postfix/postfix-script[74136]: starting the Postfix mail system
2025-12-11T06:01:20.521950+00:00 mail postfix/master[74137]: fatal: chmod socket private/smtpd: Invalid argument
2025-12-11T06:01:26.412000+00:00 mail postfix/postfix-script[74215]: starting the Postfix mail system
2025-12-11T06:01:26.424716+00:00 mail postfix/master[74216]: fatal: chmod socket private/smtpd: Invalid argument
2025-12-11T06:01:32.590765+00:00 mail postfix/postfix-script[74294]: starting the Postfix mail system
2025-12-11T06:01:32.600470+00:00 mail postfix/master[74295]: fatal: chmod socket private/smtpd: Invalid argument
2025-12-11T06:01:38.729597+00:00 mail postfix/postfix-script[74373]: starting the Postfix mail system
2025-12-11T06:01:38.741103+00:00 mail postfix/master[74374]: fatal: chmod socket private/smtpd: Invalid argument
2025-12-11T06:01:44.826589+00:00 mail postfix/postfix-script[74452]: starting the Postfix mail system
2025-12-11T06:01:44.838830+00:00 mail postfix/master[74453]: fatal: chmod socket private/smtpd: Invalid argument
2025-12-11T06:01:50.910531+00:00 mail postfix/postfix-script[74531]: starting the Postfix mail system
2025-12-11T06:01:50.918876+00:00 mail postfix/master[74532]: fatal: chmod socket private/smtpd: Invalid argument
2025-12-11T06:01:57.042604+00:00 mail postfix/postfix-script[74610]: starting the Postfix mail system
2025-12-11T06:01:57.050929+00:00 mail postfix/master[74611]: fatal: chmod socket private/smtpd: Invalid argument
2025-12-11T06:02:03.099287+00:00 mail postfix/postfix-script[74689]: starting the Postfix mail system
2025-12-11T06:02:03.108448+00:00 mail postfix/master[74690]: fatal: chmod socket private/smtpd: Invalid argument
2025-12-11T06:02:09.270001+00:00 mail postfix/postfix-script[74768]: starting the Postfix mail system
2025-12-11T06:02:09.278835+00:00 mail postfix/master[74769]: fatal: chmod socket private/smtpd: Invalid argument
2025-12-11T06:02:15.334885+00:00 mail postfix/postfix-script[74847]: starting the Postfix mail system
2025-12-11T06:02:15.347272+00:00 mail postfix/master[74848]: fatal: chmod socket private/smtpd: Invalid argument
2025-12-11T06:02:21.455537+00:00 mail postfix/postfix-script[74926]: starting the Postfix mail system
2025-12-11T06:02:21.464772+00:00 mail postfix/master[74927]: fatal: chmod socket private/smtpd: Invalid argument
2025-12-11T06:02:27.558646+00:00 mail postfix/postfix-script[75005]: starting the Postfix mail system
2025-12-11T06:02:27.568074+00:00 mail postfix/master[75006]: fatal: chmod socket private/smtpd: Invalid argument
2025-12-11T06:02:33.670302+00:00 mail postfix/postfix-script[75084]: starting the Postfix mail system
2025-12-11T06:02:33.679076+00:00 mail postfix/master[75085]: fatal: chmod socket private/smtpd: Invalid argument
2025-12-11T06:02:39.714314+00:00 mail postfix/postfix-script[75163]: starting the Postfix mail system
2025-12-11T06:02:39.723083+00:00 mail postfix/master[75164]: fatal: chmod socket private/smtpd: Invalid argument
2025-12-11T06:02:45.822535+00:00 mail postfix/postfix-script[75242]: starting the Postfix mail system
2025-12-11T06:02:45.831292+00:00 mail postfix/master[75243]: fatal: chmod socket private/smtpd: Invalid argument
2025-12-11T06:02:51.947407+00:00 mail postfix/postfix-script[75321]: starting the Postfix mail system
2025-12-11T06:02:51.956170+00:00 mail postfix/master[75322]: fatal: chmod socket private/smtpd: Invalid argument
2025-12-11T06:02:58.136032+00:00 mail postfix/postfix-script[75400]: starting the Postfix mail system
2025-12-11T06:02:58.148119+00:00 mail postfix/master[75401]: fatal: chmod socket private/smtpd: Invalid argument
2025-12-11T06:03:04.205347+00:00 mail postfix/postfix-script[75479]: starting the Postfix mail system
2025-12-11T06:03:04.214117+00:00 mail postfix/master[75480]: fatal: chmod socket private/smtpd: Invalid argument
2025-12-11T06:03:10.341535+00:00 mail postfix/postfix-script[75561]: starting the Postfix mail system
2025-12-11T06:03:10.350127+00:00 mail postfix/master[75562]: fatal: chmod socket private/smtpd: Invalid argument
2025-12-11T06:03:16.344338+00:00 mail postfix/postfix-script[75637]: starting the Postfix mail system
2025-12-11T06:03:16.352259+00:00 mail postfix/master[75638]: fatal: chmod socket private/smtpd: Invalid argument
2025-12-11T06:03:22.543627+00:00 mail postfix/postfix-script[75719]: starting the Postfix mail system
2025-12-11T06:03:22.553446+00:00 mail postfix/master[75720]: fatal: chmod socket private/smtpd: Invalid argument
2025-12-11T06:03:28.639694+00:00 mail postfix/postfix-script[75798]: starting the Postfix mail system
2025-12-11T06:03:28.649417+00:00 mail postfix/master[75799]: fatal: chmod socket private/smtpd: Invalid argument
2025-12-11T06:03:34.786327+00:00 mail postfix/postfix-script[75877]: starting the Postfix mail system
2025-12-11T06:03:34.796483+00:00 mail postfix/master[75878]: fatal: chmod socket private/smtpd: Invalid argument
2025-12-11T06:03:40.865065+00:00 mail postfix/postfix-script[75956]: starting the Postfix mail system
2025-12-11T06:03:40.873159+00:00 mail postfix/master[75957]: fatal: chmod socket private/smtpd: Invalid argument
2025-12-11T06:03:46.950209+00:00 mail postfix/postfix-script[76035]: starting the Postfix mail system
2025-12-11T06:03:46.959173+00:00 mail postfix/master[76036]: fatal: chmod socket private/smtpd: Invalid argument
2025-12-11T06:03:53.027228+00:00 mail postfix/postfix-script[76114]: starting the Postfix mail system
2025-12-11T06:03:53.036374+00:00 mail postfix/master[76115]: fatal: chmod socket private/smtpd: Invalid argument
2025-12-11T06:03:59.166802+00:00 mail postfix/postfix-script[76193]: starting the Postfix mail system
2025-12-11T06:03:59.175071+00:00 mail postfix/master[76194]: fatal: chmod socket private/smtpd: Invalid argument
2025-12-11T06:04:05.260207+00:00 mail postfix/postfix-script[76272]: starting the Postfix mail system
2025-12-11T06:04:05.269684+00:00 mail postfix/master[76273]: fatal: chmod socket private/smtpd: Invalid argument
2025-12-11T06:04:11.319865+00:00 mail postfix/postfix-script[76351]: starting the Postfix mail system
2025-12-11T06:04:11.327414+00:00 mail postfix/master[76352]: fatal: chmod socket private/smtpd: Invalid argument
2025-12-11T06:04:17.402601+00:00 mail postfix/postfix-script[76430]: starting the Postfix mail system
2025-12-11T06:04:17.410437+00:00 mail postfix/master[76431]: fatal: chmod socket private/smtpd: Invalid argument
2025-12-11T06:04:23.467595+00:00 mail postfix/postfix-script[76509]: starting the Postfix mail system
2025-12-11T06:04:23.474857+00:00 mail postfix/master[76510]: fatal: chmod socket private/smtpd: Invalid argument
2025-12-11T06:04:29.653485+00:00 mail postfix/postfix-script[76588]: starting the Postfix mail system
2025-12-11T06:04:29.661597+00:00 mail postfix/master[76589]: fatal: chmod socket private/smtpd: Invalid argument
2025-12-11T06:04:35.852152+00:00 mail postfix/postfix-script[76667]: starting the Postfix mail system
2025-12-11T06:04:35.860730+00:00 mail postfix/master[76668]: fatal: chmod socket private/smtpd: Invalid argument
2025-12-11T06:04:41.883085+00:00 mail postfix/postfix-script[76746]: starting the Postfix mail system
2025-12-11T06:04:41.893559+00:00 mail postfix/master[76747]: fatal: chmod socket private/smtpd: Invalid argument
2025-12-11T06:04:48.012639+00:00 mail postfix/postfix-script[76825]: starting the Postfix mail system
2025-12-11T06:04:48.020477+00:00 mail postfix/master[76826]: fatal: chmod socket private/smtpd: Invalid argument
2025-12-11T06:04:54.121298+00:00 mail postfix/postfix-script[76904]: starting the Postfix mail system
2025-12-11T06:04:54.129203+00:00 mail postfix/master[76905]: fatal: chmod socket private/smtpd: Invalid argument
2025-12-11T06:05:00.216998+00:00 mail postfix/postfix-script[76983]: starting the Postfix mail system
2025-12-11T06:05:00.224750+00:00 mail postfix/master[76984]: fatal: chmod socket private/smtpd: Invalid argument
2025-12-11T06:05:06.364150+00:00 mail postfix/postfix-script[77062]: starting the Postfix mail system
2025-12-11T06:05:06.373279+00:00 mail postfix/master[77063]: fatal: chmod socket private/smtpd: Invalid argument
2025-12-11T06:05:12.466852+00:00 mail postfix/postfix-script[77141]: starting the Postfix mail system
2025-12-11T06:05:12.474102+00:00 mail postfix/master[77142]: fatal: chmod socket private/smtpd: Invalid argument
2025-12-11T06:05:18.520723+00:00 mail postfix/postfix-script[77220]: starting the Postfix mail system
2025-12-11T06:05:18.528109+00:00 mail postfix/master[77221]: fatal: chmod socket private/smtpd: Invalid argument
2025-12-11T06:05:24.584739+00:00 mail postfix/postfix-script[77299]: starting the Postfix mail system
2025-12-11T06:05:24.594372+00:00 mail postfix/master[77300]: fatal: chmod socket private/smtpd: Invalid argument
2025-12-11T06:05:30.674005+00:00 mail postfix/postfix-script[77378]: starting the Postfix mail system
2025-12-11T06:05:30.682432+00:00 mail postfix/master[77379]: fatal: chmod socket private/smtpd: Invalid argument
2025-12-11T06:05:36.719401+00:00 mail postfix/postfix-script[77457]: starting the Postfix mail system
2025-12-11T06:05:36.726646+00:00 mail postfix/master[77458]: fatal: chmod socket private/smtpd: Invalid argument
2025-12-11T06:05:42.777380+00:00 mail postfix/postfix-script[77536]: starting the Postfix mail system
2025-12-11T06:05:42.783365+00:00 mail postfix/master[77537]: fatal: chmod socket private/smtpd: Invalid argument
2025-12-11T06:05:49.067679+00:00 mail postfix/postfix-script[77615]: starting the Postfix mail system
2025-12-11T06:05:49.073799+00:00 mail postfix/master[77616]: fatal: chmod socket private/smtpd: Invalid argument
2025-12-11T06:05:54.913221+00:00 mail postfix/postfix-script[77694]: starting the Postfix mail system
2025-12-11T06:05:54.918202+00:00 mail postfix/master[77695]: fatal: chmod socket private/smtpd: Invalid argument
2025-12-11T06:06:00.998737+00:00 mail postfix/postfix-script[77773]: starting the Postfix mail system
2025-12-11T06:06:01.004716+00:00 mail postfix/master[77774]: fatal: chmod socket private/smtpd: Invalid argument
2025-12-11T06:06:07.099921+00:00 mail postfix/postfix-script[77852]: starting the Postfix mail system
2025-12-11T06:06:07.105916+00:00 mail postfix/master[77853]: fatal: chmod socket private/smtpd: Invalid argument
2025-12-11T06:06:13.153578+00:00 mail postfix/postfix-script[77931]: starting the Postfix mail system
2025-12-11T06:06:13.158501+00:00 mail postfix/master[77932]: fatal: chmod socket private/smtpd: Invalid argument
2025-12-11T06:06:19.304577+00:00 mail postfix/postfix-script[78010]: starting the Postfix mail system
2025-12-11T06:06:19.311280+00:00 mail postfix/master[78011]: fatal: chmod socket private/smtpd: Invalid argument
2025-12-11T06:06:25.349577+00:00 mail postfix/postfix-script[78089]: starting the Postfix mail system
2025-12-11T06:06:25.354563+00:00 mail postfix/master[78090]: fatal: chmod socket private/smtpd: Invalid argument
2025-12-11T06:06:31.484039+00:00 mail postfix/postfix-script[78171]: starting the Postfix mail system
2025-12-11T06:06:31.489484+00:00 mail postfix/master[78172]: fatal: chmod socket private/smtpd: Invalid argument
2025-12-11T06:06:37.527105+00:00 mail postfix/postfix-script[78250]: starting the Postfix mail system
2025-12-11T06:06:37.539300+00:00 mail postfix/master[78251]: fatal: chmod socket private/smtpd: Invalid argument
2025-12-11T06:06:43.603599+00:00 mail postfix/postfix-script[78329]: starting the Postfix mail system
2025-12-11T06:06:43.609105+00:00 mail postfix/master[78330]: fatal: chmod socket private/smtpd: Invalid argument
2025-12-11T06:06:49.659787+00:00 mail postfix/postfix-script[78408]: starting the Postfix mail system
2025-12-11T06:06:49.665099+00:00 mail postfix/master[78409]: fatal: chmod socket private/smtpd: Invalid argument
2025-12-11T06:06:55.728498+00:00 mail postfix/postfix-script[78487]: starting the Postfix mail system
2025-12-11T06:06:55.733564+00:00 mail postfix/master[78488]: fatal: chmod socket private/smtpd: Invalid argument
2025-12-11T06:07:01.843663+00:00 mail postfix/postfix-script[78566]: starting the Postfix mail system
2025-12-11T06:07:01.849805+00:00 mail postfix/master[78567]: fatal: chmod socket private/smtpd: Invalid argument
2025-12-11T06:07:07.913924+00:00 mail postfix/postfix-script[78645]: starting the Postfix mail system
2025-12-11T06:07:07.938322+00:00 mail postfix/master[78646]: fatal: chmod socket private/smtpd: Invalid argument
2025-12-11T06:07:14.001937+00:00 mail postfix/postfix-script[78724]: starting the Postfix mail system
2025-12-11T06:07:14.008184+00:00 mail postfix/master[78725]: fatal: chmod socket private/smtpd: Invalid argument
2025-12-11T06:07:20.073230+00:00 mail postfix/postfix-script[78803]: starting the Postfix mail system
2025-12-11T06:07:20.080339+00:00 mail postfix/master[78804]: fatal: chmod socket private/smtpd: Invalid argument
2025-12-11T06:07:26.153216+00:00 mail postfix/postfix-script[78882]: starting the Postfix mail system
2025-12-11T06:07:26.159297+00:00 mail postfix/master[78883]: fatal: chmod socket private/smtpd: Invalid argument
2025-12-11T06:07:32.246156+00:00 mail postfix/postfix-script[78961]: starting the Postfix mail system
2025-12-11T06:07:32.253211+00:00 mail postfix/master[78962]: fatal: chmod socket private/smtpd: Invalid argument
2025-12-11T06:07:38.405966+00:00 mail postfix/postfix-script[79040]: starting the Postfix mail system
2025-12-11T06:07:38.413504+00:00 mail postfix/master[79041]: fatal: chmod socket private/smtpd: Invalid argument
2025-12-11T06:07:44.500631+00:00 mail postfix/postfix-script[79119]: starting the Postfix mail system
2025-12-11T06:07:44.509795+00:00 mail postfix/master[79120]: fatal: chmod socket private/smtpd: Invalid argument
2025-12-11T06:07:50.681372+00:00 mail postfix/postfix-script[79198]: starting the Postfix mail system
2025-12-11T06:07:50.692471+00:00 mail postfix/master[79199]: fatal: chmod socket private/smtpd: Invalid argument
2025-12-11T06:07:56.751228+00:00 mail postfix/postfix-script[79277]: starting the Postfix mail system
2025-12-11T06:07:56.760803+00:00 mail postfix/master[79278]: fatal: chmod socket private/smtpd: Invalid argument
2025-12-11T06:08:02.841741+00:00 mail postfix/postfix-script[79356]: starting the Postfix mail system
2025-12-11T06:08:02.852539+00:00 mail postfix/master[79357]: fatal: chmod socket private/smtpd: Invalid argument
2025-12-11T06:08:08.924021+00:00 mail postfix/postfix-script[79435]: starting the Postfix mail system
2025-12-11T06:08:08.931802+00:00 mail postfix/master[79436]: fatal: chmod socket private/smtpd: Invalid argument
2025-12-11T06:08:15.025598+00:00 mail postfix/postfix-script[79514]: starting the Postfix mail system
2025-12-11T06:08:15.034206+00:00 mail postfix/master[79515]: fatal: chmod socket private/smtpd: Invalid argument
2025-12-11T06:08:21.218699+00:00 mail postfix/postfix-script[79593]: starting the Postfix mail system
2025-12-11T06:08:21.228013+00:00 mail postfix/master[79594]: fatal: chmod socket private/smtpd: Invalid argument
2025-12-11T06:08:26.301099+00:00 mail postfix/postfix-script[79672]: starting the Postfix mail system
2025-12-11T06:08:26.309467+00:00 mail postfix/master[79673]: fatal: chmod socket private/smtpd: Invalid argument
2025-12-11T06:08:32.454399+00:00 mail postfix/postfix-script[79751]: starting the Postfix mail system
2025-12-11T06:08:32.462479+00:00 mail postfix/master[79752]: fatal: chmod socket private/smtpd: Invalid argument
2025-12-11T06:08:38.517265+00:00 mail postfix/postfix-script[79830]: starting the Postfix mail system
2025-12-11T06:08:38.525085+00:00 mail postfix/master[79831]: fatal: chmod socket private/smtpd: Invalid argument
2025-12-11T06:08:44.642325+00:00 mail postfix/postfix-script[79909]: starting the Postfix mail system
2025-12-11T06:08:44.653493+00:00 mail postfix/master[79910]: fatal: chmod socket private/smtpd: Invalid argument
2025-12-11T06:08:50.829953+00:00 mail postfix/postfix-script[79988]: starting the Postfix mail system
2025-12-11T06:08:50.840951+00:00 mail postfix/master[79989]: fatal: chmod socket private/smtpd: Invalid argument
2025-12-11T06:08:57.080374+00:00 mail postfix/postfix-script[80067]: starting the Postfix mail system
2025-12-11T06:08:57.089802+00:00 mail postfix/master[80068]: fatal: chmod socket private/smtpd: Invalid argument
2025-12-11T06:09:03.035869+00:00 mail postfix/postfix-script[80146]: starting the Postfix mail system
2025-12-11T06:09:03.047567+00:00 mail postfix/master[80147]: fatal: chmod socket private/smtpd: Invalid argument
2025-12-11T06:09:09.151063+00:00 mail postfix/postfix-script[80225]: starting the Postfix mail system
2025-12-11T06:09:09.161208+00:00 mail postfix/master[80226]: fatal: chmod socket private/smtpd: Invalid argument
2025-12-11T06:09:15.244616+00:00 mail postfix/postfix-script[80304]: starting the Postfix mail system
2025-12-11T06:09:15.255582+00:00 mail postfix/master[80305]: fatal: chmod socket private/smtpd: Invalid argument
2025-12-11T06:09:21.359546+00:00 mail postfix/postfix-script[80383]: starting the Postfix mail system
2025-12-11T06:09:21.369051+00:00 mail postfix/master[80384]: fatal: chmod socket private/smtpd: Invalid argument
2025-12-11T06:09:27.526868+00:00 mail postfix/postfix-script[80462]: starting the Postfix mail system
2025-12-11T06:09:27.536085+00:00 mail postfix/master[80463]: fatal: chmod socket private/smtpd: Invalid argument
2025-12-11T06:09:33.749612+00:00 mail postfix/postfix-script[80541]: starting the Postfix mail system
2025-12-11T06:09:33.760818+00:00 mail postfix/master[80542]: fatal: chmod socket private/smtpd: Invalid argument
2025-12-11T06:09:39.764656+00:00 mail postfix/postfix-script[80620]: starting the Postfix mail system
2025-12-11T06:09:39.772848+00:00 mail postfix/master[80621]: fatal: chmod socket private/smtpd: Invalid argument
2025-12-11T06:09:46.021043+00:00 mail postfix/postfix-script[80699]: starting the Postfix mail system
2025-12-11T06:09:46.034588+00:00 mail postfix/master[80700]: fatal: chmod socket private/smtpd: Invalid argument
2025-12-11T06:09:52.159315+00:00 mail postfix/postfix-script[80778]: starting the Postfix mail system
2025-12-11T06:09:52.169020+00:00 mail postfix/master[80779]: fatal: chmod socket private/smtpd: Invalid argument
2025-12-11T06:09:58.232511+00:00 mail postfix/postfix-script[80857]: starting the Postfix mail system
2025-12-11T06:09:58.242901+00:00 mail postfix/master[80858]: fatal: chmod socket private/smtpd: Invalid argument
2025-12-11T06:10:04.313315+00:00 mail postfix/postfix-script[80936]: starting the Postfix mail system
2025-12-11T06:10:04.321775+00:00 mail postfix/master[80937]: fatal: chmod socket private/smtpd: Invalid argument
2025-12-11T06:10:10.462021+00:00 mail postfix/postfix-script[81015]: starting the Postfix mail system
2025-12-11T06:10:10.471825+00:00 mail postfix/master[81016]: fatal: chmod socket private/smtpd: Invalid argument
2025-12-11T06:10:16.577017+00:00 mail postfix/postfix-script[81094]: starting the Postfix mail system
2025-12-11T06:10:16.585263+00:00 mail postfix/master[81095]: fatal: chmod socket private/smtpd: Invalid argument
2025-12-11T06:10:22.688844+00:00 mail postfix/postfix-script[81173]: starting the Postfix mail system
2025-12-11T06:10:22.699826+00:00 mail postfix/master[81174]: fatal: chmod socket private/smtpd: Invalid argument
2025-12-11T06:10:28.845678+00:00 mail postfix/postfix-script[81252]: starting the Postfix mail system
2025-12-11T06:10:28.859773+00:00 mail postfix/master[81253]: fatal: chmod socket private/smtpd: Invalid argument
2025-12-11T06:10:35.078040+00:00 mail postfix/postfix-script[81334]: starting the Postfix mail system
2025-12-11T06:10:35.090618+00:00 mail postfix/master[81335]: fatal: chmod socket private/smtpd: Invalid argument
2025-12-11T06:10:41.222671+00:00 mail postfix/postfix-script[81413]: starting the Postfix mail system
2025-12-11T06:10:41.234363+00:00 mail postfix/master[81414]: fatal: chmod socket private/smtpd: Invalid argument
2025-12-11T06:10:47.302912+00:00 mail postfix/postfix-script[81492]: starting the Postfix mail system
2025-12-11T06:10:47.313284+00:00 mail postfix/master[81493]: fatal: chmod socket private/smtpd: Invalid argument
2025-12-11T06:10:53.433603+00:00 mail postfix/postfix-script[81571]: starting the Postfix mail system
2025-12-11T06:10:53.445919+00:00 mail postfix/master[81572]: fatal: chmod socket private/smtpd: Invalid argument
2025-12-11T06:10:59.495312+00:00 mail postfix/postfix-script[81650]: starting the Postfix mail system
2025-12-11T06:10:59.507102+00:00 mail postfix/master[81651]: fatal: chmod socket private/smtpd: Invalid argument
2025-12-11T06:11:05.559305+00:00 mail postfix/postfix-script[81729]: starting the Postfix mail system
2025-12-11T06:11:05.567414+00:00 mail postfix/master[81730]: fatal: chmod socket private/smtpd: Invalid argument
2025-12-11T06:11:11.630406+00:00 mail postfix/postfix-script[81808]: starting the Postfix mail system
2025-12-11T06:11:11.638066+00:00 mail postfix/master[81809]: fatal: chmod socket private/smtpd: Invalid argument
2025-12-11T06:11:17.780009+00:00 mail postfix/postfix-script[81887]: starting the Postfix mail system
2025-12-11T06:11:17.787134+00:00 mail postfix/master[81888]: fatal: chmod socket private/smtpd: Invalid argument
2025-12-11T06:11:23.784135+00:00 mail postfix/postfix-script[81966]: starting the Postfix mail system
2025-12-11T06:11:23.792064+00:00 mail postfix/master[81967]: fatal: chmod socket private/smtpd: Invalid argument
2025-12-11T06:11:29.900240+00:00 mail postfix/postfix-script[82045]: starting the Postfix mail system
2025-12-11T06:11:29.907259+00:00 mail postfix/master[82046]: fatal: chmod socket private/smtpd: Invalid argument
2025-12-11T06:11:35.934519+00:00 mail postfix/postfix-script[82124]: starting the Postfix mail system
2025-12-11T06:11:35.941641+00:00 mail postfix/master[82125]: fatal: chmod socket private/smtpd: Invalid argument
2025-12-11T06:11:42.012638+00:00 mail postfix/postfix-script[82203]: starting the Postfix mail system
2025-12-11T06:11:42.020346+00:00 mail postfix/master[82204]: fatal: chmod socket private/smtpd: Invalid argument
2025-12-11T06:11:48.151147+00:00 mail postfix/postfix-script[82282]: starting the Postfix mail system
2025-12-11T06:11:48.159166+00:00 mail postfix/master[82283]: fatal: chmod socket private/smtpd: Invalid argument
2025-12-11T06:11:54.213034+00:00 mail postfix/postfix-script[82361]: starting the Postfix mail system
2025-12-11T06:11:54.219708+00:00 mail postfix/master[82362]: fatal: chmod socket private/smtpd: Invalid argument
2025-12-11T06:12:00.748006+00:00 mail postfix/postfix-script[82440]: starting the Postfix mail system
2025-12-11T06:12:00.755221+00:00 mail postfix/master[82441]: fatal: chmod socket private/smtpd: Invalid argument
2025-12-11T06:12:06.442313+00:00 mail postfix/postfix-script[82519]: starting the Postfix mail system
2025-12-11T06:12:06.450380+00:00 mail postfix/master[82520]: fatal: chmod socket private/smtpd: Invalid argument
2025-12-11T06:12:13.100877+00:00 mail postfix/postfix-script[82598]: starting the Postfix mail system
2025-12-11T06:12:13.113027+00:00 mail postfix/master[82599]: fatal: chmod socket private/smtpd: Invalid argument
2025-12-11T06:12:19.295044+00:00 mail postfix/postfix-script[82677]: starting the Postfix mail system
2025-12-11T06:12:19.309236+00:00 mail postfix/master[82678]: fatal: chmod socket private/smtpd: Invalid argument
2025-12-11T06:12:25.551453+00:00 mail postfix/postfix-script[82756]: starting the Postfix mail system
2025-12-11T06:12:25.567054+00:00 mail postfix/master[82757]: fatal: chmod socket private/smtpd: Invalid argument
2025-12-11T06:12:32.208105+00:00 mail postfix/postfix-script[82838]: starting the Postfix mail system
2025-12-11T06:12:32.232237+00:00 mail postfix/master[82839]: fatal: chmod socket private/smtpd: Invalid argument
2025-12-11T06:12:39.214414+00:00 mail postfix/postfix-script[82917]: starting the Postfix mail system
2025-12-11T06:12:39.235003+00:00 mail postfix/master[82918]: fatal: chmod socket private/smtpd: Invalid argument
2025-12-11T06:12:45.348075+00:00 mail postfix/postfix-script[82996]: starting the Postfix mail system
2025-12-11T06:12:45.367011+00:00 mail postfix/master[82997]: fatal: chmod socket private/smtpd: Invalid argument
2025-12-11T06:12:51.952485+00:00 mail postfix/postfix-script[83075]: starting the Postfix mail system
2025-12-11T06:12:51.974050+00:00 mail postfix/master[83076]: fatal: chmod socket private/smtpd: Invalid argument
2025-12-11T06:12:57.589873+00:00 mail postfix/postfix-script[83154]: starting the Postfix mail system
2025-12-11T06:12:57.618433+00:00 mail postfix/master[83155]: fatal: chmod socket private/smtpd: Invalid argument
2025-12-11T06:13:30.219685+00:00 mail postfix/postfix-script[83243]: starting the Postfix mail system
2025-12-11T06:13:33.476081+00:00 mail postfix/master[83244]: fatal: remove private/smtpd: Operation not supported
2025-12-11T06:14:06.742280+00:00 mail postfix/postfix-script[83325]: starting the Postfix mail system
2025-12-11T06:14:06.777762+00:00 mail postfix/master[83326]: fatal: chmod socket private/smtpd: Invalid argument
2025-12-11T06:14:52.393394+00:00 mail postfix/postfix-script[83421]: starting the Postfix mail system
2025-12-11T06:14:52.432968+00:00 mail postfix/master[83422]: fatal: chmod socket private/smtpd: Invalid argument
2025-12-11T06:14:55.377292+00:00 mail amavis[83334]: starting. /usr/sbin/amavisd at mail.localhost amavis-2.13.0 (20230106), Unicode aware, LC_CTYPE="C.UTF-8"
2025-12-11T06:14:55.377555+00:00 mail amavis[83334]: perl=5.036000, user=, EUID: 999 (999);  group=(), EGID: 999 999 (999 999)
2025-12-11T06:14:55.614892+00:00 mail amavis[83334]: (!)Net::Server: 2025/12/11-06:14:55 Can't connect to UNIX socket at file /var/lib/amavis/amavisd.sock [Operation not supported]\n  at line 66 in file /usr/share/perl5/Net/Server/Proto/UNIX.pm
2025-12-11T06:15:36.695998+00:00 mail postfix/postfix-script[83525]: starting the Postfix mail system
2025-12-11T06:15:37.739345+00:00 mail postfix/master[83529]: fatal: remove private/smtpd: Operation not supported
2025-12-11T06:18:02.463161+00:00 mail postfix/postfix-script[83650]: starting the Postfix mail system
2025-12-11T06:18:02.511808+00:00 mail postfix/master[83651]: fatal: chmod socket private/smtpd: Invalid argument
2025-12-11T06:19:03.594549+00:00 mail postfix/postdrop[83669]: warning: unable to look up public/pickup: No such file or directory
2025-12-11T06:19:21.068284+00:00 mail amavis[83628]: starting. /usr/sbin/amavisd at mail.localhost amavis-2.13.0 (20230106), Unicode aware, LC_CTYPE="C.UTF-8"
2025-12-11T06:19:21.068526+00:00 mail amavis[83628]: perl=5.036000, user=, EUID: 999 (999);  group=(), EGID: 999 999 (999 999)
2025-12-11T06:19:24.309400+00:00 mail amavis[83628]: (!)Net::Server: 2025/12/11-06:19:24 Can't connect to UNIX socket at file /var/lib/amavis/amavisd.sock [Operation not supported]\n  at line 66 in file /usr/share/perl5/Net/Server/Proto/UNIX.pm
2025-12-11T06:20:08.198865+00:00 mail dovecot: master: Dovecot v2.3.19.1 (9b53102964) starting up for imap, lmtp (core dumps disabled)
2025-12-11T06:20:10.577352+00:00 mail opendkim[210]: OpenDKIM Filter v2.11.0 starting (args: -f)
2025-12-11T06:20:11.680412+00:00 mail opendmarc[219]: OpenDMARC Filter v1.4.2 starting (args: -f -p inet:8893@localhost -P /var/run/opendmarc/opendmarc.pid)
2025-12-11T06:20:11.680437+00:00 mail opendmarc[219]: additional trusted authentication services: mail.localhost
2025-12-11T06:20:14.742980+00:00 mail postfix/postsuper[278]: Renamed to match inode number: 1 message
2025-12-11T06:20:14.743010+00:00 mail postfix/postsuper[278]: warning: QUEUE FILE NAMES WERE CHANGED TO MATCH INODE NUMBERS
2025-12-11T06:20:14.940601+00:00 mail postfix/postfix-script[303]: warning: not owned by postfix: /var/spool/postfix/defer/8
2025-12-11T06:20:15.057076+00:00 mail postfix/postfix-script[309]: starting the Postfix mail system
2025-12-11T06:20:15.109368+00:00 mail postfix/master[310]: fatal: chmod socket private/smtpd: Invalid argument
2025-12-11T06:20:17.825083+00:00 mail amavis[276]: starting. /usr/sbin/amavisd at mail.localhost amavis-2.13.0 (20230106), Unicode aware, LC_CTYPE="C.UTF-8"
2025-12-11T06:20:17.825426+00:00 mail amavis[276]: perl=5.036000, user=, EUID: 999 (999);  group=(), EGID: 999 999 (999 999)
2025-12-11T06:20:17.970822+00:00 mail amavis[276]: Net::Server: Group Not Defined.  Defaulting to EGID '999 999'
2025-12-11T06:20:17.971168+00:00 mail amavis[276]: Net::Server: User Not Defined.  Defaulting to EUID '999'
2025-12-11T06:20:18.011113+00:00 mail amavis[276]: No ext program for   .zoo, tried: zoo
2025-12-11T06:20:18.011708+00:00 mail amavis[276]: No ext program for   .doc, tried: ripole
2025-12-11T06:20:18.013683+00:00 mail amavis[276]: No ext program for   .zst, tried: unzstd
2025-12-11T06:20:18.013761+00:00 mail amavis[276]: No decoder for       .F   
2025-12-11T06:20:18.013785+00:00 mail amavis[276]: No decoder for       .doc 
2025-12-11T06:20:18.013806+00:00 mail amavis[276]: No decoder for       .zoo 
2025-12-11T06:20:18.013826+00:00 mail amavis[276]: No decoder for       .zst 
2025-12-11T06:20:21.303741+00:00 mail postfix/postfix-script[429]: warning: not owned by postfix: /var/spool/postfix/defer/8
2025-12-11T06:20:21.373004+00:00 mail postfix/postfix-script[435]: starting the Postfix mail system
2025-12-11T06:20:21.394532+00:00 mail postfix/master[436]: fatal: chmod socket private/smtpd: Invalid argument
2025-12-11T06:20:27.524714+00:00 mail postfix/postfix-script[509]: warning: not owned by postfix: /var/spool/postfix/defer/8
2025-12-11T06:20:27.594289+00:00 mail postfix/postfix-script[515]: starting the Postfix mail system
2025-12-11T06:20:27.616674+00:00 mail postfix/master[516]: fatal: chmod socket private/smtpd: Invalid argument
2025-12-11T06:20:34.540710+00:00 mail postfix/postsuper[567]: Renamed to match inode number: 1 message
2025-12-11T06:20:34.540730+00:00 mail postfix/postsuper[567]: warning: QUEUE FILE NAMES WERE CHANGED TO MATCH INODE NUMBERS
2025-12-11T06:20:34.786014+00:00 mail postfix/postfix-script[589]: warning: not owned by postfix: /var/spool/postfix/defer/8
2025-12-11T06:20:34.905557+00:00 mail postfix/postfix-script[598]: starting the Postfix mail system
2025-12-11T06:20:34.932380+00:00 mail postfix/master[599]: fatal: chmod socket private/smtpd: Invalid argument
2025-12-11T06:21:04.226464+00:00 mail postfix/postsuper[651]: Renamed to match inode number: 1 message
2025-12-11T06:21:04.226484+00:00 mail postfix/postsuper[651]: warning: QUEUE FILE NAMES WERE CHANGED TO MATCH INODE NUMBERS
2025-12-11T06:21:04.389567+00:00 mail postfix/postfix-script[673]: warning: not owned by postfix: /var/spool/postfix/defer/8
2025-12-11T06:21:04.487894+00:00 mail postfix/postfix-script[683]: starting the Postfix mail system
2025-12-11T06:21:04.509434+00:00 mail postfix/master[684]: fatal: chmod socket private/smtpd: Invalid argument
2025-12-11T06:21:06.015325+00:00 mail amavis[608]: starting. /usr/sbin/amavisd at mail.localhost amavis-2.13.0 (20230106), Unicode aware, LC_CTYPE="C.UTF-8"
2025-12-11T06:21:06.015434+00:00 mail amavis[608]: perl=5.036000, user=, EUID: 999 (999);  group=(), EGID: 999 999 (999 999)
2025-12-11T06:21:06.191224+00:00 mail amavis[608]: (!)Net::Server: 2025/12/11-06:21:06 Can't connect to UNIX socket at file /var/lib/amavis/amavisd.sock [Operation not supported]\n  at line 66 in file /usr/share/perl5/Net/Server/Proto/UNIX.pm
2025-12-11T06:21:09.262276+00:00 mail amavis[698]: starting. /usr/sbin/amavisd at mail.localhost amavis-2.13.0 (20230106), Unicode aware, LC_CTYPE="C.UTF-8"
2025-12-11T06:21:09.262377+00:00 mail amavis[698]: perl=5.036000, user=, EUID: 999 (999);  group=(), EGID: 999 999 (999 999)
2025-12-11T06:21:09.378865+00:00 mail amavis[698]: (!)Net::Server: 2025/12/11-06:21:09 Can't connect to UNIX socket at file /var/lib/amavis/amavisd.sock [Operation not supported]\n  at line 66 in file /usr/share/perl5/Net/Server/Proto/UNIX.pm
2025-12-11T06:21:10.819071+00:00 mail postfix/postsuper[760]: Renamed to match inode number: 1 message
2025-12-11T06:21:10.819154+00:00 mail postfix/postsuper[760]: warning: QUEUE FILE NAMES WERE CHANGED TO MATCH INODE NUMBERS
2025-12-11T06:21:10.982042+00:00 mail postfix/postfix-script[785]: warning: not owned by postfix: /var/spool/postfix/defer/8
2025-12-11T06:21:11.047016+00:00 mail postfix/postfix-script[797]: starting the Postfix mail system
2025-12-11T06:21:11.071410+00:00 mail postfix/master[798]: fatal: chmod socket private/smtpd: Invalid argument
2025-12-11T06:22:55.278336+00:00 mail amavis[719]: starting. /usr/sbin/amavisd at mail.localhost amavis-2.13.0 (20230106), Unicode aware, LC_CTYPE="C.UTF-8"
2025-12-11T06:22:55.278449+00:00 mail amavis[719]: perl=5.036000, user=, EUID: 999 (999);  group=(), EGID: 999 999 (999 999)
2025-12-11T06:22:55.438637+00:00 mail amavis[719]: (!)Net::Server: 2025/12/11-06:22:55 Can't connect to UNIX socket at file /var/lib/amavis/amavisd.sock [Operation not supported]\n  at line 66 in file /usr/share/perl5/Net/Server/Proto/UNIX.pm
2025-12-11T06:22:56.650879+00:00 mail postfix/postsuper[854]: Renamed to match inode number: 1 message
2025-12-11T06:22:56.650897+00:00 mail postfix/postsuper[854]: warning: QUEUE FILE NAMES WERE CHANGED TO MATCH INODE NUMBERS
2025-12-11T06:22:56.784786+00:00 mail postfix/postfix-script[876]: warning: not owned by postfix: /var/spool/postfix/defer/8
2025-12-11T06:22:56.840723+00:00 mail postfix/postfix-script[884]: starting the Postfix mail system
2025-12-11T06:22:56.858894+00:00 mail postfix/master[886]: fatal: chmod socket private/smtpd: Invalid argument
2025-12-11T06:22:58.151417+00:00 mail amavis[813]: starting. /usr/sbin/amavisd at mail.localhost amavis-2.13.0 (20230106), Unicode aware, LC_CTYPE="C.UTF-8"
2025-12-11T06:22:58.151659+00:00 mail amavis[813]: perl=5.036000, user=, EUID: 999 (999);  group=(), EGID: 999 999 (999 999)
2025-12-11T06:22:58.201600+00:00 mail amavis[813]: (!)Net::Server: 2025/12/11-06:22:58 Can't connect to UNIX socket at file /var/lib/amavis/amavisd.sock [Operation not supported]\n  at line 66 in file /usr/share/perl5/Net/Server/Proto/UNIX.pm
2025-12-11T06:23:01.106735+00:00 mail amavis[900]: starting. /usr/sbin/amavisd at mail.localhost amavis-2.13.0 (20230106), Unicode aware, LC_CTYPE="C.UTF-8"
2025-12-11T06:23:01.106871+00:00 mail amavis[900]: perl=5.036000, user=, EUID: 999 (999);  group=(), EGID: 999 999 (999 999)
2025-12-11T06:23:01.186633+00:00 mail amavis[900]: (!)Net::Server: 2025/12/11-06:23:01 Can't connect to UNIX socket at file /var/lib/amavis/amavisd.sock [Operation not supported]\n  at line 66 in file /usr/share/perl5/Net/Server/Proto/UNIX.pm
2025-12-11T06:23:02.342728+00:00 mail postfix/postfix-script[984]: warning: not owned by postfix: /var/spool/postfix/defer/8
2025-12-11T06:23:02.401497+00:00 mail postfix/postfix-script[990]: starting the Postfix mail system
2025-12-11T06:23:02.425668+00:00 mail postfix/master[991]: fatal: chmod socket private/smtpd: Invalid argument
2025-12-11T06:23:04.316730+00:00 mail amavis[946]: starting. /usr/sbin/amavisd at mail.localhost amavis-2.13.0 (20230106), Unicode aware, LC_CTYPE="C.UTF-8"
2025-12-11T06:23:04.316865+00:00 mail amavis[946]: perl=5.036000, user=, EUID: 999 (999);  group=(), EGID: 999 999 (999 999)
2025-12-11T06:23:04.391794+00:00 mail amavis[946]: (!)Net::Server: 2025/12/11-06:23:04 Can't connect to UNIX socket at file /var/lib/amavis/amavisd.sock [Operation not supported]\n  at line 66 in file /usr/share/perl5/Net/Server/Proto/UNIX.pm
2025-12-11T06:23:06.949980+00:00 mail amavis[1008]: starting. /usr/sbin/amavisd at mail.localhost amavis-2.13.0 (20230106), Unicode aware, LC_CTYPE="C.UTF-8"
2025-12-11T06:23:06.950188+00:00 mail amavis[1008]: perl=5.036000, user=, EUID: 999 (999);  group=(), EGID: 999 999 (999 999)
2025-12-11T06:23:06.993968+00:00 mail amavis[1008]: (!)Net::Server: 2025/12/11-06:23:06 Can't connect to UNIX socket at file /var/lib/amavis/amavisd.sock [Operation not supported]\n  at line 66 in file /usr/share/perl5/Net/Server/Proto/UNIX.pm
2025-12-11T06:23:08.175396+00:00 mail postfix/postfix-script[1092]: warning: not owned by postfix: /var/spool/postfix/defer/8
2025-12-11T06:23:08.709599+00:00 mail postfix/postfix-script[1098]: starting the Postfix mail system
2025-12-11T06:23:09.042845+00:00 mail postfix/master[1099]: fatal: chmod socket private/smtpd: Invalid argument
2025-12-11T06:23:11.044669+00:00 mail amavis[1068]: starting. /usr/sbin/amavisd at mail.localhost amavis-2.13.0 (20230106), Unicode aware, LC_CTYPE="C.UTF-8"
2025-12-11T06:23:11.044772+00:00 mail amavis[1068]: perl=5.036000, user=, EUID: 999 (999);  group=(), EGID: 999 999 (999 999)
2025-12-11T06:23:11.111920+00:00 mail amavis[1068]: (!)Net::Server: 2025/12/11-06:23:11 Can't connect to UNIX socket at file /var/lib/amavis/amavisd.sock [Operation not supported]\n  at line 66 in file /usr/share/perl5/Net/Server/Proto/UNIX.pm
2025-12-11T06:23:14.033515+00:00 mail amavis[1119]: starting. /usr/sbin/amavisd at mail.localhost amavis-2.13.0 (20230106), Unicode aware, LC_CTYPE="C.UTF-8"
2025-12-11T06:23:14.033662+00:00 mail amavis[1119]: perl=5.036000, user=, EUID: 999 (999);  group=(), EGID: 999 999 (999 999)
2025-12-11T06:23:14.085775+00:00 mail amavis[1119]: (!)Net::Server: 2025/12/11-06:23:14 Can't connect to UNIX socket at file /var/lib/amavis/amavisd.sock [Operation not supported]\n  at line 66 in file /usr/share/perl5/Net/Server/Proto/UNIX.pm
2025-12-11T06:23:14.190629+00:00 mail postfix/postfix-script[1199]: warning: not owned by postfix: /var/spool/postfix/defer/8
2025-12-11T06:23:14.252564+00:00 mail postfix/postfix-script[1205]: starting the Postfix mail system
2025-12-11T06:23:14.272114+00:00 mail postfix/master[1206]: fatal: chmod socket private/smtpd: Invalid argument
2025-12-11T06:23:16.971677+00:00 mail amavis[1207]: starting. /usr/sbin/amavisd at mail.localhost amavis-2.13.0 (20230106), Unicode aware, LC_CTYPE="C.UTF-8"
2025-12-11T06:23:16.971744+00:00 mail amavis[1207]: perl=5.036000, user=, EUID: 999 (999);  group=(), EGID: 999 999 (999 999)
2025-12-11T06:23:17.022385+00:00 mail amavis[1207]: (!)Net::Server: 2025/12/11-06:23:17 Can't connect to UNIX socket at file /var/lib/amavis/amavisd.sock [Operation not supported]\n  at line 66 in file /usr/share/perl5/Net/Server/Proto/UNIX.pm
2025-12-11T06:23:20.106468+00:00 mail amavis[1227]: starting. /usr/sbin/amavisd at mail.localhost amavis-2.13.0 (20230106), Unicode aware, LC_CTYPE="C.UTF-8"
2025-12-11T06:23:20.108564+00:00 mail amavis[1227]: perl=5.036000, user=, EUID: 999 (999);  group=(), EGID: 999 999 (999 999)
2025-12-11T06:23:20.166609+00:00 mail amavis[1227]: (!)Net::Server: 2025/12/11-06:23:20 Can't connect to UNIX socket at file /var/lib/amavis/amavisd.sock [Operation not supported]\n  at line 66 in file /usr/share/perl5/Net/Server/Proto/UNIX.pm
2025-12-11T06:23:20.399789+00:00 mail postfix/postfix-script[1307]: warning: not owned by postfix: /var/spool/postfix/defer/8
2025-12-11T06:23:20.454481+00:00 mail postfix/postfix-script[1313]: starting the Postfix mail system
2025-12-11T06:23:20.467695+00:00 mail postfix/master[1314]: fatal: chmod socket private/smtpd: Invalid argument
2025-12-11T06:23:22.839713+00:00 mail amavis[1315]: starting. /usr/sbin/amavisd at mail.localhost amavis-2.13.0 (20230106), Unicode aware, LC_CTYPE="C.UTF-8"
2025-12-11T06:23:22.839850+00:00 mail amavis[1315]: perl=5.036000, user=, EUID: 999 (999);  group=(), EGID: 999 999 (999 999)
2025-12-11T06:23:22.892819+00:00 mail amavis[1315]: (!)Net::Server: 2025/12/11-06:23:22 Can't connect to UNIX socket at file /var/lib/amavis/amavisd.sock [Operation not supported]\n  at line 66 in file /usr/share/perl5/Net/Server/Proto/UNIX.pm
2025-12-11T06:23:26.176043+00:00 mail amavis[1335]: starting. /usr/sbin/amavisd at mail.localhost amavis-2.13.0 (20230106), Unicode aware, LC_CTYPE="C.UTF-8"
2025-12-11T06:23:26.176105+00:00 mail amavis[1335]: perl=5.036000, user=, EUID: 999 (999);  group=(), EGID: 999 999 (999 999)
2025-12-11T06:23:26.230984+00:00 mail amavis[1335]: (!)Net::Server: 2025/12/11-06:23:26 Can't connect to UNIX socket at file /var/lib/amavis/amavisd.sock [Operation not supported]\n  at line 66 in file /usr/share/perl5/Net/Server/Proto/UNIX.pm
2025-12-11T06:23:26.744491+00:00 mail postfix/postfix-script[1415]: warning: not owned by postfix: /var/spool/postfix/defer/8
2025-12-11T06:23:26.814544+00:00 mail postfix/postfix-script[1421]: starting the Postfix mail system
2025-12-11T06:23:26.836081+00:00 mail postfix/master[1422]: fatal: chmod socket private/smtpd: Invalid argument
2025-12-11T06:23:29.802760+00:00 mail amavis[1423]: starting. /usr/sbin/amavisd at mail.localhost amavis-2.13.0 (20230106), Unicode aware, LC_CTYPE="C.UTF-8"
2025-12-11T06:23:29.802848+00:00 mail amavis[1423]: perl=5.036000, user=, EUID: 999 (999);  group=(), EGID: 999 999 (999 999)
2025-12-11T06:23:29.869256+00:00 mail amavis[1423]: (!)Net::Server: 2025/12/11-06:23:29 Can't connect to UNIX socket at file /var/lib/amavis/amavisd.sock [Operation not supported]\n  at line 66 in file /usr/share/perl5/Net/Server/Proto/UNIX.pm
2025-12-11T06:23:33.111373+00:00 mail postfix/postfix-script[1522]: warning: not owned by postfix: /var/spool/postfix/defer/8
2025-12-11T06:23:33.183608+00:00 mail postfix/postfix-script[1529]: starting the Postfix mail system
2025-12-11T06:23:33.202577+00:00 mail postfix/master[1530]: fatal: chmod socket private/smtpd: Invalid argument
2025-12-11T06:23:33.464604+00:00 mail amavis[1443]: starting. /usr/sbin/amavisd at mail.localhost amavis-2.13.0 (20230106), Unicode aware, LC_CTYPE="C.UTF-8"
2025-12-11T06:23:33.465012+00:00 mail amavis[1443]: perl=5.036000, user=, EUID: 999 (999);  group=(), EGID: 999 999 (999 999)
2025-12-11T06:23:33.536010+00:00 mail amavis[1443]: (!)Net::Server: 2025/12/11-06:23:33 Can't connect to UNIX socket at file /var/lib/amavis/amavisd.sock [Operation not supported]\n  at line 66 in file /usr/share/perl5/Net/Server/Proto/UNIX.pm
2025-12-11T06:23:36.610439+00:00 mail amavis[1534]: starting. /usr/sbin/amavisd at mail.localhost amavis-2.13.0 (20230106), Unicode aware, LC_CTYPE="C.UTF-8"
2025-12-11T06:23:36.610589+00:00 mail amavis[1534]: perl=5.036000, user=, EUID: 999 (999);  group=(), EGID: 999 999 (999 999)
2025-12-11T06:23:36.664139+00:00 mail amavis[1534]: (!)Net::Server: 2025/12/11-06:23:36 Can't connect to UNIX socket at file /var/lib/amavis/amavisd.sock [Operation not supported]\n  at line 66 in file /usr/share/perl5/Net/Server/Proto/UNIX.pm
2025-12-11T06:23:39.102252+00:00 mail amavis[1551]: starting. /usr/sbin/amavisd at mail.localhost amavis-2.13.0 (20230106), Unicode aware, LC_CTYPE="C.UTF-8"
2025-12-11T06:23:39.102403+00:00 mail amavis[1551]: perl=5.036000, user=, EUID: 999 (999);  group=(), EGID: 999 999 (999 999)
2025-12-11T06:23:39.166634+00:00 mail amavis[1551]: (!)Net::Server: 2025/12/11-06:23:39 Can't connect to UNIX socket at file /var/lib/amavis/amavisd.sock [Operation not supported]\n  at line 66 in file /usr/share/perl5/Net/Server/Proto/UNIX.pm
2025-12-11T06:23:39.281429+00:00 mail postfix/postfix-script[1631]: warning: not owned by postfix: /var/spool/postfix/defer/8
2025-12-11T06:23:39.341896+00:00 mail postfix/postfix-script[1637]: starting the Postfix mail system
2025-12-11T06:23:39.359361+00:00 mail postfix/master[1638]: fatal: chmod socket private/smtpd: Invalid argument
2025-12-11T06:23:42.243608+00:00 mail amavis[1642]: starting. /usr/sbin/amavisd at mail.localhost amavis-2.13.0 (20230106), Unicode aware, LC_CTYPE="C.UTF-8"
2025-12-11T06:23:42.244037+00:00 mail amavis[1642]: perl=5.036000, user=, EUID: 999 (999);  group=(), EGID: 999 999 (999 999)
2025-12-11T06:23:42.298693+00:00 mail amavis[1642]: (!)Net::Server: 2025/12/11-06:23:42 Can't connect to UNIX socket at file /var/lib/amavis/amavisd.sock [Operation not supported]\n  at line 66 in file /usr/share/perl5/Net/Server/Proto/UNIX.pm
2025-12-11T06:23:44.650252+00:00 mail postfix/postfix-script[1733]: warning: not owned by postfix: /var/spool/postfix/defer/8
2025-12-11T06:23:44.717420+00:00 mail postfix/postfix-script[1739]: starting the Postfix mail system
2025-12-11T06:23:44.733604+00:00 mail postfix/master[1740]: fatal: chmod socket private/smtpd: Invalid argument
2025-12-11T06:23:45.295159+00:00 mail amavis[1659]: starting. /usr/sbin/amavisd at mail.localhost amavis-2.13.0 (20230106), Unicode aware, LC_CTYPE="C.UTF-8"
2025-12-11T06:23:45.295332+00:00 mail amavis[1659]: perl=5.036000, user=, EUID: 999 (999);  group=(), EGID: 999 999 (999 999)
2025-12-11T06:23:45.349870+00:00 mail amavis[1659]: (!)Net::Server: 2025/12/11-06:23:45 Can't connect to UNIX socket at file /var/lib/amavis/amavisd.sock [Operation not supported]\n  at line 66 in file /usr/share/perl5/Net/Server/Proto/UNIX.pm
2025-12-11T06:23:48.241654+00:00 mail amavis[1750]: starting. /usr/sbin/amavisd at mail.localhost amavis-2.13.0 (20230106), Unicode aware, LC_CTYPE="C.UTF-8"
2025-12-11T06:23:48.241816+00:00 mail amavis[1750]: perl=5.036000, user=, EUID: 999 (999);  group=(), EGID: 999 999 (999 999)
2025-12-11T06:23:48.301657+00:00 mail amavis[1750]: (!)Net::Server: 2025/12/11-06:23:48 Can't connect to UNIX socket at file /var/lib/amavis/amavisd.sock [Operation not supported]\n  at line 66 in file /usr/share/perl5/Net/Server/Proto/UNIX.pm
2025-12-11T06:23:49.844395+00:00 mail postfix/postfix-script[1841]: warning: not owned by postfix: /var/spool/postfix/defer/8
2025-12-11T06:23:49.923338+00:00 mail postfix/postfix-script[1847]: starting the Postfix mail system
2025-12-11T06:23:49.939991+00:00 mail postfix/master[1848]: fatal: chmod socket private/smtpd: Invalid argument
2025-12-11T06:23:50.834379+00:00 mail amavis[1767]: starting. /usr/sbin/amavisd at mail.localhost amavis-2.13.0 (20230106), Unicode aware, LC_CTYPE="C.UTF-8"
2025-12-11T06:23:50.834449+00:00 mail amavis[1767]: perl=5.036000, user=, EUID: 999 (999);  group=(), EGID: 999 999 (999 999)
2025-12-11T06:23:50.889242+00:00 mail amavis[1767]: (!)Net::Server: 2025/12/11-06:23:50 Can't connect to UNIX socket at file /var/lib/amavis/amavisd.sock [Operation not supported]\n  at line 66 in file /usr/share/perl5/Net/Server/Proto/UNIX.pm
2025-12-11T06:23:53.960768+00:00 mail amavis[1858]: starting. /usr/sbin/amavisd at mail.localhost amavis-2.13.0 (20230106), Unicode aware, LC_CTYPE="C.UTF-8"
2025-12-11T06:23:53.961243+00:00 mail amavis[1858]: perl=5.036000, user=, EUID: 999 (999);  group=(), EGID: 999 999 (999 999)
2025-12-11T06:23:54.018362+00:00 mail amavis[1858]: (!)Net::Server: 2025/12/11-06:23:54 Can't connect to UNIX socket at file /var/lib/amavis/amavisd.sock [Operation not supported]\n  at line 66 in file /usr/share/perl5/Net/Server/Proto/UNIX.pm
2025-12-11T06:23:56.097352+00:00 mail postfix/postfix-script[1949]: warning: not owned by postfix: /var/spool/postfix/defer/8
2025-12-11T06:23:56.190269+00:00 mail postfix/postfix-script[1955]: starting the Postfix mail system
2025-12-11T06:23:56.212225+00:00 mail postfix/master[1956]: fatal: chmod socket private/smtpd: Invalid argument
2025-12-11T06:23:56.519075+00:00 mail amavis[1875]: starting. /usr/sbin/amavisd at mail.localhost amavis-2.13.0 (20230106), Unicode aware, LC_CTYPE="C.UTF-8"
2025-12-11T06:23:56.519224+00:00 mail amavis[1875]: perl=5.036000, user=, EUID: 999 (999);  group=(), EGID: 999 999 (999 999)
2025-12-11T06:23:56.577773+00:00 mail amavis[1875]: (!)Net::Server: 2025/12/11-06:23:56 Can't connect to UNIX socket at file /var/lib/amavis/amavisd.sock [Operation not supported]\n  at line 66 in file /usr/share/perl5/Net/Server/Proto/UNIX.pm
2025-12-11T06:24:03.175359+00:00 mail amavis[1963]: starting. /usr/sbin/amavisd at mail.localhost amavis-2.13.0 (20230106), Unicode aware, LC_CTYPE="C.UTF-8"
2025-12-11T06:24:03.179460+00:00 mail amavis[1963]: perl=5.036000, user=, EUID: 999 (999);  group=(), EGID: 999 999 (999 999)
2025-12-11T06:24:03.246343+00:00 mail postfix/postfix-script[2049]: warning: not owned by postfix: /var/spool/postfix/defer/8
2025-12-11T06:24:03.270119+00:00 mail amavis[1963]: (!)Net::Server: 2025/12/11-06:24:03 Can't connect to UNIX socket at file /var/lib/amavis/amavisd.sock [Operation not supported]\n  at line 66 in file /usr/share/perl5/Net/Server/Proto/UNIX.pm
2025-12-11T06:24:03.336524+00:00 mail postfix/postfix-script[2055]: starting the Postfix mail system
2025-12-11T06:24:03.367123+00:00 mail postfix/master[2056]: fatal: chmod socket private/smtpd: Invalid argument
2025-12-11T06:24:06.705815+00:00 mail amavis[2057]: starting. /usr/sbin/amavisd at mail.localhost amavis-2.13.0 (20230106), Unicode aware, LC_CTYPE="C.UTF-8"
2025-12-11T06:24:06.705924+00:00 mail amavis[2057]: perl=5.036000, user=, EUID: 999 (999);  group=(), EGID: 999 999 (999 999)
2025-12-11T06:24:06.790054+00:00 mail amavis[2057]: (!)Net::Server: 2025/12/11-06:24:06 Can't connect to UNIX socket at file /var/lib/amavis/amavisd.sock [Operation not supported]\n  at line 66 in file /usr/share/perl5/Net/Server/Proto/UNIX.pm
2025-12-11T06:24:08.074485+00:00 mail postfix/postfix-script[2141]: warning: not owned by postfix: /var/spool/postfix/defer/8
2025-12-11T06:24:08.156405+00:00 mail postfix/postfix-script[2154]: starting the Postfix mail system
2025-12-11T06:24:08.183293+00:00 mail postfix/master[2155]: fatal: chmod socket private/smtpd: Invalid argument
2025-12-11T06:24:09.449581+00:00 mail amavis[2078]: starting. /usr/sbin/amavisd at mail.localhost amavis-2.13.0 (20230106), Unicode aware, LC_CTYPE="C.UTF-8"
2025-12-11T06:24:09.450027+00:00 mail amavis[2078]: perl=5.036000, user=, EUID: 999 (999);  group=(), EGID: 999 999 (999 999)
2025-12-11T06:24:09.532166+00:00 mail amavis[2078]: (!)Net::Server: 2025/12/11-06:24:09 Can't connect to UNIX socket at file /var/lib/amavis/amavisd.sock [Operation not supported]\n  at line 66 in file /usr/share/perl5/Net/Server/Proto/UNIX.pm
2025-12-11T06:24:12.384286+00:00 mail amavis[2165]: starting. /usr/sbin/amavisd at mail.localhost amavis-2.13.0 (20230106), Unicode aware, LC_CTYPE="C.UTF-8"
2025-12-11T06:24:12.384516+00:00 mail amavis[2165]: perl=5.036000, user=, EUID: 999 (999);  group=(), EGID: 999 999 (999 999)
2025-12-11T06:24:12.463986+00:00 mail amavis[2165]: (!)Net::Server: 2025/12/11-06:24:12 Can't connect to UNIX socket at file /var/lib/amavis/amavisd.sock [Operation not supported]\n  at line 66 in file /usr/share/perl5/Net/Server/Proto/UNIX.pm
2025-12-11T06:24:13.838280+00:00 mail postfix/postfix-script[2249]: warning: not owned by postfix: /var/spool/postfix/defer/8
2025-12-11T06:24:13.914042+00:00 mail postfix/postfix-script[2255]: starting the Postfix mail system
2025-12-11T06:24:13.936913+00:00 mail postfix/master[2256]: fatal: chmod socket private/smtpd: Invalid argument
2025-12-11T06:24:16.792829+00:00 mail amavis[2203]: starting. /usr/sbin/amavisd at mail.localhost amavis-2.13.0 (20230106), Unicode aware, LC_CTYPE="C.UTF-8"
2025-12-11T06:24:16.792963+00:00 mail amavis[2203]: perl=5.036000, user=, EUID: 999 (999);  group=(), EGID: 999 999 (999 999)
2025-12-11T06:24:16.931173+00:00 mail amavis[2203]: (!)Net::Server: 2025/12/11-06:24:16 Can't connect to UNIX socket at file /var/lib/amavis/amavisd.sock [Operation not supported]\n  at line 66 in file /usr/share/perl5/Net/Server/Proto/UNIX.pm
2025-12-11T06:24:20.190251+00:00 mail amavis[2276]: starting. /usr/sbin/amavisd at mail.localhost amavis-2.13.0 (20230106), Unicode aware, LC_CTYPE="C.UTF-8"
2025-12-11T06:24:20.190515+00:00 mail amavis[2276]: perl=5.036000, user=, EUID: 999 (999);  group=(), EGID: 999 999 (999 999)
2025-12-11T06:24:20.297143+00:00 mail amavis[2276]: (!)Net::Server: 2025/12/11-06:24:20 Can't connect to UNIX socket at file /var/lib/amavis/amavisd.sock [Operation not supported]\n  at line 66 in file /usr/share/perl5/Net/Server/Proto/UNIX.pm
2025-12-11T06:24:20.431494+00:00 mail postfix/postsuper[2334]: Renamed to match inode number: 1 message
2025-12-11T06:24:20.431511+00:00 mail postfix/postsuper[2334]: warning: QUEUE FILE NAMES WERE CHANGED TO MATCH INODE NUMBERS
2025-12-11T06:24:20.643028+00:00 mail postfix/postfix-script[2359]: warning: not owned by postfix: /var/spool/postfix/defer/8
2025-12-11T06:24:20.746273+00:00 mail postfix/postfix-script[2366]: starting the Postfix mail system
2025-12-11T06:24:20.776781+00:00 mail postfix/master[2367]: fatal: chmod socket private/smtpd: Invalid argument
2025-12-11T06:24:23.390900+00:00 mail amavis[2337]: starting. /usr/sbin/amavisd at mail.localhost amavis-2.13.0 (20230106), Unicode aware, LC_CTYPE="C.UTF-8"
2025-12-11T06:24:23.395279+00:00 mail amavis[2337]: perl=5.036000, user=, EUID: 999 (999);  group=(), EGID: 999 999 (999 999)
2025-12-11T06:24:23.736174+00:00 mail amavis[2337]: (!)Net::Server: 2025/12/11-06:24:23 Can't connect to UNIX socket at file /var/lib/amavis/amavisd.sock [Operation not supported]\n  at line 66 in file /usr/share/perl5/Net/Server/Proto/UNIX.pm
2025-12-11T06:24:29.680170+00:00 mail amavis[2384]: starting. /usr/sbin/amavisd at mail.localhost amavis-2.13.0 (20230106), Unicode aware, LC_CTYPE="C.UTF-8"
2025-12-11T06:24:29.680528+00:00 mail amavis[2384]: perl=5.036000, user=, EUID: 999 (999);  group=(), EGID: 999 999 (999 999)
2025-12-11T06:24:29.823748+00:00 mail amavis[2384]: (!)Net::Server: 2025/12/11-06:24:29 Can't connect to UNIX socket at file /var/lib/amavis/amavisd.sock [Operation not supported]\n  at line 66 in file /usr/share/perl5/Net/Server/Proto/UNIX.pm
2025-12-11T06:24:29.867784+00:00 mail postfix/postsuper[2445]: Renamed to match inode number: 1 message
2025-12-11T06:24:29.867877+00:00 mail postfix/postsuper[2445]: warning: QUEUE FILE NAMES WERE CHANGED TO MATCH INODE NUMBERS
2025-12-11T06:24:30.020928+00:00 mail postfix/postfix-script[2468]: warning: not owned by postfix: /var/spool/postfix/defer/8
2025-12-11T06:24:30.093396+00:00 mail postfix/postfix-script[2474]: starting the Postfix mail system
2025-12-11T06:24:30.114333+00:00 mail postfix/master[2475]: fatal: chmod socket private/smtpd: Invalid argument
